store_id,domain_url,emails,phones,socials,category,description,logo_url,state,observed_at
1011a859ce4a4105,https://traya.health/,"[""customercare@traya.health"", ""legal@traya.health"", ""zahra@traya.health""]","[""+918828006272""]","{""Facebook"": [""https://facebook.com/traya.health""], ""Instagram"": [""https://instagram.com/traya.health""], ""LinkedIn"": [""https://linkedin.com/company/trayahealth""], ""X"": [""https://x.com/TrayaHealth""], ""YouTube"": [""https://youtube.com/@TrayaHealth""]}",,"Traya combines dermatology, Ayurveda, and nutrition to build customised hair loss plans that target the root cause delivering assured results.",https://traya.health/cdn/shop/files/TrayaLogoWhite_250x_73a5d7e5-bd9b-4089-8e81-80249caeac61.webp?v=1662534292,,2026-09-29T18:49:06.268381+00:00
3c2bb70e786591db,https://bluetokaicoffee.com/,"[""emandate@bluetokaicoffee.com"", ""getcoffee@bluetokai.com"", ""getcoffee@bluetokaicoffee.com"", ""getcoffee@buletokaicoffee.com"", ""rohit.b@buletokaicoffee.com""]","[""+919606047077""]","{""Facebook"": [""https://facebook.com/bluetokaicoffee""], ""Instagram"": [""https://instagram.com/bluetokaicoffee""], ""X"": [""https://x.com/bluetokaicoffee""]}",Coffee & tea,"Blue Tokai Coffee brings you fresh single estate 100% Arabica coffee beans, roasted with care, from the best farms across India. Order yours online now!",https://bluetokaicoffee.com/cdn/shop/files/logo-footer.png?v=1688108473&width=190,Haryana,2026-09-29T18:49:03.043496+00:00
44f499869dc7b89a,https://www.fabuliv.com/,"[""hello@fabuliv.com"", ""support@fabuliv.com""]","[""+917060141124"", ""+917827133144""]","{""Facebook"": [""https://facebook.com/fabuliv""], ""Instagram"": [""https://instagram.com/fabuliv_official""], ""X"": [""https://x.com/fabuliv""], ""YouTube"": [""https://youtube.com/@fabuliv6663""]}",Home & living,"Handcrafted furniture you’ll love, from Fabuliv. Quality materials, thoughtful design, honest pricing. Shop living, dining, bedroom & decor online. Easy EMI & Free Shipping.",https://www.fabuliv.com/cdn/shop/files/mobile_logo_105x.png?v=1614310395,Haryana,2026-09-29T18:49:24.366397+00:00
50b727e04654b534,https://wishingchair.in/,"[""avneet@wishingchair.in"", ""help@wishingchair.in"", ""info@wishingchair.in""]","[""+919319293140""]","{""Facebook"": [""https://facebook.com/wishingchair""], ""Instagram"": [""https://instagram.com/thewishingchair""], ""Pinterest"": [""https://pinterest.com/thewishingchair""]}",Home & living,"Quirky home decor, unique gifts & handpainted ceramics, designed in India since 2012. Shop mugs, serveware, vases, wall decor, candles & curated gift boxes. Loved by 240,000+ customers · 1,100+ 5★ reviews · free shipping above ₹1,999.",https://wishingchair.in/cdn/shop/files/Asset_3.png?v=1738663248&width=500,Delhi,2026-09-29T18:49:03.043496+00:00
5aabe2ab610178a3,https://sleepyowl.co/,"[""arman@sleepyowl.co"", ""business@sleepyowl.co"", ""events@sleepyowl.co"", ""hello@sleepyowl.co"", ""help@sleepyowl.co"", ""jobs@sleepyowl.co"", ""marketing@sleepyowl.co"", ""subscription@sleepyowl.co""]","[""+917303829900"", ""+918929908988""]","{""Facebook"": [""https://facebook.com/sleepyowlcoffee""], ""Instagram"": [""https://instagram.com/sleepyowlcoffee""], ""LinkedIn"": [""https://linkedin.com/company/sleepy-owl-coffee""], ""X"": [""https://x.com/sleepyowlcoffee""], ""YouTube"": [""https://youtube.com/channel/UCOC4AAvD10lxvVdnkFW51KQ""]}",Coffee & tea,Buy Instant coffee powder in India from the best coffee store. Sleepy Owl is a homegrown Indian Instant Coffee brand that offers flavored Instant Coffee online. Our coffee products include ✓Cold Brew ✓Hot Brew ✓Ready to Drink Cold Brew Bottles ✓Latte ✓Classic Filter Coffee ✓Merchandise. Shop now!,https://sleepyowl.co/cdn/shop/files/white_logo-min_90x.png?v=1653583605,Delhi,2026-09-29T18:49:00.907963+00:00
61d0ef9cf7604412,https://cosmix.in/,"[""grievanceoffice@cosmix.in"", ""info@cosmix.in"", ""partnerships@cosmix.in""]","[""+916366160553""]","{""Instagram"": [""https://instagram.com/_sarthakxgupta_"", ""https://instagram.com/akshayyadav.life"", ""https://instagram.com/ingit_triathlete"", ""https://instagram.com/khushali.savla"", ""https://instagram.com/ridhi.culous""]}",Food & nutrition,"Clinically-proven superfood solutions for every part of your health. Plant based supplements for mind and body. Loved and trusted by 80,000+. As seen in Vogue, Forbes, Grazia.",https://cosmix.in/cdn/shop/files/Cosmix_Logo.svg?v=1762154529&width=304,Karnataka,2026-09-29T18:49:06.485296+00:00
84b619960219d03b,https://www.yogabars.in/,"[""hello@yogabars.co.in"", ""hello@yogabars.in""]","[""+919606030616""]","{""Facebook"": [""https://facebook.com/yogabars""], ""Instagram"": [""https://instagram.com/yogabars.in""]}",Food & nutrition,"India's most loved nutrition-led food company. Muesli, Protein Bars, Energy Bars, Peanut Butters, and Gluten Free Oats that are friggin' delicious. All natural. No preservatives. Loaded with protein and fibre. Social Distancing from processed food and sugar. Free and Fast Delivery in India. Buy Now!",https://www.yogabars.in/cdn/shop/files/Group_1244831766_2.png?v=1782282537&width=600,Karnataka,2026-09-29T18:49:00.907963+00:00
a0590a1b71c1474b,https://twobrothersindiashop.com/,"[""ajinkya@twobrothersindia.com"", ""info@twobrothersindia.com"", ""kapil@twobrothersindia.com"", ""marketing@twobrothersindia.com"", ""mihir@twobrothersindia.com"", ""satyajit@twobrothersindia.com"", ""visit@twobrothersindia.com""]","[""+917406753753""]","{""Facebook"": [""https://facebook.com/twobrothersindiafarms""], ""Instagram"": [""https://instagram.com/twobrothersindiafarms""], ""LinkedIn"": [""https://linkedin.com/company/two-brothers-organic-farms""], ""YouTube"": [""https://youtube.com/channel/UCA0vf7vasw1D1PvUPVYDGOA""]}",Food & nutrition,"We are your farmers, delivering foods that is grown traditionally, with ancient techniques and heirloom seeds. No middle-men, source-tracable & clean-label food trusted by 2,50,000+ families worldwide.",https://twobrothersindiashop.com/cdn/shop/files/TBIF_Logo_For_Domestic-2.png?v=1785484468&width=250,Maharashtra,2026-09-29T18:49:36.939444+00:00
ab0b46565b67ac92,https://www.urbanmonkey.com/,"[""customer.care@urbanmonkey.com"", ""hello@urbanmonkey.com""]","[""+919702201195"", ""+919702207553"", ""+919967630898""]","{""Instagram"": [""https://instagram.com/urbanmonkeyindia""], ""YouTube"": [""https://youtube.com/channel/UCLrkhsE1dSd3gsnUeYnxrmQ""]}",Apparel,"Shop Urban Monkey's streetwear collection — caps, tees, hoodies, eyewear & bags. India's leading headwear brand. Free shipping & easy returns.",https://www.urbanmonkey.com/cdn/shop/files/UM_Logo.svg?v=1780896341,,2026-09-29T18:49:32.907601+00:00
c92fabbfd2543d7e,https://www.bluetribefoods.com/,"[""feedback@bluetribefoods.com""]","[""+9118002676190""]","{""Facebook"": [""https://facebook.com/bluetribefoods""], ""Instagram"": [""https://instagram.com/bluetribeofficial""], ""LinkedIn"": [""https://linkedin.com/company/blue-tribe-foods""], ""X"": [""https://x.com/bluetribefoods""], ""YouTube"": [""https://youtube.com/channel/UCusouFS8267Cbf5i3-K9FjA""]}",Food & nutrition,"Blue Tribe Foods is a pioneer in plant-based meat products. Our mission is to provide delicious, sustainable food for everyone by using best natural ingredients like peas & soy.",https://www.bluetribefoods.com/cdn/shop/files/bt-logo_100x.png?v=1614300062,Maharashtra,2026-09-29T18:49:36.939444+00:00
d081e5c2590b966d,https://www.mcaffeine.com/,"[""woot@mcaffeine.com""]","[""+919004079229"", ""+919004436043"", ""+919357933933""]","{""Facebook"": [""https://facebook.com/mcaffeine""], ""Instagram"": [""https://instagram.com/mcaffeineofficial""], ""YouTube"": [""https://youtube.com/@mcaffeine3716""]}",Coffee & tea,mCaffeine - India's first caffeinated brand for personal care. Give your hair and skin the best care with coffee-based vegan products. ✓ 5 million Happy Customers ✓ 4.7+ Rating ✓ SLS Free Products,https://www.mcaffeine.com/cdn/shop/files/mcaffeine_logo.png?v=1783685023&width=500,,2026-09-29T22:12:45.770927+00:00
d297c037f5f7b8ac,https://dohful.com/,"[""chaman@dohful.com"", ""hello@dohful.com""]","[""+917840099266"", ""+919667090369""]","{""Facebook"": [""https://facebook.com/dohful""], ""Instagram"": [""https://instagram.com/dohfulcookies""], ""LinkedIn"": [""https://linkedin.com/in/arushisachdeva"", ""https://linkedin.com/in/chamanraj""], ""X"": [""https://x.com/dohfulcookies""]}",Food & nutrition,"Eggless Handcrafted Cookies, beautifully packed and shipped all across India. New, unique flavours - Choco Brownie Cookies, Choco Chunk Cookies, Nutella Lava Cookies, Macadamia Nuts Cookies and many more.",https://dohful.com/cdn/shop/files/White_120_PxWhite_Logo.png?v=1613719725,Uttar Pradesh,2026-09-29T18:49:40.880446+00:00
f39d32923fa00c55,https://www.vahdam.in/,"[""help@vahdam.com"", ""help@vahdamteas.com""]","[""+912248972645"", ""+919818434252""]","{""Facebook"": [""https://facebook.com/vahdamindia""], ""Instagram"": [""https://instagram.com/vahdamindia""], ""LinkedIn"": [""https://linkedin.com/company/vahdam-teas""]}",Coffee & tea,"Explore VAHDAM® India's extensive range of Indian loose leaf teas & tea bags, including organic handpicked Green teas, Black teas, Oolong and more. Try our Curcumin, Moringa, and other supplements for a natural wellness boost every day!",https://www.vahdam.in/cdn/shop/files/Vahdam_logo.png?v=1775472979&width=280,,2026-09-29T18:49:50.498559+00:00
fb8d41f933c050aa,https://earthrhythm.com/,"[""business@earthrhythm.com"", ""support@earthrhythm.com""]","[""+919667797376"", ""+919958825846""]","{""Facebook"": [""https://facebook.com/theearthrhythm""], ""Instagram"": [""https://instagram.com/theearthrhythm""], ""LinkedIn"": [""https://linkedin.com/company/earth-rhythm""], ""X"": [""https://x.com/theearthrhythm""], ""YouTube"": [""https://youtube.com/c/EarthRhythm""]}",Skincare,Earth Rhythm is India’s 1st homegrown brand for smart and safe skincare. Visit and order today for the best skincare cosmetics by Earth Rhythm.,https://earthrhythm.com/cdn/shop/files/Logo_FOOTER.svg?v=1784198440&width=400,Haryana,2026-09-29T18:49:54.780884+00:00
19f13de3c581e383,https://www.nicobar.com/,"[""care@nicobar.com"", ""careers@nicobar.com"", ""corporate@nicobar.com"", ""marketingteam@nicobar.com"", ""pr@nicobar.com""]","[""+918588000150"", ""+919667296777""]","{""Instagram"": [""https://instagram.com/nicojournal""], ""LinkedIn"": [""https://linkedin.com/company/nicobar-designs-pvt.-ltd.""]}",,"Rooted in thoughtful design, Nicobar is creating a modern Indian way of living, dressing and looking at the world—through clothing, jewellery, and homeware that’s made to last.",,Delhi,2026-09-29T18:49:08.757002+00:00
a8f58083c791e8b1,https://phool.co/,"[""anup@phool.co"", ""bulk@phool.co"", ""hello@phool.co""]","[""+917408584112"", ""+917709782012"", ""+919561971350""]","{""Facebook"": [""https://facebook.com/phool.co""], ""Instagram"": [""https://instagram.com/phool.co""], ""LinkedIn"": [""https://linkedin.com/company/phool""], ""X"": [""https://x.com/reachouttophool""]}",Beauty & fragrance,Charcoal-free incense sticks and incense cones made from temple waste | PHOOL - world’s first incense store solving the monumental ‘temple-waste’ problem,https://phool.co/cdn/shop/files/Phool_Logo-01_3fcb3962-855c-4f08-b7ad-5334d9132e4b_480x.png?v=1613703076,Uttar Pradesh,2026-09-29T18:49:28.926247+00:00
b4deb4d08b3f78b4,https://nurserylive.com/,"[""care@nurserylive.com""]",[],"{""Facebook"": [""https://facebook.com/nurserylive""], ""Instagram"": [""https://instagram.com/nurserylive_""], ""LinkedIn"": [""https://linkedin.com/company/nurserylive""], ""Pinterest"": [""https://pinterest.com/nurserylive""], ""X"": [""https://x.com/nurserylive""]}",Plants & gardening,"Shop wide range of natural plants, miniature garden toys, pebbles & bulbs online in India. We delivers 6000+ nursery plants across all major cities in India.",https://nurserylive.com/cdn/shop/files/nurserylive-logo-200x60_845d5fab-9302-4c1d-81b5-14c7d99d739d_200x60.png?v=1613687286,Maharashtra,2026-09-29T18:49:40.882463+00:00
fbd1271e075c4307,https://rawmango.com/,"[""info@rawmango.in""]","[""+919599292725"", ""+919599384143""]","{""Facebook"": [""https://facebook.com/rawmangosanjaygarg""], ""Instagram"": [""https://instagram.com/raw_mango""], ""YouTube"": [""https://youtube.com/@raw_mango""]}",Apparel,"Raw Mango draws from the colours, philosophies and cultures of India to create a unique voice, questioning place and perspective through design.",https://rawmango.com/cdn/shop/files/Logo.svg?v=1726807369,Delhi,2026-09-29T22:14:00.737136+00:00
7bfaecb7a6264f43,https://www.oziss.in/,"[""info.oziss@gmail.com"", ""info@oziss.in"", ""oziss.info@gmail.com""]","[""+918287262740"", ""+919999175515""]",{},Apparel,"Sustainable fashion at OZiSS, India's premier online store for eco-friendly clothing. Discover climate-positive apparel collection for men and women. Embrace style with a purpose and dress sustainably at OZiSS.",https://www.oziss.in/cdn/shop/files/oziss-branding-bakuplogo_x20@2x.png?v=1616616475,Delhi,2026-09-29T20:33:43.686092+00:00
d47068cddd007dc6,https://suta.in/,"[""info@suta.in"", ""marketing@suta.in""]","[""+918045680200""]",{},Apparel,"Suta works with weavers across India to create affordable ethnic wear, such as handloom designer lehengas, sarees and blouses with back designs. Shop now for Suta's latest collections online and enjoy the best deals.",https://suta.in/cdn/shop/files/Suta_final_logo_7413d7f5-1ef5-4049-ac55-e6e6d32ddf29.png?v=1778065148&width=2283,Maharashtra,2026-09-29T22:12:56.003449+00:00
00724b9d73bd008a,https://peeperly.in/,"[""support@peeperly.in""]","[""+916283368630""]","{""Facebook"": [""https://facebook.com/peeperlyindia""], ""Instagram"": [""https://instagram.com/peeperlyofficial""], ""YouTube"": [""https://youtube.com/@peeperlyofficial""]}",Phone accessories,"Don't settle for boring old fashioned phone cases! Design is our passion, protection is our guarantee. Shop 100+ designer cases in marble, glitter, and camo to floral and more. Check out our latest phone cases collection.",https://peeperly.in/cdn/shop/files/04_1_200x.png?v=1643698945,Punjab,2026-09-29T21:52:57.351609+00:00
0095210f3b8d4e6d,https://anherb.com/,"[""ecomm@anherb.com"", ""info@anherb.com"", ""marketing@anherb.com""]","[""+917314045435""]","{""Facebook"": [""https://facebook.com/AnherbNatural""], ""Instagram"": [""https://instagram.com/anherb_natural""]}",,"Buy Best Natural Skin Care Products in India online for Face Care, Body Care, Hair Care, Sun Care and more at Anherb.com. Best products at best prices.",https://anherb.com/cdn/shop/files/logo_b19deb92-1c6d-402f-932f-b17523bcc25c.png?height=40&v=1705660160,Madhya Pradesh,2026-09-29T21:53:00.183946+00:00
01006c3cb6d038a7,https://myfitness.in/,"[""care@myfitness.co.in"", ""grievance@myfitness.com""]","[""+917096699111""]","{""Instagram"": [""https://instagram.com/myfitness""], ""YouTube"": [""https://youtube.com/@myfitness.official""]}",Food & nutrition,"India's No. 1 Peanut Butter Brand. US FDA registered, NABL lab tested. High-protein peanut butter with no added sugar or trans fat. Free delivery across India. ₹199+",https://myfitness.in/cdn/shop/files/new_logo_whote.svg?format=webp&v=1738134844&width=550,Haryana,2026-09-29T21:52:55.216148+00:00
04af38f4864bbb91,https://scooboo.in/,"[""corporate@scooboo.in"", ""support@scooboo.in""]","[""+918288880584"", ""+919875923993""]","{""Facebook"": [""https://facebook.com/Scooboo.in""], ""Instagram"": [""https://instagram.com/scooboo.in""], ""X"": [""https://x.com/ScoobooIn""], ""YouTube"": [""https://youtube.com/channel/UCuGR5Zk7v4zKDHeHh8wsV8Q""]}",Stationery & art,"Are you looking to buy stationery online in India? Visit Scooboo (art and craft shop near you) and buy the latest stationery, art supplies, craft material, and desk tools at reasonable prices. Scooboo is India’s largest one stop store for art and craft supplies.",https://scooboo.in/cdn/shop/files/SCOOBOO_LOGO.png?v=1614307628&width=250,Chandigarh,2026-09-29T21:52:57.351609+00:00
0597c2c5b1175165,https://www.astore.in/,"[""info@astore.in"", ""zehwanr@gmail.com""]","[""+917006333370"", ""+918899924105"", ""+919595165000""]",{},Electronics,"aStore.in | Online shopping site in India, Shop for Unique Gadgets, Mobile Phones, Antiques and more in India. Free Shipping & Cash on Delivery Available.",https://www.astore.in/cdn/shop/files/download-removebg-preview.png?v=1770796188&width=1426,Jammu and Kashmir,2026-09-29T21:52:57.352611+00:00
07cd369e866ba0af,https://www.consciousfood.com/,"[""care@consciousfood.com""]","[""+912246081126"", ""+919152010747"", ""+919967166755""]",{},Food & nutrition,"Conscious Food has been the purveyor of certified organic &amp; natural food since 1990. Choose from a curated range of organic food products. Shop your organic groceries online. Buy cold pressed oils and chakki ground atta online. Rich in fibre, no preservatives, improves gut health. Buy best quality products online.",https://www.consciousfood.com/cdn/shop/files/horizontal_logo.png?v=1714803058&width=600,Maharashtra,2026-09-29T21:53:12.441143+00:00
097dbdbe09489b79,https://headsupfortails.com/,"[""grc@headsupfortails.com"", ""hello@headsupfortails.com""]","[""+911140845122"", ""+919717526240""]","{""Facebook"": [""https://facebook.com/headsupfortails""], ""Instagram"": [""https://instagram.com/headsupfortails""], ""Pinterest"": [""https://pinterest.com/headsupfortails""], ""X"": [""https://x.com/huftindia""], ""YouTube"": [""https://youtube.com/c/HeadsUpForTailsOfficial""]}",Toys & games,"HUFT Pay Day Sale is live! Enjoy limited-time discounts on dog & cat food, treats & toys. Shop online now before the offers end. Up to 30%Off",https://cdn.shopify.com/s/files/1/0086/0795/7054/files/HUFT_logo_3.png,Haryana,2026-09-29T22:07:39.788686+00:00
0d8ed4f4c12e0cd3,https://www.brillare.co.in/,"[""crm@brillarescience.com"", ""customercare@brillarescience.com""]","[""+917949039200"", ""+919512333000"", ""+919638666040""]","{""Facebook"": [""https://facebook.com/brillareindia""], ""Instagram"": [""https://instagram.com/brillareindia""], ""LinkedIn"": [""https://linkedin.com/company/brillare-science""]}",Skincare,"Truthful, scientifically superior, real natural products for treating hair fall, dandruff, dry hair, damaged hair, acne, hyper pigmentation, ageing, dry skin & sensitive skin. Shampoo, Conditioner, Oil Shots (Hair Oil), Skin Serum, Face Wash, Moisturiser, Sunscreen, Hair Serum, Body Wash, Body Moisturiser, Body Oil.",https://www.brillare.co.in/cdn/shop/files/logo.svg?height=50&v=1719305859,Gujarat,2026-09-29T21:53:18.721540+00:00
0dbb3ed2a8a0814a,https://www.amantelingerie.in/,"[""customerservice@ril.com"", ""grievanceofficer@amante.in"", ""nodalofficer@amante.in""]","[""+9118008910001""]","{""Facebook"": [""https://facebook.com/amanteIndia""], ""Instagram"": [""https://instagram.com/amanteindia""], ""X"": [""https://x.com/amanteIndia""], ""YouTube"": [""https://youtube.com/@amanteIndia"", ""https://youtube.com/user/amanteindia""]}",Apparel,"Discover lingerie for women at amanté, the best lingerie brand in India, offering all types of lingerie at best price. Shop premium-quality bras, panties, camisoles & more for all occasions. ✯ COD ✯ Shipping Across India ✯ Easy Returns ✯ Upto 50% Off",https://www.amantelingerie.in/cdn/shop/files/New_logo_with_anagram_black.png?v=1751025760&width=600,Karnataka,2026-09-29T21:53:21.240430+00:00
1047918fa31ae1b0,https://powersports.in/,"[""contact@powersports.in""]","[""+917669966611""]","{""Facebook"": [""https://facebook.com/powersportsinternational""], ""Instagram"": [""https://instagram.com/powersportsinternational""], ""YouTube"": [""https://youtube.com/@PowerSportsInternational""]}",,"PowerSports is India’s largest retail chain of motorcycle helmets and riding gear. Buy genuine and certified motorcycle helmets, riding jackets, pants, riding gloves, boots, motorcycle luggage, helmet intercoms & other accessories. We carry the best brands and offer a true one-stop solution for every biker’s needs.",https://powersports.in/cdn/shop/files/2_copy.png?v=1656501726&width=400,Tamil Nadu,2026-09-29T21:53:25.304446+00:00
115e190add6efaca,https://www.flomattress.com/,"[""joseph.pinto@flomattress.com"", ""returns.escalations@flomattress.com"", ""returns@flomattress.com"", ""support@flomattress.com""]","[""+917387887750"", ""+918655998846"", ""+918976712552"", ""+919137317171""]","{""Facebook"": [""https://facebook.com/sleeponflo""], ""Instagram"": [""https://instagram.com/flomattress""], ""LinkedIn"": [""https://linkedin.com/company/flo-mattress""], ""X"": [""https://x.com/flomattressin""], ""YouTube"": [""https://youtube.com/channel/UCrOs5TJ3BtnsQBUNuLvmYOA""]}",Home & living,"Flo mattress is the top mattress brand in India. We offer custom mattresses like ergo mattresses, latex mattresses, and ortho mattresses. ✔100 nights trial ✔Mattress in box ✔Low costs, more savings. ✔Free delivery. Shop Now!",https://www.flomattress.com/cdn/shop/files/logo.svg?v=1750074050&width=600,Maharashtra,2026-09-29T21:53:23.270881+00:00
14a8834b997edb5d,https://thejuneshop.com/,"[""help@thejuneshop.com"", ""sales@thejuneshop.com""]","[""+917003079822"", ""+918697111998""]","{""Facebook"": [""https://facebook.com/thejuneshopindia""], ""Instagram"": [""https://instagram.com/thejuneshopindia""], ""LinkedIn"": [""https://linkedin.com/company/thejuneshop""], ""Pinterest"": [""https://pinterest.com/shopify""], ""X"": [""https://x.com/thejuneshopind""], ""YouTube"": [""https://youtube.com/channel/UClkC-h8QK3TDcSMhKO7Vj-A""]}",Home & living,"Your daily essentials now with a sprinkle of magic & fun! Explore the our wide range of Home Decor, Crockery, Glassware, Gifting, Gadgets, Party props & more. Buy home decor online India. Buy dinner plates, bowls, glasses, coffee mugs, furniture, sippers, gifts, greeting cards, tea cups, mats, rugs online India",https://thejuneshop.com/cdn/shop/files/download_2_acd2f819-2fa6-43b7-aaf2-8d4fc0ccdbd8.gif?v=1785751688&width=236,West Bengal,2026-09-29T21:53:29.450920+00:00
17f99b0376ade345,https://www.karagiri.com/,"[""help@karagiri.com""]","[""+919311749215"", ""+919611719459""]","{""Facebook"": [""https://facebook.com/karagirii""], ""Instagram"": [""https://instagram.com/karagiri_ethnic""], ""X"": [""https://x.com/karagiri2""], ""YouTube"": [""https://youtube.com/channel/UC7zcruPYUf0YV2xXkK2fu4Q""]}",Apparel,"Karagiri has beautiful collections of Indian Ethnic wear online in India. Explore a wide range of products like Sarees, Lehenga Cholis, and Anarkalis at best price. Shop now!",https://www.karagiri.com/cdn/shop/files/Image_320x2x_1753700818956_640x.png?v=1753702173,Haryana,2026-09-29T22:07:57.475272+00:00
1810c6f605abfc31,https://bookkish.com/,"[""info@bookkish.com""]","[""+919013256529"", ""+919958138227"", ""+919999329694""]","{""Facebook"": [""https://facebook.com/Bookkish.India""], ""Instagram"": [""https://instagram.com/rare.books.inc""], ""X"": [""https://x.com/RareBooks_Inc""]}",Books & education,"Astrology Books, Vastu Books Numerology books & other religious books",https://bookkish.com/cdn/shop/files/380-mobile-Bookkish-logo-2020.png?v=1614291881&width=600,Delhi,2026-09-29T21:53:35.766630+00:00
1d5cc37bb7219539,https://cakelinks.in/,"[""foodlinkscn@gmail.com"", ""store@cakelinks.in""]","[""+917447721100""]","{""Facebook"": [""https://facebook.com/Cakelinks.in""], ""Instagram"": [""https://instagram.com/cakelinks.in""]}",Food & nutrition,"Online Cakes Home delivery. Secure Payment, Trusted Brand and at the cheapest price. Cakes Home Delivery on the same day all over the Nagpur. Birthday Cakes, Anniversary Cakes, Kids Cakes, Couple Cakes etc. Order Rs.600/- or above & get 20% OFF. Coupon-Code: ""Ca20""",https://cakelinks.in/cdn/shop/files/Cake_Link_Logo.png?v=1613170391&width=600,Maharashtra,2026-09-29T21:53:37.431641+00:00
1d9c97f8c1041ec9,https://brandmeup06.in/,"[""brandmeup6@gmail.com""]","[""+919953453747""]",{},,,https://brandmeup06.in/cdn/shop/files/WhatsApp_Image_2022-02-03_at_11.29.04_PM_350x.jpg?v=1643911857,Delhi,2026-09-29T21:53:46.564154+00:00
1e8c523a3df60148,https://nestatoys.in/,"[""info@nestatoys.in""]","[""+919701987812""]","{""Facebook"": [""https://facebook.com/nestatoys""], ""Instagram"": [""https://instagram.com/nestatoys""], ""LinkedIn"": [""https://linkedin.com/in/neha-m-b527a215"", ""https://linkedin.com/in/neha-makdey-b527a215""], ""X"": [""https://x.com/nesta_toys""], ""YouTube"": [""https://youtube.com/channel/UC7Ko0037XdIxfjVipyG_UtA""]}",Toys & games,"Screen-free, Wooden Educational toys for kids aged 0-10. IIM Alumni-founded, handcrafted by Indian artisans. Trusted by 3 lakh+ families.",https://nestatoys.in/cdn/shop/files/nesta-toys-logo.png?v=1786969124&width=120,Telangana,2026-09-29T21:53:53.751849+00:00
20a63052aa3281ba,https://esahtea.com/,"[""career@esahtea.com"", ""info@esahtea.com""]","[""+917002995141"", ""+918638093013""]","{""Facebook"": [""https://facebook.com/esahteaglobal""], ""Instagram"": [""https://instagram.com/esah.tea""], ""YouTube"": [""https://youtube.com/channel/UCndw6ZjHgW9Fvd6OOaEIi4w""]}",Coffee & tea,"#1 Shop online for gourmet teas from the gardens of Assam, the birthplace of all-things-tea. This ensures that we bring high-quality Assam Black tea, Green Tea, Oolong Tea, White Tea & Plastic Free Teabags straight from the best plantations, directly to you by taking out all middlemen.",https://esahtea.com/cdn/shop/files/logo_black_1000x1000.png?v=1614299934,Assam,2026-09-29T21:53:51.732038+00:00
21f6c3c6985476e6,https://www.houseofmasaba.com/,"[""careers@houseofmasaba.com"", ""gunjan@houseofmasaba.com"", ""homgrievanceofficer@houseofmasaba.com"", ""shop@houseofmasaba.com"", ""shoponline@houseofmasaba.com""]","[""+917738007478"", ""+918452950459"", ""+919892862836""]","{""Facebook"": [""https://facebook.com/HouseOfMasaba""], ""Instagram"": [""https://instagram.com/houseofmasaba""], ""LinkedIn"": [""https://linkedin.com/company/house-of-masaba""], ""YouTube"": [""https://youtube.com/@houseofmasaba_""]}",Apparel,"Buy the latest luxury collection by Designer Masaba Gupta featuring Womenswear, Menswear, Jewellery, Beauty & more at House of Masaba.",https://www.houseofmasaba.com/cdn/shop/files/low_res_white.png?v=1784283410&width=280,Maharashtra,2026-09-29T21:53:54.881096+00:00
246176ac2f46ec4b,https://okhai.org/,"[""okhaicfe@okhai.org"", ""prakash@okhai.org""]","[""+916359021222"", ""+917966131721""]","{""Facebook"": [""https://facebook.com/OkhaiIndia""], ""Instagram"": [""https://instagram.com/okhai_org""], ""YouTube"": [""https://youtube.com/@okhai_org""]}",Apparel,"Okhai offers handcrafted apparel and lifestyle products created by rural artisans from across India. Shop Online for a wide range of handcrafted designer kurtis, dresses, & home products. Your purchase directly impacts 2300 artisans that engage with Okhai.",https://okhai.org/cdn/shop/files/logo_80ae797a-7d6a-4481-8e79-be374f276de0.jpg?v=1716888365&width=600,,2026-09-29T21:53:52.883263+00:00
24cdee8c758d087f,https://www.specsmakers.in/,"[""care@specsmakers.in""]","[""+919791597195"", ""+919791597915""]","{""Facebook"": [""https://facebook.com/Specsmakersopticiansindia""], ""Instagram"": [""https://instagram.com/specsmakersofficial""], ""YouTube"": [""https://youtube.com/@specsmakersofficial""]}",Watches & eyewear,"Buy Eyeglasses, Sunglasses & Contact Lens online at Specsmakers. Explore stylish frames, UV-protected shades, and premium lenses designed for comfort & clarity.",https://www.specsmakers.in/cdn/shop/files/SM_New_logo.svg?v=1762949067&width=600,Tamil Nadu,2026-09-29T21:54:06.957911+00:00
265be08663fec11a,https://skinkraft.com/,"[""support@skinkraft.com""]","[""+911800120004488""]","{""Facebook"": [""https://facebook.com/skinkraftofficial""], ""Instagram"": [""https://instagram.com/skinkraftofficial""], ""X"": [""https://x.com/skinkraftcom""]}",Skincare,"SkinKraft, your customized skincare regimen is a one-stop solution for all your skin concerns. Dermatologists-approved SkinKraft hair care and skincare products are formulated with 100% safe ingredients and do not contain SLS, parabens, etc. Buy SkinKraft products online at reasonable prices.",https://cdn.shopify.com/s/files/1/2028/2057/files/sk_new_logo.svg?v=1775633702,Telangana,2026-09-29T21:54:05.040595+00:00
273cf277e26d35f7,https://livingwords.in/,"[""care@livingwords.in""]","[""+918848117894""]","{""Facebook"": [""https://facebook.com/livingwords.in""], ""Instagram"": [""https://instagram.com/livingwords.in""], ""YouTube"": [""https://youtube.com/@livinwords""]}",Apparel,"Shop for Christian Gifts, Catholic Products, Christian T Shirts, Statues, Rosaries, Bibles, Christian wall-decor, Christian merchandise, Christmas products, Church Articles, Clergy Apparel, Baptism gifts/dresses, First Communion gifts/dresses & more.",https://livingwords.in/cdn/shop/files/Living_Words_Logo_452a4e66-d9eb-4d41-b801-46ea9aa3d687_863x.png?v=1630555458,Kerala,2026-09-29T21:54:13.110892+00:00
282e045a49c46ab9,https://hammeronline.in/,"[""info@hammeronline.in""]","[""+919991108081""]","{""Facebook"": [""https://facebook.com/HammerLifestyle""], ""Instagram"": [""https://instagram.com/hammerlifestyle_""], ""X"": [""https://x.com/HammerLifestyle""], ""YouTube"": [""https://youtube.com/channel/UC_mxCd3tf3VshVQiSuALgGQ""]}",Electronics,"Buy truly wireless earbuds, bluetooth calling smartwatch, headphones and electric toothbrushes. Get upto 80% discount on HAMMER true wireless earbuds, smartwatches and headphones.",https://hammeronline.in/cdn/shop/files/white_logo_fafb8257-3c2a-483a-8fde-352a63ac57d2.png?v=1690803062&width=280,Haryana,2026-09-29T21:54:15.965988+00:00
2a3fedce5a6e79bc,https://www.redragon.in/,"[""online@originmarketing.in"", ""service@originmarketing.in""]","[""+919870294946"", ""+919920127749""]","{""Facebook"": [""https://facebook.com/Redragon.India""], ""Instagram"": [""https://instagram.com/redragon_india""], ""YouTube"": [""https://youtube.com/channel/UCPVyzKQY1X-V9Tc8VpMFdyg""]}",Electronics,"Explore Redragon India’s official store for top-tier gaming keyboards, mice, headsets, and accessories. Premium quality, RGB lighting, and pro-level performance – built for gamers. Shop now with fast delivery across India.",https://www.redragon.in/cdn/shop/files/Redragon_Logo_180.png?v=1746446352&width=180,Maharashtra,2026-09-29T21:54:18.918192+00:00
2a4f939e22fd15bd,https://vecras.com/,"[""support@vecras.com""]","[""+917087982000""]","{""Facebook"": [""https://facebook.com/VecRasCreations""], ""Instagram"": [""https://instagram.com/vecras""], ""LinkedIn"": [""https://linkedin.com/company/vecras-creations-pvt.-ltd.""], ""X"": [""https://x.com/vecras""], ""YouTube"": [""https://youtube.com/channel/UCWYAWB1fVjiwyKj295VIcLg""]}",Electronics,"An exclusive platform for Cut Ready Skin Vector Templates, Smart PSDs Mockups, Custom Services and much more. We provide highly Precise Templates, Compaitable with All Popular Plotters & Cutters.",https://vecras.com/cdn/shop/files/VecRas_Logo_for_Website_56b53390-c514-47fa-b8cb-4e95a0b37957_556x110.png?v=1765957478,Punjab,2026-09-29T21:54:14.871533+00:00
2af2385c4253a3c5,https://www.duroflexworld.com/,"[""grievance@duroflexworld.com"", ""support@duroflexworld.com""]","[""+9118001085008"", ""+918040363762"", ""+918065381660""]","{""Instagram"": [""https://instagram.com/duroflexworld""], ""X"": [""https://x.com/Duroflex_world""], ""YouTube"": [""https://youtube.com/@duroflex_world""]}",Home & living,"Duroflex is India’s trusted sleep expert for mattresses, sofas, recliners, pillows and protectors. Buy single, queen and king mattresses with up to 10-year warranty, free shipping and EMI.",https://www.duroflexworld.com/cdn/shop/files/duroflex-logo-min.png?v=1766829777&width=600,Kerala,2026-09-29T22:07:59.493477+00:00
2f4ee41d81f0d109,https://arcticfox.com/,"[""customercare@arcticfox.com"", ""nitin.srivastava@outshiny.com"", ""rajiv@arcticfox.com"", ""rengapriya@arcticfox.com"", ""sridhar@arcticfox.com"", ""techsupport@arcticfox.com""]","[""+919538222219""]","{""Facebook"": [""https://facebook.com/ArcticFoxIndia""], ""Instagram"": [""https://instagram.com/arcticfoxindia""], ""X"": [""https://x.com/Arcticfox_IN""], ""YouTube"": [""https://youtube.com/@arcticfox3527""]}",Bags & travel,"Arctic Fox India - Buy backpacks, messenger bags, duffle bags, school shoes and accessorize bags from Arctic Fox. Most loved bags store for men, women, college students, girls and kids. Shop Now!",https://arcticfox.com/cdn/shop/files/Arctic_Fox_Logo_Header_e6a6c90c-3b31-4006-9f13-3bf7843f12b7.png?v=1772185774,Karnataka,2026-09-29T21:54:29.053480+00:00
2ff7419bf8471b72,https://drinkbeyond.co.in/,"[""help@drinkbeyond.co.in""]",[],{},Food & nutrition,"Refreshingly awesome drops of happiness that transform water into an energizing drink. Made with all natural ingredients, vegan & sugar-free.",,West Bengal,2026-09-29T22:08:14.736328+00:00
326f790441b3cd0b,https://dermalogica.in/,"[""lever.care@unilever.com"", ""support@dermalogica.in""]","[""+9118001022221"", ""+917208989616""]","{""Facebook"": [""https://facebook.com/dermalogicain""], ""Instagram"": [""https://instagram.com/dermalogicain""]}",Skincare,"Shop premium, professional-grade skincare by Dermalogica India. Explore best-selling cleansers, moisturizers, and face serums. Buy today for healthy skin.",https://dermalogica.in/cdn/shop/files/brand_logo-01_a4113991-ad5d-4e00-bf41-fd6ad84f45b7.png?v=1719991153&width=600,Gujarat,2026-09-29T21:54:30.833643+00:00
388926015c79592e,https://www.loomsolar.com/,"[""sales@loomsolar.com""]","[""+918800021367"", ""+918800162540""]","{""Facebook"": [""https://facebook.com/loomsolar""], ""Instagram"": [""https://instagram.com/loomsolar""], ""X"": [""https://x.com/loomsolar""]}",Solar & power,"Buy solar panel, battery and inverter for home, business, agriculture, DIY projects, and more. from 10 watts -100kW from Loom Solar - India's No. 1 solar company. Choose from solar panels, inverters, lithium batteries, charge controllers to solar installation kit. We provide solar finance for rooftop solar installation",https://www.loomsolar.com/cdn/shop/files/Loom_logo_f50a89a5-291b-4c15-9a87-303dc061554e_140x@2x.png?v=1752208604,Haryana,2026-09-29T21:54:30.197309+00:00
3b6bcea7aac0c89c,https://brownliving.in/,"[""bulkorder@brownliving.in"", ""hello@brownliving.in""]","[""+919324693122""]","{""Facebook"": [""https://facebook.com/BrownLivingIndia""], ""Instagram"": [""https://instagram.com/brownlivingindia""], ""LinkedIn"": [""https://linkedin.com/company/brown-living""], ""X"": [""https://x.com/brownliving_""], ""YouTube"": [""https://youtube.com/@Brownlivingindia""]}",Apparel,"Shop verified sustainable, eco-friendly, non-toxic and ethical products from trusted Indian brands. Plastic-free packaging and carbon-neutral delivery.",https://brownliving.in/cdn/shop/files/white_full_6f129da8-8e85-4174-b4ab-c8a881c2c5c2.png?v=1728223325&width=2127,Maharashtra,2026-09-29T21:54:42.460095+00:00
3dae4328307373f1,https://soie.in/,"[""customercare@soie.in""]","[""+919320092200""]","{""Facebook"": [""https://facebook.com/SoieWoman""], ""Instagram"": [""https://instagram.com/soiewoman""], ""LinkedIn"": [""https://linkedin.com/company/soiewoman""], ""X"": [""https://x.com/SoieWoman""], ""YouTube"": [""https://youtube.com/@soiewoman""]}",Apparel,"Shop from our wide range of premium lingerie, activewear, and nightwear. SOIE offers high quality and affordable range of bras, panties, sportswear, cycling shorts, camisoles, shapewear, nightwear, and much more. Shop now and get the best deals and offers.",https://soie.in/cdn/shop/files/Untitled_design_3_f8c6ca56-5417-4f57-a316-a94c30b52510.png?v=1748347766&width=180,Maharashtra,2026-09-29T22:08:21.303408+00:00
3ea8402bab6e0839,https://koparoclean.com/,"[""help@koparoclean.com""]","[""+919289033660""]","{""Facebook"": [""https://facebook.com/Koparo.Clean""], ""Instagram"": [""https://instagram.com/koparo.clean""], ""X"": [""https://x.com/koparoclean""], ""YouTube"": [""https://youtube.com/@koparoclean""]}",Cleaning & laundry,"Natural, free of harmful chemicals & safe home & hygiene products made to international safety standards. Our products are kid-safe, pet-friendly, eco-friendly.",https://koparoclean.com/cdn/shop/files/Untitled_design_35_210x.png?v=1680590280,Delhi,2026-09-29T21:54:44.994210+00:00
3ef6e0e3044dc2e9,https://exclusivelane.com/,"[""care@exclusivelane.com"", ""dhruvgoyal@me.com""]","[""+918882872008"", ""+919599198374""]","{""Facebook"": [""https://facebook.com/exclusivelane""], ""Instagram"": [""https://instagram.com/exclusivelane""], ""X"": [""https://x.com/exclusivelane""]}",Home & living,"Buy Indian handicrafts online. Traditional & authentic handicraft items - wooden, terracotta and ceramic. ⭐ COD Available ⭐ Free Shipping ⭐ Traditional Crafts of India",https://cdn.shopify.com/s/files/1/0030/9759/1872/files/EL_logo_social_media_80_x_80_px_1_ba1e49e2-ed30-4e86-ae3b-94d7b404c8ac_150x@2x.png?v=1655183699,Haryana,2026-09-29T21:54:45.847575+00:00
3f1f31aec0402bff,https://computerspace.in/,"[""contact@computerspace.in"", ""sales@computerspace.in""]","[""+919478726397""]","{""Facebook"": [""https://facebook.com/computerspace.in""], ""Instagram"": [""https://instagram.com/computerspace_ig""], ""Pinterest"": [""https://pinterest.com/computerspacein""], ""YouTube"": [""https://youtube.com/@Computerspace_in""]}",,"Your one stop for online Computer parts, Gaming laptops, Dell PC, Gaming PC, computers Hardware, Accessories, Graphics card, Cabinet, Motherboard, PSU, Headset, Keyboards and Mouse. LCS Water cooling kit installation, Thermaltake, ASUS, AMD, Intel, MSI, Gigabyte, Aorus, Cooler Master, Corsair, Microsoft Windows 10, Ip.",https://computerspace.in/cdn/shop/files/cs_logo_8a6169b8-6cc5-4579-8b8d-baaf692379e2.png?v=1662994893&width=600,Punjab,2026-09-29T21:54:45.662423+00:00
3f2561598c0ce0c5,https://skinelements.com/,"[""care@skinelements.com"", ""info@skinelements.com"", ""raghav@solidus.life""]","[""+917807198000"", ""+919711970967""]","{""Instagram"": [""https://instagram.com/skin.elements""], ""LinkedIn"": [""https://linkedin.com/company/skin-elements-india""]}",,"Buy personal hygiene products online from Skin Elements. Shop now intimate wash for men, intimate wipes, face packs, shampoos, & more to enjoy the best offers.",https://skinelements.com/cdn/shop/files/Logo_SE_1_410x.png?v=1745400439,Himachal Pradesh,2026-09-29T22:08:28.170930+00:00
4907661508236096,https://www.bunai.com/,"[""care@bunai.com"", ""orders@bunai.com"", ""pari@bunai.com""]","[""+917599976000"", ""+918800174972"", ""+918880174972""]","{""Facebook"": [""https://facebook.com/bunaai""], ""Instagram"": [""https://instagram.com/bunaai""], ""LinkedIn"": [""https://linkedin.com/company/bunaai-official""], ""YouTube"": [""https://youtube.com/channel/UC1WbP_7Zz0BkdBc-KOZnR-Q""]}",Apparel,"Ethnic Wear Online : Buy Designer Ethnic & Western Wear for Women, Girl & Ladies at Bunaai. Buy from stunning collections of Suit Sets, Sharara Sets, Lehenga Sets, Dresses, Sarees and Many More. Free Shipping COD available.",https://www.bunai.com/cdn/shop/files/logo_b9e630a3-f265-48a8-b215-e90ad927bfca.png?v=1782197182&width=200,Rajasthan,2026-09-29T21:55:07.543119+00:00
4ac5e77147857d78,https://health.drmorepen.com/,"[""care@morepen.com""]","[""+918527006992""]","{""Facebook"": [""https://facebook.com/drmorepenlimited"", ""https://facebook.com/gubb.grooming""], ""Instagram"": [""https://instagram.com/drmorepen_health"", ""https://instagram.com/gubb_world""], ""LinkedIn"": [""https://linkedin.com/company/dr.-morepen-limited""], ""X"": [""https://x.com/dr_morepen""], ""YouTube"": [""https://youtube.com/@DrMorepen"", ""https://youtube.com/channel/UC1B9lqf0Z8jfKIGxPHVNeng""]}",,Dr. Morepen offers you the best products online at the best price. Explore our range of health & wellness supplements & sports nutrition products for a healthy lifestyle.,https://health.drmorepen.com/cdn/shop/files/435X139_PNG.png?v=1736158655&width=600,Delhi,2026-09-29T22:08:42.414510+00:00
4ec0a57ab9ee73f9,https://www.bajaao.com/,"[""helpdesk@bajaao.com"", ""tech@bajaao.com""]","[""+912242035353""]","{""Facebook"": [""https://facebook.com/bajaao""], ""Instagram"": [""https://instagram.com/bajaao""], ""X"": [""https://x.com/bajaao""], ""YouTube"": [""https://youtube.com/c/bajaao""]}",Electronics,"Get your gear from Bajaao.com India's largest music instrument, studio and audio equipment superstore. Your one stop online music store for your musical needs.",https://www.bajaao.com/cdn/shop/files/bajaao-website-header_f52b8a2e-2cf1-4d7b-907f-745854589b7f.png?v=1738663229&width=400,Maharashtra,2026-09-29T21:55:05.420389+00:00
50852f464b6c1615,https://www.portronics.com/,"[""help@portronics.com"", ""supportcenter@portronics.com""]","[""+919555245245""]","{""Facebook"": [""https://facebook.com/Portronics.India""], ""Instagram"": [""https://instagram.com/portronics.india""], ""X"": [""https://x.com/portronics""], ""YouTube"": [""https://youtube.com/c/portronicsdigital""]}",Electronics,"Shop from the latest collection of speakers, headphones, smart watches, USB hubs, chargers & other portable smart gadgets from India's most loved brand - Portronics.",https://www.portronics.com/cdn/shop/files/logo_f6f5e2d7-11ef-46f4-b9b8-4d4c99fe098f.png?v=1707295711&width=600,Delhi,2026-09-29T22:08:45.833757+00:00
5168361366bbecc0,https://arirotoys.com/,"[""growthmanager@arirotoys.com"", ""help@arirotoys.com""]","[""+916700097558"", ""+917305972453"", ""+917358072454"", ""+917904310382"", ""+918939992450"", ""+918939992452"", ""+919003111414""]","{""Facebook"": [""https://facebook.com/arirowoodentoys""], ""Instagram"": [""https://instagram.com/arirotoys""], ""YouTube"": [""https://youtube.com/channel/UC7dsa4PGXR58uYo3wtbVVPQ""]}",Toys & games,"Buy Wooden Toys Online in India. Montessori toys for infants and toddlers in India. Wooden toys for babies from birth and above. Ideal toys for baby boys and girls and a good new born gifting choice. Developmental toys for kids with age appropriate milestones. Complete developmental aid for 3,6,9Months, 1year, 2years",https://arirotoys.com/cdn/shop/files/ariro-logo_2a872f1b-1afe-489c-9fca-70990bd9650b.png?v=1647908106&width=600,Tamil Nadu,2026-09-29T21:55:06.303791+00:00
51dbcef4470e7a21,https://www.arata.in/,"[""grc@arata.in"", ""hr@arata.in"", ""info@arata.in"", ""marketing@arata.in""]","[""+9118001035572"", ""+919310427282""]","{""Instagram"": [""https://instagram.com/arata.in""], ""LinkedIn"": [""https://linkedin.com/company/aratahairandscalp"", ""https://linkedin.com/in/dhruv-bhasin-906b4438"", ""https://linkedin.com/in/dhruv-madhok-arata"", ""https://linkedin.com/in/kushal-sharma-020ba22b"", ""https://linkedin.com/in/puneet-kolthe-6b28297"", ""https://linkedin.com/in/rheabhatia94""], ""YouTube"": [""https://youtube.com/channel/UCbuKpT07bPUdLlg8m5TEiyQ""]}",Hair care,"Explore Arata's most trusted & dermat-approved haircare solutions for Indian hair. Shop for anti-dandruff shampoo, conditioner, hair growth serum, hair cream & more.",https://www.arata.in/cdn/shop/files/arata_logo__footer.png?v=1786786001&width=600,Delhi,2026-09-29T21:55:21.526090+00:00
5252fa10f99b9cac,https://rareplanet.com/,"[""contact@rareplanet.in"", ""info@rareplanet.in""]","[""+913379619808""]","{""Facebook"": [""https://facebook.com/RarePlnt""], ""Instagram"": [""https://instagram.com/rare.planet""], ""X"": [""https://x.com/rare_planet_""], ""YouTube"": [""https://youtube.com/@RarePlanetRP""]}",Coffee & tea,"Buy Online at Best Prices-Terracotta Kulhad, Coffee Mugs , Handmade Notebook, Ceramic, Steel Hand Painted, Brass Idols, Metal Figurines, Copper Bottle, Copper Glass and Handicrafted Gifts from Rural Artisans",https://rareplanet.com/cdn/shop/files/WhatsApp_Image_2024-04-03_at_15.18.49_1220f01d.jpg?v=1712137773&width=1546,West Bengal,2026-09-29T21:55:18.481532+00:00
52687a95c52cb638,https://www.oxiclear.com/,"[""hi@oxiclear.com""]","[""+919877769146""]","{""Facebook"": [""https://facebook.com/oxiclear""], ""Instagram"": [""https://instagram.com/oxiclear.in""]}",,"OxiClear N99 reusable anti-pollution masks, made in India since 2016. DRDO lab tested with up to 99.46% particle filtration under test conditions. Replaceable filters.",https://www.oxiclear.com/cdn/shop/t/43/assets/oxiclear-master-wordmark-colour.svg?v=9673637809539776971788878345,Punjab,2026-09-29T21:55:23.097074+00:00
55b638cc059e92d2,https://www.lotus.in/,"[""care@lotusherbals.com""]","[""+911800120036231""]","{""Facebook"": [""https://facebook.com/LotusHerbals""], ""Instagram"": [""https://instagram.com/lotus_herbals""], ""X"": [""https://x.com/lotusherbals""], ""YouTube"": [""https://youtube.com/@Lotus_Herbals""]}",Skincare,"Shop Lotus Herbals, Organics, Dermat Tested Skincare & Makeup beauty essentials online. Glow naturally with Lotus!",https://www.lotus.in/cdn/shop/files/Lotus-logo.png?v=1736943840&width=259,Uttar Pradesh,2026-09-29T22:08:49.735047+00:00
5893bd2c78ccbc5b,https://www.capesindia.com/,"[""hello@capesindia.com"", ""team@capesindia.com""]","[""+919326639530""]","{""Facebook"": [""https://facebook.com/capesindia""], ""Instagram"": [""https://instagram.com/capesindia""], ""X"": [""https://x.com/capesindia""], ""YouTube"": [""https://youtube.com/@CapesIndia""]}",,"Make your tech feel like yours. Capes India offers precision-cut skins, scratch-proof cases, magnetic sleeves & the MagLock accessory range for iPhone, MacBook, AirPods, cameras & more. Built for the detail-obsessed. Express shipping across India & 80+ countries. COD available.",https://www.capesindia.com/cdn/shop/files/capes-new-logo2.png?v=1686506876&width=1694,Maharashtra,2026-09-29T21:55:32.058375+00:00
5985727ad7501efd,https://store.ygroup.co.in/,"[""sales@ymfg.co.in"", ""sales@youngman.co.in"", ""vjain@youngmangroup.com""]","[""+919015964626"", ""+919289321727""]","{""Facebook"": [""https://facebook.com/youngmanIndia""], ""Instagram"": [""https://instagram.com/youngmanindia""], ""LinkedIn"": [""https://linkedin.com/company/2721087""], ""X"": [""https://x.com/india_youngman""], ""YouTube"": [""https://youtube.com/channel/UC3fOCgJKcBUzEHff2iIuyAg""]}",,"Buy directly from India's #1 Ladder & Scaffold Manufacturers of High-Quality Materials like Fiberglass (FRP)& Aluminum. Types: Tower Scaffoldings, folding Ladders, Extension ladder, Step Ladders, and more at our online store. ✓Fastest Delivery ✓Best Prices ✓100% Guaranteed Safety. For Bulk Orders, Call 9015964626",https://store.ygroup.co.in/cdn/shop/files/LogoV1-removebg-preview_cc9845da-3489-46d8-be20-600d013c242c_180x.png?v=1718175968,Uttar Pradesh,2026-09-29T21:55:38.491250+00:00
5b2cb01e6bd4ea82,https://motocentral.in/,"[""info@motocentral.in""]","[""+919822449903""]","{""Facebook"": [""https://facebook.com/motocentralindia""], ""Instagram"": [""https://instagram.com/motocentralindia""], ""X"": [""https://x.com/Moto_Central""], ""YouTube"": [""https://youtube.com/channel/UCpSi857NGoyD30Lnrzg6dyg""]}",Car & motorcycle accessories,"Free Shipping All Over India, Expert Gear Advice, EMI for Riding Gear, 100% Genuine Products, Official warranty, Easy Returns, After Sales Spares & Support Shop online for Riding Gear across leading brands India's Largest Multi Brand Riding Gear Store",https://motocentral.in/cdn/shop/t/40/assets/logo.png?v=15443012148369806061659890763,Maharashtra,2026-09-29T21:55:40.692902+00:00
5c5279fe27048830,https://www.bombayshavingcompany.com/,"[""care@bombayshavingcompany.com"", ""charu@bombayshavingcompany.com""]","[""+917303488233""]","{""Facebook"": [""https://facebook.com/bombayshavingcompany""], ""Instagram"": [""https://instagram.com/bombayshavingcompany""], ""X"": [""https://x.com/BombayShavingCo""], ""YouTube"": [""https://youtube.com/c/Bombayshavingcompany""]}",Skincare,"Bombay Shaving Company is a premium personal care and grooming solutions brand committed to delivering truly remarkable customer experiences. Ours thoughtfully curated personal care regimens double-up as the perfect gifting options for special occasions, too. Come, shine like never before with products made with love!",https://www.bombayshavingcompany.com/cdn/shop/files/Group_23d45b8a-8bf0-4c72-950d-6fef387b2999.png?v=1785233306&width=240,Haryana,2026-09-29T21:55:43.306258+00:00
5c6133e2451ee749,https://www.theblackcanvas.in/,"[""info@theblackcanvas.in""]","[""+918879366428"", ""+919833150383""]","{""Facebook"": [""https://facebook.com/theblackcanvas""], ""Instagram"": [""https://instagram.com/theblackcanvas_""], ""Pinterest"": [""https://pinterest.com/theblackcanvas_""]}",Stationery & art,"Handcrafted leather products designed & made with love in Bombay, India. Shop Stationery & Lifestyle Accessories including leather journals, Travelers notebooks & more! Worldwide shipping.",https://www.theblackcanvas.in/cdn/shop/files/TBC_Logo_2016_expand_50208113-32e1-4385-8672-d935cb596e34.png?crop=center&height=201&v=1613511460&width=200,Maharashtra,2026-09-29T22:09:01.007224+00:00
6873149f41f08ffe,https://www.campusshoes.com/,"[""customercare@campusshoes.com"", ""instt@campusshoes.com""]","[""+919667706012""]","{""Facebook"": [""https://facebook.com/CampusShoes""], ""Instagram"": [""https://instagram.com/campusshoes""], ""X"": [""https://x.com/campusshoes""], ""YouTube"": [""https://youtube.com/channel/UCyzQ4Qo6jU5M5oPP6vUOi5Q""]}",Footwear,"Explore Men's, Women's And Kids' Footwear At Campus Shoes Online Store In India. Get Up to 50% Off. Order Now! Fast Delivery And 15 Days Easy Returns.",https://www.campusshoes.com/cdn/shop/files/logo_-02_53777780-c212-4164-a815-374989629149_200x.png?v=1774335478,Delhi,2026-09-29T21:55:55.758514+00:00
6b0d3b0573e7b30e,https://nayeshamills.com/,"[""care@nayeshamills.com"", ""marketing@nayeshaoilmills.com""]","[""+917300483669""]","{""Facebook"": [""https://facebook.com/NayeshaMills""], ""Instagram"": [""https://instagram.com/iriola_nayesha.mills""], ""LinkedIn"": [""https://linkedin.com/company/iriola-nayesha-mills""], ""X"": [""https://x.com/Iriola_Ind""], ""YouTube"": [""https://youtube.com/channel/UC6qldwI6i7fwOxj4JE16K5g""]}",,"Buy the best cold pressed oils online from Nayesha Oil Mills. 100% natural, chemical-free oils at great prices for healthy cooking. Shop now.",https://nayeshamills.com/cdn/shop/files/Logo_200x78_1_small.png?v=1779167336,Rajasthan,2026-09-29T21:56:00.940441+00:00
6e1fac471d104d33,https://studdmuffyn.com/,"[""care@studdmuffyn.com"", ""help@www.naturetouchnutrition.com""]","[""+917860000768"", ""+919815488804""]","{""Facebook"": [""https://facebook.com/studdmuffynindia""], ""Instagram"": [""https://instagram.com/studdmuffyn""], ""YouTube"": [""https://youtube.com/@studdmuffyn""]}",Food & nutrition,"A mix of sexy and cute, Studd Muffyn is a proud Indian brand that combines good health, good style and top notch nutrition. We’re Desi at heart, and aim to take India to the world. Global domination, one Sanskaari step at a time!",https://studdmuffyn.com/cdn/shop/files/studdmuffyn-logo_d9765b22-d74b-40aa-8415-fd65aa2c96cd.png?v=1760347792&width=320,Punjab,2026-09-29T21:56:00.920625+00:00
702188bb8f9a270e,https://confettigifts.in/,"[""corporategifting@confettigifts.in"", ""info@confettigifts.in""]","[""+919649381111"", ""+919783427955""]","{""Facebook"": [""https://facebook.com/confettigifts.in""], ""Instagram"": [""https://instagram.com/confettigifts.in""], ""Pinterest"": [""https://pinterest.com/confettigiftsjaipur""]}",Gifts & personalization,"Send gifts online from Confetti Gifts, unusual & unique gifts box in India. Gift ideas that suit all ages and every occasion. ✓ Easy Delivery ✓ Curated Gifts Collection ✓ Online Gift Shop Jaipur ✓ Corporate Bulk Gifts",https://confettigifts.in/cdn/shop/files/Confetti-Logo-Final.png?v=1775719595&width=400,Rajasthan,2026-09-29T22:09:23.459950+00:00
712d1ce5be900e3b,https://zigly.com/,"[""support@zigly.com""]","[""+911149494949"", ""+917026391913"", ""+918043060923"", ""+919999922020""]","{""Facebook"": [""https://facebook.com/ziglyforpets""], ""Instagram"": [""https://instagram.com/petsfamilia_community"", ""https://instagram.com/ziglyforpets"", ""https://instagram.com/ziglyfoundation""], ""LinkedIn"": [""https://linkedin.com/company/ziglyforpets""], ""X"": [""https://x.com/ziglyforpets""], ""YouTube"": [""https://youtube.com/channel/UCrBQUFsbGlsjs_qBbpRxHrA""]}",Apparel,"Zigly, India’s top online pet store for premium food, toys, grooming, and accessories. Book vet consults and grooming services at our centers nationwide.",https://zigly.com/cdn/shop/files/Zigly-Your_Trusted_Online_Pet_Store._6281137a-948f-45de-863a-5052e822c19e.png?v=1776236896&width=600,Delhi,2026-09-29T22:09:48.597404+00:00
74a24d4c62bbe15a,https://ghc.health/,"[""support@ghc.health""]","[""+914048211222""]","{""Facebook"": [""https://facebook.com/Good-Health-Company-103560432225331""], ""Instagram"": [""https://instagram.com/marshealth.ghc""], ""X"": [""https://x.com/GoodHealthComp2""]}",,Discover a world of well-being with our online health and wellness center. Explore quality products to nurture your body and mind. Shop now for a healthier you!,https://ghc.health/cdn/shop/files/mars_new_logo_4_360x.png?v=1677479861,Telangana,2026-09-29T21:56:20.962312+00:00
74ae7b550291372c,https://etechbazaar.com/,"[""support@etechbazaar.com""]","[""+919773567888""]","{""Facebook"": [""https://facebook.com/etechbazaar.in""], ""Instagram"": [""https://instagram.com/etechbazaar""], ""YouTube"": [""https://youtube.com/@eTechBazaar""]}",,,https://etechbazaar.com/cdn/shop/files/etechbazaar-png_1.webp?v=1775733076&width=600,Maharashtra,2026-09-29T21:56:20.962312+00:00
75ab43b089d5c9fd,https://www.reequil.com/,"[""care@reequil.com""]",[],"{""Facebook"": [""https://facebook.com/reequil""], ""Instagram"": [""https://instagram.com/reequil""], ""YouTube"": [""https://youtube.com/@Reequil""]}",Skincare,Shop our Payday Sale and stock up on your skincare essentials | Get upto 15% off + free gifts on every purchase,https://www.reequil.com/cdn/shop/files/Logo_7fad3871-8436-47a6-b39b-150e4e2ccd90.svg?v=1767182081&width=85,Chandigarh,2026-09-29T21:56:18.978029+00:00
75cca813264ad00a,https://detec.in/,"[""sales@detec.in""]","[""+919266552102"", ""+919810082788"", ""+919810485685"", ""+919971682788""]","{""Facebook"": [""https://facebook.com/detecdevice""], ""Instagram"": [""https://instagram.com/detec.in""], ""YouTube"": [""https://youtube.com/channel/UCwDbto4YinitFWmscyZmyBA""]}",Electronics,"Shop open-box unused and used electronics, cameras, lenses, tools and security equipment at Detec. View product specifications, prices and condition details.",https://detec.in/cdn/shop/files/logo_detec_witout_bg_rect_200x.png?v=1632394102,Delhi,2026-09-29T21:56:24.561467+00:00
77aec08432531c00,https://www.jhajistore.com/,"[""mayank@jhajistore.com"", ""namaste@jhajistore.com"", ""neelesh@jhajistore.com""]","[""+916201268880""]","{""Facebook"": [""https://facebook.com/jhajistore""], ""Instagram"": [""https://instagram.com/jhajistore""], ""X"": [""https://x.com/jhajistore""]}",Food & nutrition,"JhaJi Store is an online pickle store that sells homemade achar using authentic, traditional recipes from Mithilanchal in North-Eastern region of Bihar. 300+ 5-Star Reviews and 4000+ Customers in 6 months. We are Delivering these pickles to a Zip Code near you. Place an order online.",https://www.jhajistore.com/cdn/shop/files/Logo_2_5eb93ac3-1014-45b1-a22e-0dec9c76b439_2048x2048.png?v=1640655442,Bihar,2026-09-29T21:56:25.261459+00:00
7a33da4575200d73,https://www.greensoul.online/,"[""info@greensoul.online"", ""leadership@greensoul.online""]","[""+918444956789"", ""+918448444695""]","{""Facebook"": [""https://facebook.com/greensoulergonomics""], ""Instagram"": [""https://instagram.com/greensoul.ergonomics""], ""X"": [""https://x.com/greensoulergo""], ""YouTube"": [""https://youtube.com/channel/UCj9fa0VsXOUqn6d4-lUSp_A""]}",Home & living,"Buy Ergonomic Chairs Online at Best Price in India ✓250,000+ Happy Customers ✓Free Delivery ✓EMI Available ✓3-Year Warranty. We got your back always",https://www.greensoul.online/cdn/shop/files/Green_Soul_Logo_PNG_1_d0c4ff8e-1c22-489c-bf33-c74f22c0c51e_1.webp?v=1664462712&width=150,Maharashtra,2026-09-29T21:56:30.593743+00:00
7b31cb0a70cf57f7,https://deyga.in/,"[""enquiry@deyga.in""]","[""+919087015599"", ""+919087035599"", ""+919087045599"", ""+919159305599"", ""+919514325599"", ""+919514345599"", ""+919514375599"", ""+919514415599"", ""+919585725599""]","{""Facebook"": [""https://facebook.com/people/Deyga-Organics/100067458253719""], ""Instagram"": [""https://instagram.com/deyga_organics""], ""LinkedIn"": [""https://linkedin.com/company/deyga-organics""], ""X"": [""https://x.com/deygaorganics""], ""YouTube"": [""https://youtube.com/channel/UC5xhroNk5TZyi4Ju0BE_Yqw""]}",Skincare,"Say yes to healthy, radiant skin with Deyga Organic's natural skin care products, made with pure ingredients. Find your favourites & glow naturally.",https://deyga.in/cdn/shop/files/Speed_Deyga_Logo_22e3e05f-d43a-4ed7-a33d-8f5f8d393c0c.png?v=1782390990&width=600,Tamil Nadu,2026-09-29T21:56:36.609422+00:00
7f7dc5772557f0fd,https://thewastore.com/,"[""kalpesh@thewastore.com"", ""sales@thewastore.com""]","[""+919024354445"", ""+919537192093""]","{""Facebook"": [""https://facebook.com/thewastore""], ""Instagram"": [""https://instagram.com/thewastore""], ""X"": [""https://x.com/thewastore""]}",Jewellery,Original Thewa Art Jewellery crafted By PadmaShree Mahesh Raj Soni. Thewa art Work received Geographical Indication Number - 244,https://thewastore.com/cdn/shop/files/KRS_400.png?v=1676108194&width=600,Gujarat,2026-09-29T21:56:39.206225+00:00
7ff240ac565ee1c7,https://supertails.com/,"[""harshlovespets@supertails.com"", ""support@supertails.com""]","[""+919187711456""]","{""Facebook"": [""https://facebook.com/supertails.official""], ""Instagram"": [""https://instagram.com/supertails.official""], ""LinkedIn"": [""https://linkedin.com/company/supertails""], ""X"": [""https://x.com/supertails_ind""], ""YouTube"": [""https://youtube.com/@supertails_""]}",Apparel,Best pet store in India with top brands of pet supplies. Buy all pet essentials like cat and dog products. ✓Best prices ✓Fast delivery ✓Easy Returns.,https://supertails.com/cdn/shop/files/supertails-logo-for-dark-theme_200x_2x_59a36949-1934-4494-b180-9ff4bcb2cb35_230x.webp?v=1659207740,Karnataka,2026-09-29T21:56:44.804404+00:00
80459d29de423571,https://ptron.in/,"[""support@ptron.in""]","[""+914067138888""]","{""Facebook"": [""https://facebook.com/pTronOfficial""], ""Instagram"": [""https://instagram.com/ptronindia""], ""LinkedIn"": [""https://linkedin.com/company/ptron""], ""X"": [""https://x.com/PtronGlobal""], ""YouTube"": [""https://youtube.com/channel/UCBTaZOKHo7oi2oKVnYx3XRg""]}",Electronics,"Shop the latest and the Best Audio, Cables & Chargers, Home Appliances and Auto Accessories from pTron India - Loved by 12Million People, Proudly engineered & #MadeinIndia 🇮🇳",https://ptron.in/cdn/shop/files/pTron_Symbol_CanaryYellow_1_119x.png?v=1651229055,Telangana,2026-09-29T21:56:46.637822+00:00
81c142821e55a4b7,https://www.beyondsnack.in/,"[""career@beyondsnack.in"", ""crc@drjackfruit.com"", ""grievance@drjackfruit.com"", ""info@drjackfruit.com"", ""unsubscriber@drjackfruit.com""]","[""+918329905528"", ""+918884199886""]","{""Facebook"": [""https://facebook.com/beyondsnack""], ""Instagram"": [""https://instagram.com/beyondsnacks""], ""YouTube"": [""https://youtube.com/@BeyondSnack""]}",Food & nutrition,"Discover Beyond Snack Banana Chips - delicious, thin, crispy and flavourful snacks. Perfect for anytime, anywhere premium snacking!",https://www.beyondsnack.in/cdn/shop/files/Logo_New-01_99460463-b618-4380-9d47-8284bf40cde6.png?v=1718105413&width=154,Kerala,2026-09-29T21:56:42.657118+00:00
85c60b79b10796b7,https://foxin.in/,"[""care@foxin.in"", ""grievance@balajisolutions.in""]","[""+919038565656""]","{""Facebook"": [""https://facebook.com/foxinindia""], ""Instagram"": [""https://instagram.com/foxinindia""], ""LinkedIn"": [""https://linkedin.com/company/foxin-india""], ""X"": [""https://x.com/foxinindia""], ""YouTube"": [""https://youtube.com/channel/UC1Wqsb56rlc0-C_LSuRbnQA""]}",Electronics,"Shop Foxin's official store for monitors, gaming accessories, power banks, earbuds, SSDs, toner cartridges, USB hubs & more. Trusted by 10M+ customers. Delivered across India.",https://foxin.in/cdn/shop/files/Artboard_1_200x_dfb6ecd8-25c2-4bf1-8995-d063e7f75909.avif?v=1756797350,West Bengal,2026-09-29T21:57:02.065304+00:00
85ebf48f37719a7a,https://www.fashionistamna.com/,"[""info@fashionistamna.com""]","[""+917817870977""]","{""Facebook"": [""https://facebook.com/fashionistamna""], ""Instagram"": [""https://instagram.com/fashionistamna""]}",Apparel,"Pakistani Suits online shopping in India with Free Shipping and cash on delivery. Original Pakistani salwar kameez brands Maria B, Gul Ahmed and Indian Replica.",https://www.fashionistamna.com/cdn/shop/files/fashionistamna-logo.png?v=1658235149&width=330,Gujarat,2026-09-29T21:56:54.202258+00:00
873f9807dd8edae1,https://frenchcrown.in/,"[""contact@frenchcrown.com"", ""kalpesh@frenchcrown.com""]","[""+912613544111"", ""+919723325522"", ""+919724325522""]","{""Facebook"": [""https://facebook.com/frenchcrownluxury""], ""Instagram"": [""https://instagram.com/french_crown""], ""YouTube"": [""https://youtube.com/@frenchcrown""]}",Apparel,"Shop premium & luxury men’s wear outfits at French Crown India. Explore our exclusive collections of shirts, suits, trousers, t-shirts, blazers, jeans, and more.",https://frenchcrown.in/cdn/shop/files/new_fainel_logo_31.svg?v=1735642465&width=264,Gujarat,2026-09-29T21:57:04.033139+00:00
88bdb9a82d4df7e3,https://shadesofspring.in/,"[""hello@shadesofspring.in""]","[""+916364535321""]","{""Facebook"": [""https://facebook.com/theshadesofspring""], ""Instagram"": [""https://instagram.com/theshadesofspring""], ""X"": [""https://x.com/ShadesOfSpring_""], ""YouTube"": [""https://youtube.com/channel/UCg6Beis8bwFMG7xlDE6P3Kw""]}",,,https://shadesofspring.in/cdn/shop/files/sos-logo_400x.png?v=1635180058,Rajasthan,2026-09-29T21:56:54.202258+00:00
8934fcf1d1520ab4,https://rynoxgear.com/,"[""support@rynoxgears.com""]","[""+917795688316""]","{""Facebook"": [""https://facebook.com/Rynoxgears""], ""Instagram"": [""https://instagram.com/rynoxgear""], ""X"": [""https://x.com/rynoxgears""], ""YouTube"": [""https://youtube.com/@RYNOXGEAR_YouTube""]}",Apparel,"Premium Motorcycle Protective Gear- Riding Jackets, Motorcycle Pants, Biker Gloves, Saddlebags, Tankbags, Tailbags. Buy online with free shipping across India.",https://rynoxgear.com/cdn/shop/files/website_2.0_header_logo-01-01_83688c85-48c2-47f0-a708-acb6e5cc1f54_418x.png?v=1622184816,Maharashtra,2026-09-29T21:57:13.062072+00:00
8a29ad8ee77eb176,https://boheco.com/,"[""customercare@boheco.com"", ""hello@blabel.com"", ""info@boheco.com"", ""info@hemptexindia.com"", ""media@boheco.com"", ""people@boheco.com"", ""sales@boheco.com"", ""sales@hempfabriclab.com""]","[""+918591300415"", ""+918828590429"", ""+918828592457"", ""+918828905014"", ""+919029044322"", ""+919619696100"", ""+919819662127"", ""+919833311699""]","{""Facebook"": [""https://facebook.com/BOHECO""], ""Instagram"": [""https://instagram.com/bohecoindia""], ""LinkedIn"": [""https://linkedin.com/company/bombay-hemp-company""]}",Health & wellness,"CBD & Hemp Products – Shop at BOHECO, India’s best hemp brand for premium CBD oils & wellness essentials. Enhance your health with ✔ Ayurvedic. ✔ Clinically Tested products.",https://boheco.com/cdn/shop/files/BOHECO_logo_Recovered.png?v=1775223617&width=2505,Maharashtra,2026-09-29T21:57:16.430482+00:00
8a6d99862e4c19ca,https://beminimalist.co/,[],"[""+917412092487"", ""+919772346555"", ""+919929021903""]","{""Facebook"": [""https://facebook.com/minimalistinc""], ""Instagram"": [""https://instagram.com/beminimalist__""], ""YouTube"": [""https://youtube.com/@beminimalist""]}",Skincare,"We believe our products should be accessible to all, but we will never compromise on quality, ensuring only the best products reach you. Our products are priced to allow you to test and play with ingredients to build your perfect skincare or haircare routine, for your ever changing needs.",https://sfycdn.speedsize.com/56385b25-4e17-4a9a-9bec-c421c18686fb/https://beminimalist.co/cdn/shop/files/Minimalist-Logo-PNG.png?v=1712742891,Rajasthan,2026-09-29T22:10:22.446076+00:00
8abc9a39b40290f4,https://bellavitaorganic.com/,"[""shop@bellavitaorganic.com""]","[""+917899209461"", ""+919311732440"", ""+919810154380""]","{""Facebook"": [""https://facebook.com/bellavitaorganic""], ""Instagram"": [""https://instagram.com/bellavita.official""], ""X"": [""https://x.com/bellavita_org""], ""YouTube"": [""https://youtube.com/c/BellaVitaOrganicIndia""]}",Skincare,"Discover Bellavita Organic's premium perfumes, skincare and beauty products. Shop bestselling fragrances, gift sets and more at great prices.",https://bellavitaorganic.com/cdn/shop/files/Bella_Vita_Logo_360_E_2x_d60de42b-fa50-45b3-b490-be70ac1fffa1.png?height=30&v=1716533001,,2026-09-29T21:57:15.281090+00:00
8c887e6a1759c387,https://xyxxcrew.com/,"[""support@xyxxcrew.com""]","[""+916358729768"", ""+919313807079""]","{""Facebook"": [""https://facebook.com/XYXXInnerwear""], ""Instagram"": [""https://instagram.com/xyxxcrew""], ""X"": [""https://x.com/xyxxcrew""], ""YouTube"": [""https://youtube.com/@xyxxcrew2261""]}",Apparel,"Upgrade your essentials with premium men’s underwear, loungewear and athleisure. Discover breathable fabrics and everyday comfort with XYXX.",https://xyxxcrew.com/cdn/shop/files/XYXX-Logo-White_1_8c819aa5-67f4-4939-bc31-cce111ff26d0.png?v=1785229930&width=180,Gujarat,2026-09-29T21:57:23.777613+00:00
8f87f8375c049b1e,https://itokri.com/,"[""helloji@itokri.com""]","[""+9118001201269"", ""+916031112298"", ""+917514012029"", ""+917773897774"", ""+917869002255"", ""+917869003388"", ""+917869955644"", ""+917869957726""]","{""Facebook"": [""https://facebook.com/itokri""], ""Instagram"": [""https://instagram.com/itokri""], ""X"": [""https://x.com/itokri""], ""YouTube"": [""https://youtube.com/user/itokri""]}",Apparel,"Trusted online store in India to buy original fabric, authentic dress material, ethnic wear, women accessories in various crafts by Indian Artisans.",https://itokri.com/cdn/shop/files/itokri_logo.1.png?v=1730715023&width=160,Madhya Pradesh,2026-09-29T22:10:28.541165+00:00
914c27cfb8cd7975,https://www.vedobi.com/,"[""care@vedobi.com"", ""sales@vedobi.com"", ""support@vedobi.com""]","[""+911142455300"", ""+911142455400"", ""+9118001210053"", ""+917945902084""]","{""Facebook"": [""https://facebook.com/vedobi.official""], ""Instagram"": [""https://instagram.com/vedobi.official""]}",Health & wellness,"Explore the world of Ayurveda and find the perfect treatment, herb, or medicine for your needs. Vedobi is the right place to shop ayurveda online.",https://www.vedobi.com/cdn/shop/files/logo.webp?v=1744187203&width=200,Gujarat,2026-09-29T21:57:37.170279+00:00
91708565b32f0140,https://blackberrys.com/,"[""customersupport@blackberrys.com""]","[""+918071811173"", ""+919266468500"", ""+919810000209""]","{""Facebook"": [""https://facebook.com/BlackberrysMenswear""], ""Instagram"": [""https://instagram.com/blackberrysmenswear""], ""LinkedIn"": [""https://linkedin.com/company/blackberrys""], ""YouTube"": [""https://youtube.com/user/blackberrysgosharp""]}",Apparel,Buy formal and casual wear for men from Blackberrys. Explore our wide range of premium menswear. Shop now!,https://blackberrys.com/cdn/shop/files/WHITELOGO.png?v=1739514643&width=1509,Delhi,2026-09-29T21:57:36.491524+00:00
92b6a59c5c4cc031,https://www.leafstudios.in/,"[""orders@leafstudios.in"", ""support@leafstudios.in""]","[""+917303657827""]","{""Facebook"": [""https://facebook.com/leafstudiosofficial""], ""Instagram"": [""https://instagram.com/leaf.studios""], ""X"": [""https://x.com/leafstudiosin""], ""YouTube"": [""https://youtube.com/channel/UCXGy4Q7GAYTXmVUWtIrHP6g""]}",Electronics,"Leaf Headphones, Earbuds, IEM, Speakers, Magsafe Powerbanks- We make tech products that help you go DND. Free shipping, 1 year warranty, 10 day easy returns. Cash on Delivery available",https://www.leafstudios.in/cdn/shop/files/new-logo-website.png?v=1788334952,Delhi,2026-09-29T21:57:40.893505+00:00
988d63f6e96c93b4,https://plumgoodness.com/,"[""grievance.officer@teampureplay.com"", ""hello@plumgoodness.com""]","[""+917506496604""]","{""Instagram"": [""https://instagram.com/plumgoodness""], ""YouTube"": [""https://youtube.com/channel/UC6tQtwAuADVKuxIRKfwMZfw""]}",Beauty & fragrance,"India's first 100% vegan beauty brand. Get best offers on Skincare, Haircare, Bodycare, Makeup & more at Plum Goodness.",https://plumgoodness.com/cdn/shop/files/Plum_Logo_800x447px.svg?v=1775810900&width=190,Maharashtra,2026-09-29T21:57:48.682285+00:00
9cb6bb930f6bf507,https://www.bunastudio.com/,"[""care@bunastudio.com""]","[""+919310164266"", ""+919971366552""]","{""Facebook"": [""https://facebook.com/bunastudio""], ""Instagram"": [""https://instagram.com/bunastudio""], ""X"": [""https://x.com/bunastudio""]}",Apparel,"Buna Studio is the finest sustainable fashion brand in India offering exquisite handmade dresses for women, made in high quality natural and handwoven fabrics using artisanal crafts, sartorial techniques and ethical practices. Shipping worldwide.",https://www.bunastudio.com/cdn/shop/files/buna_logo_inv_75x_2x_c69b1bbc-c636-49d1-bee2-039c28173309.png?v=1663665762&width=150,Delhi,2026-09-29T21:57:55.113577+00:00
9d1fc9bb74976901,https://marketplace.mainstreet.co.in/,"[""inquiry@mainstreet.co.in"", ""orders@mainstreet.co.in""]","[""+919137255719""]","{""YouTube"": [""https://youtube.com/@MainStreettv"", ""https://youtube.com/channel/UC0Eq7hYE-YkDy7BodIIbAVg""]}",Apparel,"Mainstreet – India's Premiere Hype Platform. Browse through 7000+ premium streetwear like sneakers, apparel & accessories at lowest price.",https://marketplace.mainstreet.co.in/cdn/shop/files/mnst_OG_2.png?v=1662992758&width=1197,Maharashtra,2026-09-29T21:57:57.381487+00:00
9f43dfd7c0b27bb3,https://thehatke.com/,"[""care@thehatke.com"", ""contact.thehatke@gmail.com""]",[],"{""Facebook"": [""https://facebook.com/thehatkeofficial""], ""Instagram"": [""https://instagram.com/thehatke_official""], ""YouTube"": [""https://youtube.com/channel/UC77z8-FZDL_YW6r8jv3bgfA""]}",Phone accessories,"Phone cases and covers for iPhone, Samsung, OnePlus, Vivo, Oppo, Realme, Nothing and more. Silicone, MagSafe, leather and engraved designs. Free COD, 10% off on prepaid.",https://cdn.shopify.com/s/files/1/0055/3074/6951/files/1780486692760-hatke.jpg?v=1780486694,Delhi,2026-09-29T21:58:06.083517+00:00
a230f0b9eaf09e6e,https://curato.in/,"[""online@curato.in""]","[""+918879381014"", ""+919152099077""]","{""Facebook"": [""https://facebook.com/curatoindia""], ""Instagram"": [""https://instagram.com/curato.in""]}",Apparel,"Curato was conceptualized to disrupt the elusion and mindset that men aren’t conscious about fashion.""Discover Curato, your one-stop destination for curated menswear collections.",https://curato.in/cdn/shop/t/6/assets/i-currency-4_23x.png?v=131670334128872684141593083898,Maharashtra,2026-09-29T22:11:00.616425+00:00
a2516333e0575c7f,https://www.theflexnest.com/,"[""orders@theflexnest.com""]","[""+917065060581"", ""+919667991519"", ""+919818901692""]","{""Facebook"": [""https://facebook.com/theflexnest""], ""Instagram"": [""https://instagram.com/theflexnest""], ""X"": [""https://x.com/theflexnest""]}",Sports & fitness,"Shop home gym equipment in India—treadmills, exercise bikes, dumbbells & smart fitness gear with interactive classes. Buy online from Flexnest.",https://www.theflexnest.com/cdn/shop/files/White_logo_-_no_background_180x_8a025dfc-3761-4879-9997-4e12a676d476_180x.webp?v=1660749909,Haryana,2026-09-29T21:58:08.109613+00:00
a42f47f244559154,https://thedesitech.com/,"[""care@thedesitech.com""]","[""+917077719844""]","{""Facebook"": [""https://facebook.com/desitech""], ""Instagram"": [""https://instagram.com/thedesitech""]}",Electronics,"Shop premium mobile accessories at The Desitech – fast chargers, Samsung watch charger, MagSafe chargers, Apple EarPods, Type-C cables & more. Made in India quality with warranty, safe fast charging & reliable performance for iPhone, Samsung, Motorola & all devices",https://thedesitech.com/cdn/shop/files/Website_Logo.png?v=1772533491&width=380,Odisha,2026-09-29T21:58:23.886959+00:00
a653b507a1a7847d,https://www.thestylesalad.in/,"[""hello@thestylesalad.in"", ""stylesaladorders@gmail.com""]","[""+919840545403""]","{""Facebook"": [""https://facebook.com/thestylesalad""], ""Instagram"": [""https://instagram.com/the_stylesalad""], ""X"": [""https://x.com/TheStyleSalad""]}",Gifts & personalization,"Shop Online for Personalized Gifts, Corporate Gifts, Gifts for babies, men, and women, for Rakhi, weddings & holidays.",https://www.thestylesalad.in/cdn/shop/files/Logo_3.png?v=1664519529,Tamil Nadu,2026-09-29T22:11:09.332125+00:00
a6bb1b63c76d5ab8,https://indiahemporganics.com/,"[""info@indiahemporganics.com""]","[""+919108154394""]","{""Facebook"": [""https://facebook.com/profile.php?id=100063452779902""], ""Instagram"": [""https://instagram.com/indiahorganics""], ""LinkedIn"": [""https://linkedin.com/company/india-hemp-organics""], ""X"": [""https://x.com/indiahemporg""]}",Food & nutrition,"We bring to you the best Hemp products from the foothills of the Himalayas, Uttarakhand. Nourish your mind, body, and soul with these organic products. We follow sustainable Hemp farming activities and carefully select each and every Hemp seed while empowering local farmers. Buy hemp oil in India.",https://indiahemporganics.com/cdn/shop/files/brown_logo_1.png?v=1677160910&width=360,Karnataka,2026-09-29T21:58:25.797743+00:00
a6bc4f09c3832382,https://thejodilife.com/,"[""orders@thejodilife.com""]","[""+918169663898"", ""+919172790033"", ""+919266887123""]","{""Facebook"": [""https://facebook.com/thejodilife""], ""Instagram"": [""https://instagram.com/thejodilife""], ""Pinterest"": [""https://pinterest.com/thejodilife""]}",Apparel,"At JODI, we create sustainable fashion and offer products rooted in Indian tradition and design. Buy handcrafted clothing, accessories, art, and homeware.",https://thejodilife.com/cdn/shop/files/Jodi_White-Logo.png?v=1779947375&width=1250,Maharashtra,2026-09-29T21:58:20.636154+00:00
a7328ce58347ac0c,https://www.allthatgrows.in/,"[""bulk@allthatgrows.in"", ""hello@allthatgrows.in""]","[""+918427513645"", ""+918544865077""]","{""Facebook"": [""https://facebook.com/allthatgrows.in""], ""Instagram"": [""https://instagram.com/allthatgrows.in""], ""YouTube"": [""https://youtube.com/channel/UC3hpRL1LYptLVya3esMYLfw""]}",,Buy the best quality seeds online. Non-GMO and heirloom seeds. Get a free seed sample with every purchase. Free shipping on all orders above Rs 300.,https://www.allthatgrows.in/cdn/shop/files/logo-wh.png?v=1614755511&width=200,Chandigarh,2026-09-29T22:11:36.436027+00:00
a9318ef50b538820,https://bummer.in/,"[""hello@bummer.in"", ""sulay@bummer.in""]","[""+916357461992""]","{""Instagram"": [""https://instagram.com/bummer.in""]}",Apparel,Ultra Soft and Most comfortable Underwear For Men and Women in India. Printed colorful Range at Best Price. As Seen on Shark Tank India! Free Shipping. Free COD. Express Delivery. Shop Now!,https://bummer.in/cdn/shop/files/logo.svg?height=27&v=1759488355,Gujarat,2026-09-29T21:58:27.826211+00:00
ae64800a4d00eb0f,https://colorbarcosmetics.com/,"[""academy@colorbarcosmetics.com"", ""cb-collaboration@colorbarcosmetics.com"", ""support@colorbarcosmetics.com""]","[""+911166037000"", ""+919871861861""]","{""Facebook"": [""https://facebook.com/colorbarcosmetics""], ""Instagram"": [""https://instagram.com/lovecolorbar""], ""X"": [""https://x.com/lovecolorbar""], ""YouTube"": [""https://youtube.com/channel/UCR57rFpJ4rABT6voCOv954g""]}",Beauty & fragrance,Choose PETA-certified premium makeup and skincare products online in India. Shop beauty products from the leading Colorbar Cosmetics store at the best price in India,https://colorbarcosmetics.com/cdn/shop/files/logo-black.png?v=1757413225&width=440,Delhi,2026-09-29T21:58:35.633682+00:00
af85f773a50d7597,https://www.tanotis.com/,"[""sales@tanotis.com"", ""support@tanotis.com""]","[""+919686001001"", ""+919686002002""]","{""Facebook"": [""https://facebook.com/tanotis""], ""Instagram"": [""https://instagram.com/tanotis""], ""LinkedIn"": [""https://linkedin.com/company/tanotis""], ""X"": [""https://x.com/Tanotis""]}",Electronics,"Tanotis.com is an Imported Electronics Store with Wholesale Prices. Business & Industrial Electronics & DIY Kits, Camera & Photography, Consumer Electronics etc",https://www.tanotis.com/cdn/shop/t/41/assets/Tanotis_Logo_SVG.svg?v=153418573322379978841588158743,Karnataka,2026-09-29T21:58:33.853450+00:00
b17cf489fc78e1d5,https://www.likera.co.in/,"[""complains@likera.co.in"", ""support@likera.co.in""]","[""+919833773007""]","{""Facebook"": [""https://facebook.com/wear.likera""], ""Instagram"": [""https://instagram.com/likeraclothing_marol""], ""YouTube"": [""https://youtube.com/@likeraclothing""]}",Apparel,,https://www.likera.co.in/cdn/shop/files/WhatsApp_Image_2022-11-20_at_11.55.53_AM.jpg?v=1702684871&width=500,Maharashtra,2026-09-29T21:58:42.687550+00:00
b1c5cb080269275a,https://scitron.com/,"[""care@scitron.com""]","[""+917400295000"", ""+918657515586""]","{""Facebook"": [""https://facebook.com/scitronprocom""], ""Instagram"": [""https://instagram.com/scitronpro""], ""LinkedIn"": [""https://linkedin.com/in/scitron-pro-3b9a051a6""], ""X"": [""https://x.com/scitronpro""], ""YouTube"": [""https://youtube.com/channel/UCP9LZ1whACElZl7aRspgIJQ""]}",Food & nutrition,"Scitron: India's top sports nutrition & supplement brand. Certified by Labdoor, Informed Choice, and Eurofins for unmatched quality. Try kar!",https://scitron.com/cdn/shop/files/scitron-logo_1_150x.png?v=1634649691,Maharashtra,2026-09-29T21:58:41.298725+00:00
b49e0c01d1233db6,https://guduchiayurveda.com/,"[""care@guduchiayurveda.com""]","[""+916363265353"", ""+916363428787"", ""+917204393052"", ""+919187194661"", ""+919606333401"", ""+919632898181"", ""+919901258181"", ""+919901275281"", ""+919901275361"", ""+919901276464"", ""+919901295202"", ""+919901722090"", ""+919901765640""]","{""Facebook"": [""https://facebook.com/Guduchi""], ""Instagram"": [""https://instagram.com/Guduchiayurveda""], ""X"": [""https://x.com/eguduchi""], ""YouTube"": [""https://youtube.com/channel/UCPnEQ87tN73PY8yIHuLvIUw""]}",Health & wellness,"India's only dual-target diabetes reversal program. 63000+ patients treated. Reduce insulin, reverse HbA1c, guided by Doctors. Free 5-day trial available. An Exclusive diabetes reversal program in India with clinic spread across Bangalore, Kolkata, Chennai, Hyderabad, Ahmedabad, Udupi, Hubballi, Kalburgi and Mysore.",https://guduchiayurveda.com/cdn/shop/files/e-guduchi-banner-logo.png?v=1613733263&width=600,Karnataka,2026-09-29T21:58:40.698453+00:00
b54cfe31a0ab5fe5,https://www.chumbak.com/,"[""help@chumbak.in""]","[""+918046800250"", ""+919980127955""]","{""Facebook"": [""https://facebook.com/Chumbak""], ""Instagram"": [""https://instagram.com/chumbak""]}",Home & living,"Choose from a wide range of products across the categories like Furniture, Bed & Furnishing, Decor, Kitchen & Dining under Home and Bags & Wallet, Watches and Beauty & Fragrance under Lifestyle.",https://www.chumbak.com/cdn/shop/files/9-1.png?v=1693220644&width=400,Karnataka,2026-09-29T21:58:44.749062+00:00
b6695d5abb5c584c,https://fabricpandit.com/,"[""help@fabricpandit.com"", ""info@fabricpandit.com""]","[""+912616770775"", ""+912616770777"", ""+917021087102""]",{},,"India's premiere destination for natural cotton fabrics, handcrafted cotton linen face masks, printed & embroidered fabrics, pure scarves & stoles.",https://fabricpandit.com/cdn/shop/files/new_logo_square.svg?height=40&v=1775551928,Gujarat,2026-09-29T21:58:55.075757+00:00
b78f6a5a8c673e3d,https://www.divinearoma.org/,"[""admin@divinearoma.in"", ""business@divinearoma.in"", ""info@divinearoma.org""]","[""+918023300154"", ""+918023302670""]","{""Facebook"": [""https://facebook.com/divinearomaenergy""], ""Instagram"": [""https://instagram.com/divinearomaoils""], ""LinkedIn"": [""https://linkedin.com/company/divine-aroma""], ""YouTube"": [""https://youtube.com/channel/UCXRiO2DKxVz8h2t5hePMjYA""]}",Beauty & fragrance,"Elevate experiences through the power of aromatherapy and scent. At workplaces, home, hospitality & more . Aroma oils, essential oils, scent diffusion systems, natural incense sticks & cones.",https://www.divinearoma.org/cdn/shop/files/Untitled_design_02555684-ba3a-4143-8317-a800fcd4cb2b_105x.png?v=1613740965,Karnataka,2026-09-29T21:58:58.192540+00:00
b9a3f633cee4c45a,https://www.tpstech.in/,"[""privacy@tpstech.in"", ""sales@tpstech.in"", ""support@tpstech.in""]","[""+917388305552"", ""+918047188277"", ""+918088655551"", ""+918861325551""]","{""Instagram"": [""https://instagram.com/tpstechin""]}",Electronics,"Shop 10,000+ PC hardware, gaming accessories & IT peripherals at TPS Tech. Enjoy free shipping across India, easy returns, EMI options & unbeatable deals. From SSDs to gaming gear - upgrade your setup with trusted quality today!",https://www.tpstech.in/cdn/shop/files/white_tpstech_new_logo_-_june_2026.webp?v=1781889093&width=600,Karnataka,2026-09-29T21:59:02.657210+00:00
baa30ee5d7a7c9a7,https://www.simpleskincare.in/,"[""grievance.officer-privacy@unilever.com"", ""lever.care@unilever.com"", ""order@simpleskincare.in"", ""support@simpleskincare.in""]","[""+9118001022221"", ""+917669300374""]","{""Facebook"": [""https://facebook.com/simpleskincareindia""], ""Instagram"": [""https://instagram.com/simpleskincareindia""], ""YouTube"": [""https://youtube.com/channel/UCzJfJLTsmRFcAwy7bk4o6pw""]}",Skincare,Simple Skincare excludes more than 2000+ harsh chemicals and has no artificial fragrance or colour. Shop for Simple Skincare online and get up to 30% OFF.,https://www.simpleskincare.in/cdn/shop/files/Simple_Logo_400x160_f1ca9ee2-b98c-484f-ae93-15897ffabcc0_88x35.png?v=1700634463,Maharashtra,2026-09-29T22:12:13.604352+00:00
c1ce2f2c808bfc06,https://makerbazar.in/,"[""contact@makerbazar.in"", ""support@makerbazar.in""]","[""+919560901125""]","{""Facebook"": [""https://facebook.com/makerbazar.in""], ""Instagram"": [""https://instagram.com/makerbazar""], ""YouTube"": [""https://youtube.com/@Makerbazar""]}",Electronics,"MakerBazar.in, Online Stores for DIY in India. Buy STEM Kits, Electronics, Robotics, Aeromodelling Drone Parts, IoT, Prototyping, Arts & Crafts at best price.",https://makerbazar.in/cdn/shop/files/makerbazar_dark_logo_updated_5242a7e4-b996-4a1d-831c-9543c3dd3f31_150x@2x.png?v=1635332469,,2026-09-29T22:12:14.157486+00:00
c38116f343717f80,https://truefrog.in/,[],"[""+918431998330""]","{""Facebook"": [""https://facebook.com/TrueFrog""], ""Instagram"": [""https://instagram.com/truefrog_""], ""YouTube"": [""https://youtube.com/@truefrog5528""]}",Hair care,Shop at True Frog to find the perfect solution for your hair care needs. Check out True Frog online to see what our Hair and Skin care Products have to offer,https://truefrog.in/cdn/shop/files/TF-logo.png?height=30&v=1614298684,Karnataka,2026-09-29T21:59:19.702655+00:00
c4f1f3b1876f5a52,https://www.libas.in/,"[""care@libas.in""]","[""+919205222171"", ""+919899990772""]","{""Facebook"": [""https://facebook.com/libasindia""], ""Instagram"": [""https://instagram.com/libasindia""], ""YouTube"": [""https://youtube.com/channel/UCD78_clPwFhkWTUv-R_yl8g""]}",Apparel,"Browse from a wide range of Women's Clothing Online on Libas. Buy Indian Wear for Women like Kurtas, Dresses, Suits and more in best price ✯ COD ✯ Easy Returns",https://www.libas.in/cdn/shop/files/purple_Libas-Logo_1_1.png?v=1716187208&width=260,Uttar Pradesh,2026-09-29T22:12:28.913549+00:00
c56032094f7e5742,https://kharakapas.com/,"[""hello@kharakapas.com"", ""kharakapas@gmail.com""]","[""+917678104501"", ""+918178227504"", ""+918510949696"", ""+919211333083"", ""+919873720096""]","{""Facebook"": [""https://facebook.com/KharaKapas""], ""Instagram"": [""https://instagram.com/kharakapas""], ""YouTube"": [""https://youtube.com/@kharakapas6269""]}",Apparel,"Explore Khara Kapas for handcrafted Indian clothing made with pure homegrown fabrics and original prints. Shop women's, men's, kids' fashion and accessories. Free shipping in india.",https://kharakapas.com/cdn/shop/files/kharakapas_logo_764px.png?v=1613694605&width=764,,2026-09-29T22:12:37.621916+00:00
c63189ea7fc58d1a,https://skyblue.in/,"[""nidhi@skybluestationerymart.com"", ""support@skyblue.in"", ""support@skybluestationerymart.com""]","[""+917575803048"", ""+919512940044""]","{""Facebook"": [""https://facebook.com/skybluemart""], ""Instagram"": [""https://instagram.com/skyblueindia_official""], ""LinkedIn"": [""https://linkedin.com/company/skyblue-india""], ""YouTube"": [""https://youtube.com/channel/UCQzHVF-lWFhPJqCd5gaB3xg""]}",Stationery & art,"Shop the widest range of school supplies, office essentials, art & craft kits, and premium stationery. Find your perfect match & unleash your creativity!",https://cdn.shopify.com/s/files/1/0595/5279/2762/files/header-logo.svg?v=1629795669,Gujarat,2026-09-29T21:59:30.764356+00:00
c666f344fc72932c,https://www.fireboltt.com/,"[""arnav@boltt.com"", ""help@boltt.com"", ""info@boltt.com"", ""infocare@boltt.com""]","[""+919076095315""]","{""Facebook"": [""https://facebook.com/bolttsports""], ""Instagram"": [""https://instagram.com/fireboltt_""], ""YouTube"": [""https://youtube.com/channel/UCQh4jrmKaQdNlY_wsrCBAuQ""]}",Electronics,Fire-Boltt India's No. 1 Smart watch Brand. Get the latest Smartwatches and Audio Devices with best features and designs for Men and Women.,https://www.fireboltt.com/cdn/shop/files/Fireboltt_logo-white_200x.png?v=1765798289,Uttar Pradesh,2026-09-29T22:12:43.150868+00:00
c8a04196ab9cbe72,https://quicktech.in/,"[""info@quicktech.in""]","[""+919727270979""]","{""Facebook"": [""https://facebook.com/quicktech.in""], ""Instagram"": [""https://instagram.com/quicktech.in""], ""X"": [""https://x.com/quicktech_in""], ""YouTube"": [""https://youtube.com/@quicktech-in""]}",,"Buy Apple MacBook, Apple iPhone, Apple iPad and other Apple Products from QuickTech authorised distributor of apple products. Premium Apple distributor and reseller and delivery pan India. Complete range of iPhones, iPad, AirPods, iMac, MacBook Air, and MacBook Pro. For purchase Call us on 9727270979.",https://quicktech.in/cdn/shop/files/QT-Logo_2x_49a3b02d-5bb6-44db-b71e-76ed668854a4.png?v=1618380911&width=600,Gujarat,2026-09-29T21:59:34.023890+00:00
cd1353f73cb0adca,https://www.bigsmall.in/,"[""corporate@bigsmall.in"", ""support@bigsmall.in""]","[""+911166763875"", ""+917827474878""]","{""Facebook"": [""https://facebook.com/thebigsmallstore""], ""Instagram"": [""https://instagram.com/bigsmall.in""], ""X"": [""https://x.com/bigsmallstore""], ""YouTube"": [""https://youtube.com/channel/UCE3VbyxBbcr_zbFUt7B-WOA""]}",,"Bigsmall is known for its special and unique gift collections in India. Explore the best gifts for birthdays, anniversaries, or corporate gifting. Free On-time Delivery!",https://www.bigsmall.in/cdn/shop/files/BIGSMALL_LOGO.webp?v=1775303013&width=340,Delhi,2026-09-29T21:59:34.978766+00:00
ceb44de0aa5475c5,https://www.parrotcrow.in/,"[""customerservice@parrotcrow.in""]","[""+916369617060""]",{},Apparel,"Shop stylish cotton T-shirts, pyjama pants, and nightwear for kids clothes online at Parrot Crow. Soft fabrics, great fits, free delivery & COD across India.",https://www.parrotcrow.in/cdn/shop/files/LANDSCAPE_LOGO_WITHOUT_PEOPLE_S_CLOTHING.png?height=60&v=1789123435,,2026-09-29T21:59:39.621394+00:00
d048d75789c5571e,https://coveritup.com/,"[""help@coveritup.in""]","[""+919566012018""]","{""Facebook"": [""https://facebook.com/coveritup.in""], ""Instagram"": [""https://instagram.com/coveritup""], ""X"": [""https://x.com/coveritupindia""], ""YouTube"": [""https://youtube.com/@CoveritupIndia""]}",Phone accessories,Buy affordable mobile covers at Cover It Up. Explore a wide range of stylish mobile phone covers designed to protect and personalize your device.,https://coveritup.com/cdn/shop/files/Reverse_Logo_No_TM_-Web.png?v=1687840774&width=379,Tamil Nadu,2026-09-29T21:59:33.622911+00:00
d1da7bac9124ca6f,https://ekaya.in/,"[""info@ekaya.in""]","[""+919560467124""]","{""Facebook"": [""https://facebook.com/ekayabanaras""], ""Instagram"": [""https://instagram.com/ekayabanaras""], ""LinkedIn"": [""https://linkedin.com/company/ekaya-banaras""], ""YouTube"": [""https://youtube.com/@EkayaBanaras""]}",Apparel,"Ekaya is the best online shopping brand for women's ethnic wear. Explore a wide range of sarees like Banarasi, Silk, Georgette, & many more, Also take a look at the designer collection of lehengas, suits, dupattas, & more only @Ekaya Banaras.",https://ekaya.in/cdn/shop/files/Ekaya_Logo_1_1.png?v=1724045191&width=600,Delhi,2026-09-29T21:59:49.095149+00:00
d4d4c0d25d7f6a7b,https://elegantautoretail.com/,"[""policy@elegantautoretail.com"", ""support@elegantauto.net"", ""support@elegantautoretail.com""]","[""+918287109102"", ""+919716262626""]","{""Facebook"": [""https://facebook.com/elegantauto""], ""Instagram"": [""https://instagram.com/elegant_auto""], ""X"": [""https://x.com/elegantauto1""], ""YouTube"": [""https://youtube.com/c/elegantautoretail""]}",Car & motorcycle accessories,"Buy Latest Car Accessories Online Shopping in India Explore the Huge Range of Car Accessories, Seat Cover & Car Mats With Accessories Price List. ✓COD Available ✓Lowest Price ✓Car Interior Accessories for Maruti, Hyundai, Honda, Tata, Mg, Kia, Volkswagen, Skoda, Renault.",https://elegantautoretail.com/cdn/shop/files/Elegant_Logo_with_R_-_1000px_X_200px.png?v=1713765105,Uttar Pradesh,2026-09-29T21:59:48.507586+00:00
d6d14171e56e4d8a,https://cuirally.com/,"[""support@cuirally.com""]","[""+919444809898"", ""+919500072280""]",{},,Cuir Ally Smart Goods,https://cuirally.com/cdn/shop/files/Cuir-logo.png?v=1707392939&width=600,Tamil Nadu,2026-09-29T21:59:51.497522+00:00
d88628a04038f877,https://www.justherbs.in/,"[""customer.support@justherbs.in"", ""customersupport@justherbs.in"", ""info@justherbs.in"", ""manish.kumar@justherbs.in"", ""natasha.kadam@marico.com""]","[""+918976826904"", ""+918976826905"", ""+919764790875""]","{""Facebook"": [""https://facebook.com/justherbs""], ""Instagram"": [""https://instagram.com/justherbsindia""], ""X"": [""https://x.com/JustHerbsIndia""], ""YouTube"": [""https://youtube.com/channel/UC0tLWfVWGXrz3_LPTuU88VA""]}",Health & wellness,"Just Herbs - An Official Indian e-store for herbal, organic & ayurvedic cosmetic & beauty products for skincare, hair, bath & body. It is Pure, Bespoke and Ayurvedic. Visit Now to get at best Price.",https://www.justherbs.in/cdn/shop/files/Logo_JH_88939a9a-7e44-45b3-b819-298b0ad23559.png,,2026-09-29T22:13:04.572502+00:00
d8a7c1014bbb2852,https://himalayawellness.in/,"[""contactus@himalayawellness.com"", ""privacy.team@himalayawellness.com""]","[""+9118002081930"", ""+918017858472"", ""+918584977818"", ""+918902105058""]","{""Facebook"": [""https://facebook.com/HimalayaPersonalCare""], ""Instagram"": [""https://instagram.com/himalayapersonalcare""], ""X"": [""https://x.com/HimalayaIndia""], ""YouTube"": [""https://youtube.com/user/HimalayaHerbalsIndia""]}",Health & wellness,"Himalaya is trusted for head to heel range of herbal products. Shop our products online, see product prices & details on himalayawellness.in We deliver across India.",https://himalayawellness.in/cdn/shop/files/Logo-White.png?v=1673845874&width=2000,Karnataka,2026-09-29T21:59:54.007508+00:00
d98bdb78f1bc4020,https://krishnaayurved.com/,"[""care@krishnaayurved.com""]","[""+912913529700""]","{""Facebook"": [""https://facebook.com/krishnasaloevera""], ""Instagram"": [""https://instagram.com/krishna_ayurved_official""], ""X"": [""https://x.com/HerbalKrishna""], ""YouTube"": [""https://youtube.com/channel/UCAg9twalMwxq8M_G1c4RnsA""]}",Health & wellness,Rajputana Agrico is the top ayurvedic &amp; herbal product company in India. Ayurvedic store for all types of herbal products with a portfolio of over 100 products.,https://krishnaayurved.com/cdn/shop/files/kha-logo-2025.png?v=1749664575&width=543,Rajasthan,2026-09-29T21:59:56.232635+00:00
d9e665f251b381a3,https://www.bharatsthali.com/,"[""namaskaram@bharatsthali.com""]","[""+917657936709"", ""+918199995288"", ""+918264432699"", ""+919501666977"", ""+919855116699""]","{""Facebook"": [""https://facebook.com/bharatsthali""], ""Instagram"": [""https://instagram.com/bharatsthali""]}",Apparel,Ethnic Sarees Online. BharatSthali is the India’s best online site for ethnic sarees for women shopping available with a huge range of artisan collection at affordable prices. Browse best sari brand and enhance your beauty with our traditional Indian sarees online.,https://cdn.shopify.com/s/files/1/0560/2227/0115/files/svglogobst.svg,,2026-09-29T21:59:57.506277+00:00
da62ac8f16b1ee56,https://theartment.com/,"[""aditya@theartment.com"", ""hello@theartment.com""]","[""+911141170762"", ""+919211702215""]","{""Facebook"": [""https://facebook.com/TheArtment""], ""Instagram"": [""https://instagram.com/theartment""], ""LinkedIn"": [""https://linkedin.com/company/the-artment""], ""YouTube"": [""https://youtube.com/channel/UCGUyqnrubJU1yEs6iuT2DZg""]}",Home & living,"Offering the perfect combination of Art, utility, and a premium experience, Artment is an art decor brand that brings a wave of artful joy into regular life! We are keen on spreading awareness about the magic of art. We understand that art is subjective and its importance in everyone's life is different. Hence, our art",https://theartment.com/cdn/shop/files/artment_logo.png?v=1629971657&width=400,Delhi,2026-09-29T22:00:02.636865+00:00
de89d559e6806c34,https://frenchcrown.com/,"[""contact@frenchcrown.com""]","[""+15706348080"", ""+919725025522""]",{},Apparel,"French Crown is a globally recognised premium clothing brand for men in the USA, UK, Canada, Australia, and 90 more countries. Explore our wide collection of shirts, suits, blazers, pants, jeans and more.",https://frenchcrown.com/cdn/shop/files/new_fainel_logo_31.svg?v=1735730640&width=264,Gujarat,2026-09-29T22:00:11.066695+00:00
e3f66b886d3675e9,https://gonuts.in/,"[""info@gonuts.in""]","[""+919326799104""]","{""Facebook"": [""https://facebook.com/munchright""], ""Instagram"": [""https://instagram.com/gonutsin""], ""X"": [""https://x.com/gonuts_in""], ""YouTube"": [""https://youtube.com/channel/UCwgc6WLwkUSviq6QdYTe5xQ""]}",Food & nutrition,"Choose to Munch Right with our fresh & crunchy, premium quality, gourmet nuts, health mixes and the classics. Our customized hampers is the perfect way to share your joy.",https://gonuts.in/cdn/shop/files/Group_296.png?v=1718101859&width=600,Maharashtra,2026-09-29T22:00:11.818102+00:00
e7940a8232cf8d42,https://www.aegte.in/,"[""dhiren.sharma@aegte.in"", ""nidhi28.dhruv@gmail.com"", ""sales@aegte.in"", ""support@aegte.in""]","[""+919311721999""]","{""Facebook"": [""https://facebook.com/aegteofficial""], ""Instagram"": [""https://instagram.com/aegteofficial""], ""LinkedIn"": [""https://linkedin.com/company/aegteofficial""], ""X"": [""https://x.com/aegteofficial""]}",,"Aegte is one of the best natural & organic beauty products brand in India which offers a premium quality range of cosmetics, skin care, hair care & body care products in India.",https://www.aegte.in/cdn/shop/files/Aegte_Logo_Transparent_Background.jpg?v=1780133412&width=1080,Haryana,2026-09-29T22:13:46.895443+00:00
ed71de57e1c1371d,https://indianvirasat.com/,"[""indianvirasat09@gmail.com"", ""orders@indianvirasat.com""]","[""+918209585375"", ""+919462729008""]","{""Facebook"": [""https://facebook.com/indianvirasat""], ""Instagram"": [""https://instagram.com/indianvirasat""], ""X"": [""https://x.com/indianvirasat""], ""YouTube"": [""https://youtube.com/channel/UCgDsFvXqaD6GMIj4EZmgmXw""]}",Apparel,"Shop online for Designer Ethnic & Western Wear for women at Indian Virasat. Visit us today and explore our collection of Kurta, Anarkali Suit, Lehanga Choli, Tunic, Tops & more. Free Shopping all over India.",https://indianvirasat.com/cdn/shop/files/logo_393_da886e95-4594-4a48-9e39-bb36fb6fa1be.png?height=58&v=1762570639,Rajasthan,2026-09-29T22:00:20.132590+00:00
f1598dab9aa8c856,https://deodap.in/,"[""care@deodap.com""]",[],"{""Facebook"": [""https://facebook.com/deodap""], ""Instagram"": [""https://instagram.com/deodap_india""], ""YouTube"": [""https://youtube.com/@OnlineBusinessIdeasbyDeoDap"", ""https://youtube.com/c/OnlineBusinessIdeasbyDeoDap""]}",Home & living,"Shop wholesale products at DeoDap India — lowest prices on home, kitchen, toys, gifts & more. No MOQ. Free shipping. 1Cr+ happy customers!",https://deodap.in/cdn/shop/files/logo_w_11zon_1.webp?v=1758873844&width=600,Gujarat,2026-09-29T22:00:39.956885+00:00
f665b49e8ab07d0c,https://suhanipittie.com/,"[""info@suhanipittie.com"", ""orders@suhanipittie.com"", ""shop@suhanipittie.com""]","[""+917799500014"", ""+919014089000"", ""+919100010140""]","{""Facebook"": [""https://facebook.com/suhanipittie""], ""Instagram"": [""https://instagram.com/suhanipittie""], ""Pinterest"": [""https://pinterest.com/suhanipittie""], ""X"": [""https://x.com/SuhaniPittie""], ""YouTube"": [""https://youtube.com/channel/UCgsdHOdMfP-r9i-CkHKIjpA""]}",,"Buy latest Designer jewellery like necklaces, ear cuffs, rings, bangles, celebrity wore jewellery etc. from India's top leading fashion designers Suhani Pittie. Shop now!",https://suhanipittie.com/cdn/shop/files/logo_x60.jpg?v=1657632723,Telangana,2026-09-29T22:00:36.670910+00:00
f708d95916cd7961,https://glenindia.com/,"[""cr@glenindia.com"", ""enquiry@glenindia.com""]","[""+919266655555"", ""+919717156666"", ""+919810515191""]","{""Facebook"": [""https://facebook.com/GlenIndia""], ""Instagram"": [""https://instagram.com/glenindia""], ""X"": [""https://x.com/Glen__India""]}",Home appliances,"Buy premium kitchen appliances, home essentials, and more at Glen India. Shop high-quality products online with the best prices and fast delivery.",https://glenindia.com/cdn/shop/files/Glen_Logo_123x38_c1120a15-4e31-414f-99c5-731aaa842d4b_123x38.png?v=1734501643,Haryana,2026-09-29T22:13:48.909756+00:00
f7ab2f629701d242,https://veeba.in/,"[""customercare@veeba.in"", ""hello@veeba.in"", ""vrb.careers@veeba.in""]","[""+911244653250""]","{""Facebook"": [""https://facebook.com/Veeba.in""], ""Instagram"": [""https://instagram.com/veeba_in""], ""X"": [""https://x.com/veeba_in""], ""YouTube"": [""https://youtube.com/@VeebaIndia""]}",,"Transform your home-made food with Veeba's sauces, mayo, spreads & dressings.Quality ingredients and innovation makes every meal a delicious celebration of daily hardwork.",https://veeba.in/cdn/shop/files/veeba_logo_main.png?v=1739715575&width=600,Delhi,2026-09-29T22:00:42.064695+00:00
f90f8a7f419de8d3,https://www.fabbox.in/,"[""info@fabbox.in"", ""support@fabbox.in""]","[""+919819422433""]","{""Facebook"": [""https://facebook.com/fabboxindia""], ""Instagram"": [""https://instagram.com/fabbox.in""], ""X"": [""https://x.com/fabbox_in""], ""YouTube"": [""https://youtube.com/channel/UCkrOquJGL4WXrDggkAGPdsQ""]}",Food & nutrition,"Craving healthy snacks? FabBox offers delicious, guilt-free options like makhanas, nut mixes, and millet snacks – perfect for every mindful munch!",https://www.fabbox.in/cdn/shop/files/logo1-1_300x.png?v=1641186573,Maharashtra,2026-09-29T22:00:48.932911+00:00
f94d59833a2dc718,https://vmt.in/,"[""customercare@vmt.in"", ""helpdesk@vmt.com"", ""info@vmt.in""]","[""+912243432222"", ""+919930330220""]","{""Facebook"": [""https://facebook.com/vmt.in""], ""Instagram"": [""https://instagram.com/vardhamanmumbai""], ""X"": [""https://x.com/VMT27849264""], ""YouTube"": [""https://youtube.com/channel/UCYlTVOxOr_ntksR52fhh5-g""]}",Electronics,"VMT is India's largest professional audio retail store. We have the best prices on worlds leading brands like OHM, JBL, Sennheiser, Shure, Focusrite, Waves, Martin Audio & more. We deal in professional speakers, amplifiers, mixers, microphones, studio gear, accessories and more.",https://vmt.in/cdn/shop/files/VMT_Logo_new_240x.png?v=1614860527,Maharashtra,2026-09-29T22:00:55.520416+00:00
f9da7e524a067deb,https://www.boat-lifestyle.com/,"[""careers@imaginemarketingindia.com"", ""info@imaginemarketingindia.com""]","[""+919667700177""]","{""Facebook"": [""https://facebook.com/boat.lifestyle""], ""Instagram"": [""https://instagram.com/boat.nirvana""], ""LinkedIn"": [""https://linkedin.com/company/boat-lifestyle""], ""X"": [""https://x.com/RockWithboAt""], ""YouTube"": [""https://youtube.com/channel/UCY3JXaO_v8H3E6hTYUp5qWQ""]}",Electronics,"Check out the breathtaking collection of Earbuds, Headphones, Earphones & Wireless Speakers with contemporary designs and best features from India’s No.1 Earwear Audio Brand - boAt Lifestyle.",https://www.boat-lifestyle.com/cdn/shop/files/boAt_logo_black_24889e30-925c-4185-a028-9fef497a8e44.svg?v=1732879339,Maharashtra,2026-09-29T22:14:03.017452+00:00
faaf21680b952b60,https://www.nilkamalhomes.com/,"[""abhijeet.awasare@nilkamal.com"", ""connect@nilkamalhomes.com"", ""customercare@nilkamalhomes.com""]","[""+911743479982"", ""+911746615198"", ""+911747373095"", ""+911755060912"", ""+9118001211414"", ""+912242358655"", ""+919987386680""]","{""Facebook"": [""https://facebook.com/Nilkamalhomes""], ""Instagram"": [""https://instagram.com/nilkamalhomes""], ""X"": [""https://x.com/Nilkamal_Homes""], ""YouTube"": [""https://youtube.com/@nilkamalhomes""]}",Home & living,"Shop Premium Furniture, Home Decor, Homeware Products Online in India at Best Price. Explore wide collection of home furniture & decor items on Nilkamal Homes. Order Now!",https://www.nilkamalhomes.com/cdn/shop/files/nilkamal_homes_cap_logo_f05465f0-fb91-4072-a082-c29e9cddafa6.svg?v=1727762499&width=460,Maharashtra,2026-09-29T22:01:05.354772+00:00
fac8c4f5889fcb17,https://www.giva.co/,"[""care@giva.co""]","[""+916290031216"", ""+919228837724""]","{""Facebook"": [""https://facebook.com/GIVA.official""], ""Instagram"": [""https://instagram.com/giva.co""], ""LinkedIn"": [""https://linkedin.com/company/giva-co""], ""YouTube"": [""https://youtube.com/c/GIVAOfficial""]}",Jewellery,"Shop BIS Hallmark Gold, 925 Silver & Certified Lab Grown Diamond Jewellery at GIVA. Latest designs ✓ Best Offers ✓ Easy Returns ✓ Pan India Delivery",https://www.giva.co/cdn/shop/files/logo__3.png?v=1752672324&width=600,Karnataka,2026-09-29T22:01:03.360555+00:00
fb555390240caeb3,https://neemans.com/,"[""info@neemans.com"", ""privacyofficer@neemans.com""]","[""+919059938941""]","{""Facebook"": [""https://facebook.com/NeemansOfficial""], ""Instagram"": [""https://instagram.com/neemansofficial""]}",Footwear,"Footwear for Men & Women - Explore the wide range of stylish Sneakers, Slip Ons, Slippers & Loafers for men & women online at Neemans. Buy Now!",https://neemans.com/cdn/shopifycloud/storefront/assets/no-image-100-2a702f30_small.gif,Telangana,2026-09-29T22:01:07.764796+00:00
fc80af631bb906a5,https://www.themancompany.com/,"[""bhisham@themancompany.com"", ""corporategifting@themancompany.com""]","[""+917428768210"", ""+919667031212""]","{""Facebook"": [""https://facebook.com/Themancompany""], ""Instagram"": [""https://instagram.com/themancompany""], ""X"": [""https://x.com/themancompany""], ""YouTube"": [""https://youtube.com/@themancompany"", ""https://youtube.com/channel/UCq1iHN75PEBSxaqHOkWk9pA""]}",Hair care,"Complete Range of Premium Men's Grooming Products, enriched with Natural Essential Oils. Free of Harmful Chemicals | SLS & Paraben Free",https://www.themancompany.com/cdn/shop/files/logo_08a2688e-7c47-4081-a0e8-942d40f74a6d.png?v=1663137227&width=600,Haryana,2026-09-29T22:01:07.755797+00:00
ff539eb721303d04,https://www.lifelongindiaonline.com/,"[""customercare@lifelongindia.com"", ""customercare@lifelongonline.com"", ""legal@lifelongindia.com""]","[""+919667499699"", ""+919711558877""]","{""Facebook"": [""https://facebook.com/LifelongOnlineIn""], ""Instagram"": [""https://instagram.com/lifelong.online""], ""YouTube"": [""https://youtube.com/@lifelongonline""]}",Electronics,"Shop online at Lifelong for sports, fitness gear, massagers, electronics & kitchen appliances. Quality products with warranty & easy delivery.",https://www.lifelongindiaonline.com/cdn/shop/files/Logo_26c16ee5-aaa8-494f-bdd0-04ccac0f7aab.svg?v=1781159430&width=200,Delhi,2026-09-29T22:01:07.760797+00:00
1776b9939c32d8ef,https://prorganiq.co.in/,"[""support@prorganiq.com""]","[""+919003005005""]","{""Facebook"": [""https://facebook.com/prorganiq""], ""Instagram"": [""https://instagram.com/prorganiqsportsnutrition""], ""YouTube"": [""https://youtube.com/@prorganiqsportsnutrition9288""]}",,"Buy genuine Prorganiq sports nutrition, fitness, and bodybuilding supplements to enhance muscle mass, strength, athletic performance, and overall personal health.",https://prorganiq.co.in/cdn/shop/files/prorganiq_logo_with_Big_TM_300x300.png?v=1670325309,Tamil Nadu,2026-09-29T21:53:35.465947+00:00
228d0c6940453c2e,https://www.aadar.co/,"[""info@umangconsumer.com"", ""support@aadar.co""]","[""+919321256706"", ""+919867667699""]","{""Facebook"": [""https://facebook.com/aadar.co""], ""Instagram"": [""https://instagram.com/aadar.co""], ""X"": [""https://x.com/aadarco""], ""YouTube"": [""https://youtube.com/channel/UCmahJzuXP55vWIb1VGdEJJA""]}",Health & wellness,"Discover quality Ayurvedic healthcare and wellness products from AADAR, combining traditional Ayurvedic principles with thoughtful formulations.",https://www.aadar.co/cdn/shop/files/LOGO-WHITE.webp?v=1680096315&width=180,Maharashtra,2026-09-29T21:54:00.325966+00:00
4ccaa1129fbd45ce,https://avstore.in/,"[""info@avstore.in""]","[""+912041214040"", ""+917385513456"", ""+918447747971""]","{""Facebook"": [""https://facebook.com/AVStore.in""], ""Instagram"": [""https://instagram.com/avstore.in""], ""LinkedIn"": [""https://linkedin.com/company/avstoreindia""], ""X"": [""https://x.com/AVStoreIndia""], ""YouTube"": [""https://youtube.com/channel/UC5J1GERpxSSDg8oTpNmNTYA""]}",Electronics,AVStore is India’s leading online audio/video shopping site featuring the best home theatre and HiFi audio products.,https://avstore.in/cdn/shop/files/AVStore-Logo-White_288684e8-8911-4b0b-b3a3-fa65e068c9e1.png?v=1619172690&width=1200,Maharashtra,2026-09-29T21:55:02.370282+00:00
4d08fc3d8a330a8f,https://archiesonline.com/,"[""apconline@archiesonline.com"", ""global@archiesonline.com"", ""helpdesk@archiesonline.com"", ""trivendra@archiesonline.com""]","[""+911141410000"", ""+911141410060"", ""+911141412222"", ""+919311124643""]","{""Facebook"": [""https://facebook.com/ArchiesOnline""], ""Instagram"": [""https://instagram.com/archiesonline""], ""LinkedIn"": [""https://linkedin.com/company/archies-limited""], ""X"": [""https://x.com/Archies_Online""], ""YouTube"": [""https://youtube.com/channel/UCMiRtxoUaf0lA72v8LVSEtA""]}",Gifts & personalization,"Shop online for personalized gifts, greeting cards, cakes, and fresh flowers at Archies. Make every celebration special with Archies Online.",https://archiesonline.com/cdn/shop/files/archies-fulllogo.svg?v=1789620043&width=300,Haryana,2026-09-29T21:55:08.636515+00:00
53a06db5f0e201b2,https://thebeardstory.com/,"[""feedback@thebeardstory.com"", ""feedback@thebeardstory.in""]","[""+918591976281""]","{""Facebook"": [""https://facebook.com/TheBeardStory.Official""], ""Instagram"": [""https://instagram.com/beardstory_official""], ""LinkedIn"": [""https://linkedin.com/company/the-beard-story""], ""X"": [""https://x.com/TheBeardStory""], ""YouTube"": [""https://youtube.com/@theskinstoryindia""]}",,,https://thebeardstory.com/cdn/shop/files/TBS_logo_png_1_a0be4fd0-dcac-4c24-ad89-d2d5e2fa5e2c.png?height=96&v=1633497512,Maharashtra,2026-09-29T21:55:22.728616+00:00
952e17897cccef6b,https://www.carplus.in/,"[""customercare.carplus1@gmail.com"", ""customercare.carplus@gmail.com"", ""info@carplus.in""]","[""+916390390390"", ""+919818810915"", ""+919899606665""]","{""Facebook"": [""https://facebook.com/carplus.in""], ""Instagram"": [""https://instagram.com/carplus.in""], ""YouTube"": [""https://youtube.com/c/CarPluskmh""]}",Car & motorcycle accessories,Buy car accessories online at reasonable prices in India at the best online shopping store with wide range of car accessories on carplus.in.,https://www.carplus.in/cdn/shop/files/Carplus_Logo_150x_46438761-aee7-4f8c-843c-e5de07a9ed44_1445x.png?v=1633350058,Delhi,2026-09-29T21:57:47.399185+00:00
9ce1dbfd8598ea77,https://sppartos.com/,"[""bestprice.sppartos@gmail.com"", ""customercare.sppartos@gmail.com"", ""sppartos@gmail.com""]","[""+919654499396""]","{""Facebook"": [""https://facebook.com/sppartos""], ""Instagram"": [""https://instagram.com/sppartos""], ""X"": [""https://x.com/sppartos""]}",Sports & fitness,India's best online sports store. Shop for your favorite sports equipment at best prices. Free Delivery. easy returns and 24*7 Customer Support available.,https://sppartos.com/cdn/shop/files/Graphic4_140x.JPG?v=1615924899,Punjab,2026-09-29T21:57:58.395627+00:00
9f4d366f7f078815,https://brawnherbals.com/,"[""achoo@brawnherbals.in"", ""achoo@brawnlabs.in"", ""customersupport@brawnherbals.in"", ""customersupport@brawnlabs.in"", ""info@brawnherbals.com""]","[""+919821192406""]","{""Facebook"": [""https://facebook.com/brawn.herbals11""], ""Instagram"": [""https://instagram.com/brawn.herbals""], ""LinkedIn"": [""https://linkedin.com/company/brawnherbal""], ""YouTube"": [""https://youtube.com/@brawnherbals""]}",,"Brawn Herbals- Buy Herbal & Ayurvedic products online. Pain relief, skincare, haircare, bodycare, babycare, essential oils and wellness made natural.",https://brawnherbals.com/cdn/shop/files/WhatsApp_Image_2025-10-28_at_12.44.15_PM-removebg-preview.png,Haryana,2026-09-29T21:58:11.609882+00:00
f0e28bfd596d0ef9,https://alcissports.com/,"[""hr@alcissports.com"", ""info@alcissports.com"", ""online@alcissports.com""]","[""+919560600637""]","{""Instagram"": [""https://instagram.com/alcissports""]}",Apparel,"Shop high-quality sportswear for men and women at Alcis Sports. Explore activewear, gym wear, workout clothes, and performance apparel online in India",https://alcissports.com/cdn/shop/files/alcis-logo_d4617206-aa36-45bf-8c7a-7014c1e65ef5.png?v=1625808544&width=900,Uttar Pradesh,2026-09-29T22:00:29.862328+00:00
22b685bd5dbd2d10,https://baccabucci.com/,"[""crm@baccabucci.com"", ""hari@baccabucci.com"", ""vakil@baccabucci.com""]","[""+918287731376""]","{""Facebook"": [""https://facebook.com/baccabucci""], ""Instagram"": [""https://instagram.com/bacca_bucci""], ""X"": [""https://x.com/bacca_bucci""], ""YouTube"": [""https://youtube.com/channel/UCb6KZ9GiNPlvA7qUGQLcNkw""]}",Footwear,"Bacca Bucci is one of the best shoe brands in India, known for stylish sneakers, boots, running shoes, and fashion footwear for men and women.",https://baccabucci.com/cdn/shop/files/main_logo_file_new.svg?v=1741160332&width=200,Delhi,2026-09-29T21:53:54.882152+00:00
48c1a3addaa2bdaa,https://shreejifoods.in/,"[""sales@shreejifoods.in""]","[""+917045620827"", ""+919321204290""]","{""Facebook"": [""https://facebook.com/ShreejiDryFoods""], ""Instagram"": [""https://instagram.com/shreejifooods""]}",Food & nutrition,"Buy premium quality dry fruits online from Shreeji Foods and get them delivered anywhere in Mumbai, India. Explore a wide range of almonds, cashews, raisins, salted pistachios, figs, Kaju Katli, dried kiwi, and more. Enjoy unbeatable freshness, rich flavors, and the best quality for all your snacking and gifting needs.",https://shreejifoods.in/cdn/shop/files/SF-logo-without-tag_small.png?v=1615323956,Maharashtra,2026-09-29T21:54:56.841174+00:00
9dd2cea30bf4fe79,https://www.vasansi.com/,"[""jobs@vasansi.co.in"", ""pr@vasansi.co.in"", ""reachus@vasansi.co.in"", ""reachus@vasansi.com""]","[""+917312543210"", ""+919116699595"", ""+919116699596"", ""+919313630416"", ""+919327916331"", ""+919893128060""]","{""Facebook"": [""https://facebook.com/vasansi""], ""Instagram"": [""https://instagram.com/vasansi_jaipur""]}",Apparel,"Vasansi Collection Online - Shop exclusive unique Lehengas, designer Sarees, Anarkalis, Shararas, Kurtas & more Online from Vasansi Jaipur's online store.",https://www.vasansi.com/cdn/shop/files/vasansi_logo_2_new11_150x.webp?v=1659543226,,2026-09-29T21:58:05.156729+00:00
b4f110583f9f54ca,https://snooplay.in/,"[""care@snooplay.in"", ""hello@snooplay.in""]","[""+919315036925""]","{""Facebook"": [""https://facebook.com/snooplay.in""], ""Instagram"": [""https://instagram.com/snooplay.in""], ""YouTube"": [""https://youtube.com/channel/UC6KlykfkNb68PXwO-b-l-ZQ""]}",Toys & games,"India's largest online store for toys, games, action figures, die cast scale models and collectibles. Toys & games that suit all all ages. Curated collection of 100% original, licensed & authentic toys for kids, games for kids, party games for grown ups, scale models, action figures & unique collectibles at Snooplay.in",https://snooplay.in/cdn/shop/files/Snooplay_logo_medium_1.png?v=1659702830&width=281,Uttar Pradesh,2026-09-29T21:58:50.851920+00:00
e651ab4dbd521355,https://www.sundarisilks.com/,"[""different@sundarisilks.com"", ""mumbai@sundarisilks.com""]","[""+912235941935"", ""+914428143093"", ""+914428143469"", ""+914428149999"", ""+918680877999"", ""+918939586609"", ""+919176280099"", ""+919324244503"", ""+919962425968"", ""+919962712299""]","{""Facebook"": [""https://facebook.com/sundarisilks""], ""Instagram"": [""https://instagram.com/sundarisilks_online""], ""YouTube"": [""https://youtube.com/channel/UCQFej6I3rSymWTFkaKs0ngQ""]}",Apparel,"Buy traditional silk sarees online. Explore our collection of pure Kanjivaram silk sari, Banarasi sarees, Cotton sarees, Mysore silk sarees, wedding silk sarees &amp; handicrafts.",https://cdn.shopify.com/s/files/1/0490/1158/9282/files/28-Years-Logo.jpg?v=1788954822,,2026-09-29T22:13:44.904157+00:00
c4ddd2d65bd4f813,https://palmonas.com/,"[""care@palmonas.com"", ""corporate@palmonas.com"", ""franchise@palmonas.com"", ""grievance@palmonas.com"", ""legal@palmonas.com"", ""legalteam@palmonas.com"", ""peopleandculture@palmonas.com"", ""pr@palmonas.com"", ""support@palmonas.com""]","[""+919175008322"", ""+919356103736""]","{""Facebook"": [""https://facebook.com/palmonas""], ""Instagram"": [""https://instagram.com/palmonas_official""], ""LinkedIn"": [""https://linkedin.com/company/palmonas""], ""YouTube"": [""https://youtube.com/@palmonas""]}",Jewellery,"Shop for Demifine® collection pieces for your everyday use from PALMONAS. Bracelets, necklaces, rings, earrings, mangalsutras and much more. waterproof, anti tarnish and hypoallergenic jewellery. Affordable luxury jewellery for everyday. Shop for alternative to real gold jewellery at PALMONAS",https://palmonas.com/cdn/shop/files/Palmonas_Logo_Open_File-03_1.webp?v=1738142974&width=145,Maharashtra,2026-09-29T22:27:18.369729+00:00
cf56b8cec512b67d,https://discoverpilgrim.com/,"[""hello@discoverpilgrim.com"", ""social@discoverpilgrim.com"", ""vishakh@discoverpilgrim.com""]","[""+917400097974""]","{""Facebook"": [""https://facebook.com/pilgrim.discover""], ""Instagram"": [""https://instagram.com/discover.pilgrim""], ""LinkedIn"": [""https://linkedin.com/company/discover-pilgrim""], ""YouTube"": [""https://youtube.com/@PilgrimIndia""]}",Skincare,"Pilgrim - Premium International Brand | No Animal Testing, No Harmful Chemicals, Natural, Vegan Friendly, FDA Approved.",https://discoverpilgrim.com/cdn/shop/files/Pilgrim-New-Logo-Without-Tagline_a9de71c3-9c1c-4a33-b4eb-95830dab01db.png?v=1750912299&width=280,Maharashtra,2026-09-29T22:27:49.442505+00:00
876d08dbfc03e172,https://www.gharsoaps.shop/,"[""infogharsoaps@gmail.com"", ""support@gharsoaps.in""]","[""+919226572895""]","{""Instagram"": [""https://instagram.com/gharsoaps""]}",Skincare,"Trusted by 10 Lakh+ customers, Ghar Soaps offers natural and chemical-free skincare products for women and men, including some of the best skincare products for dry skin, designed to brighten skin, reduce tan, lighten dark spots, heal acne, and promote an even skin tone.",https://www.gharsoaps.shop/cdn/shop/files/Logo_2_1_917a55fc-7485-472f-a185-67e546de01a3.png?v=1785932125&width=400,Maharashtra,2026-09-29T22:23:08.299324+00:00
8f954437df66fc56,https://littleboxindia.com/,"[""gaurav@littleboxindia.com"", ""operations@littleboxindia.com""]","[""+916900625111"", ""+917099015046"", ""+919395772299"", ""+919395787877""]","{""Facebook"": [""https://facebook.com/littleboxind""], ""Instagram"": [""https://instagram.com/littlebox.india""], ""LinkedIn"": [""https://linkedin.com/company/littlebox-india""], ""YouTube"": [""https://youtube.com/@littlebox_india""]}",Apparel,"Shop from our wide range of women's platforms, flatforms, heels, flats, mules, oxfords, loafers for men, trousers, tops, t-shirts, winter wears and co-ords.",https://littleboxindia.com/cdn/shop/files/littleboxlogo_a1ce94ad-1ab9-4ea7-a4cb-9a15ab6e1199_200x.png?v=1763213390,Uttar Pradesh,2026-09-29T22:23:38.095989+00:00
9a10f6b4143f95e9,https://zerakijewels.com/,"[""support@zerakijewels.com""]","[""+919558314299""]","{""Instagram"": [""https://instagram.com/zerakijewels""]}",Jewellery,Zeraki Jewellery- Fashion Jewellery | Three times Gold Plated• Mangalsutras • Bangles • Rings • Necklaces,https://zerakijewels.com/cdn/shop/files/Untitled_design_5.jpg?v=1724396084&width=2160,Gujarat,2026-09-29T22:24:08.716976+00:00
d37970e715e369b1,https://offduty.in/,"[""help@offduty.in"", ""legal@offduty.in""]","[""+13124262830"", ""+917208971840"", ""+917208971846"", ""+918976921799"", ""+919870353128""]","{""Facebook"": [""https://facebook.com/offduty.in""], ""Instagram"": [""https://instagram.com/offduty.india""], ""YouTube"": [""https://youtube.com/channel/UCyi9bK4QXU8qEglr7iD2Vtw""]}",Apparel,Premium Quality High Waisted Jeans in India. Specially crafted for women of all shapes and sizes. Best skin-fit pieces of denim for women. High-Quality Imported Fabric. Be ahead of the trend with OffDuty denim. Shop now!,https://offduty.in/cdn/shop/files/OFD-nw-logo-yellow-2.png?format=webp&height=60&v=1771486338,Maharashtra,2026-09-29T22:28:10.240658+00:00
063073ae99c0e1c6,https://one8.com/,"[""care@one8.com"", ""nodalofficer@one8.in"", ""resolve@one8.com""]","[""+919108410018"", ""+919187458018"", ""+919972213071""]","{""Facebook"": [""https://facebook.com/one8world""], ""Instagram"": [""https://instagram.com/one8world""], ""LinkedIn"": [""https://linkedin.com/company/one8world""], ""X"": [""https://x.com/one8world""], ""YouTube"": [""https://youtube.com/@one8_world""]}",Footwear,"one8: Co-created with Virat Kohli. Performance shoes, apparel and accessories across Peak Performance, Hybrid Training, Active Lifestyle, and Cricket.",,Karnataka,2026-09-29T22:14:44.732751+00:00
0fc9f47fedf284ee,https://ihadesigns.in/,"[""ihadesigns.in@gmail.com"", ""info.ihadesigns@gmail.com"", ""info@ihadesigns.com""]","[""+914772257500""]","{""Facebook"": [""https://facebook.com/ihaboutique""], ""Instagram"": [""https://instagram.com/iha_designs""], ""YouTube"": [""https://youtube.com/@Ihadesigns""]}",Apparel,Iha Designs Bridal Studio,https://ihadesigns.in/cdn/shop/files/iha-logo-new_1.png?v=1735537615&width=600,Kerala,2026-09-29T22:15:35.358624+00:00
1c382bacc7aba409,https://beyondappliances.in/,"[""escalation@beyondappliances.in"", ""eshwar@beyondappliances.com"", ""support@beyondappliances.in""]","[""+917625064043"", ""+918043628277"", ""+918043628278"", ""+918050373543"", ""+918105208433""]","{""Facebook"": [""https://facebook.com/beyondappliances""], ""Instagram"": [""https://instagram.com/be_beyondappliances""], ""LinkedIn"": [""https://linkedin.com/company/beyond-appliances""], ""YouTube"": [""https://youtube.com/@BeyondAppliances""]}",Home appliances,"Beyond Appliances offers premium smart home appliances designed for modern living. Explore gas stoves, chimneys & more with trusted quality and innovation",https://beyondappliances.in/cdn/shop/files/White_Logo.png?height=42&v=1771233659,Maharashtra,2026-09-29T22:16:24.602125+00:00
663c5e7a3ab27519,https://www.triveniworld.com/,"[""complaint@triveniworld.com"", ""info@triveniworld.com""]","[""+911142131572"", ""+917065844397""]","{""Facebook"": [""https://facebook.com/TriveniWorld-108156900676136""], ""Instagram"": [""https://instagram.com/triveniworldmobile""], ""X"": [""https://x.com/TriveniWorld""], ""YouTube"": [""https://youtube.com/@triveniworldmobile""]}",,Shop certified refurbished mobile phones in India at unbeatable prices! Save big on second-hand smartphones with our quality guarantee.,https://www.triveniworld.com/cdn/shop/files/Untitled_design_5.jpg?v=1735712832&width=600,Delhi,2026-09-29T22:20:22.309527+00:00
6c885eee8aa75e77,https://www.optimumnutrition.co.in/,"[""indiacustomercare@glanbia.com""]","[""+911149594959"", ""+919201996414""]","{""Facebook"": [""https://facebook.com/OptimumNutritionIN""], ""Instagram"": [""https://instagram.com/optimumnutri_in""], ""LinkedIn"": [""https://linkedin.com/company/glanbiaperformancenutrition""], ""YouTube"": [""https://youtube.com/channel/UC-DOBqjjDVXvcMBBYeXCVyQ""]}",Food & nutrition,"Fuel your fitness journey with the world’s best selling whey protein. Browse our selection of Gold Standard Whey, Amino Energy, and high-performance sports supplements.",https://www.optimumnutrition.co.in/cdn/shop/files/396-2023_02_23-optimum_nutrition_logo.png?v=1741068230&width=600,Haryana,2026-09-29T22:20:50.667644+00:00
85c5efdf3440a815,https://www.birkenstock.in/,"[""customercare-india@birkenstock.com"", ""hq.escalation@birkenstock.com""]","[""+919717111774""]","{""Facebook"": [""https://facebook.com/BirkenstockIN""], ""Instagram"": [""https://instagram.com/birkenstockin""], ""YouTube"": [""https://youtube.com/channel/UCsDtI51c5Ieo3GNKDK9v-6A""]}",Footwear,"Explore stylish sandals, clogs, slides and everyday essentials, Step into timeless comfort and craftsmanship. Shop the full collection online at BIRKENSTOCK.",https://www.birkenstock.in/cdn/shop/files/birkenstock-logo-blue.svg?v=1676480272,Haryana,2026-09-29T22:22:57.727138+00:00
9ddcd6036a7e24ea,https://indigoandco.in/,"[""anurag.dship2026@gmail.com"", ""support@indigoandco.in""]","[""+919289499717""]",{},,,https://indigoandco.in/cdn/shop/files/ChatGPT_Image_Aug_27_2026_05_20_40_PM.png?v=1787842408&width=600,Delhi,2026-09-29T22:24:26.240579+00:00
a4f483ffe75d0101,https://mamaearth.in/,"[""care@mamaearth.in"", ""nodal@honasa.in"", ""nodal@mamaearth.in"", ""support@mamaearth.in""]","[""+918800778017"", ""+918901555444""]","{""Facebook"": [""https://facebook.com/Mamaearthindia""], ""Instagram"": [""https://instagram.com/mamaearth.in""], ""LinkedIn"": [""https://linkedin.com/company/mama-earth-in""], ""X"": [""https://x.com/mamaearthindia""], ""YouTube"": [""https://youtube.com/channel/UC5qhqSIcahBKKMEdLPFqeVA""]}",Skincare,"Mamaearth natural Skin, Hair, Body, Baby and Makeup products in India. Shop for 599 or more and Get Flat 20% Off +5% Prepaid Off with Code: SAVE25",https://mamaearth.in/cdn/shop/files/Logo.png?v=1772919457&width=328,Haryana,2026-09-29T22:24:59.090246+00:00
a52641d6712e56c1,https://onlinebandhej.com/,"[""khatushayamcreations@gmail.com"", ""support@onlinebandhej.com""]","[""+919166259900""]","{""Facebook"": [""https://facebook.com/kcpcbandhani""], ""Instagram"": [""https://instagram.com/kcpcbandhani""], ""LinkedIn"": [""https://linkedin.com/company/kcpc-bandhani""], ""YouTube"": [""https://youtube.com/c/KCPCBandhaniGotapattiManufacturer""]}",Apparel,"Shop Trending Sarees, Lehengas, Dupattas, Bandhani Sarees, Salwar Suits & more at KCPC Bandhani. Premium ethnic wear for women, handcrafted in India.",https://onlinebandhej.com/cdn/shop/files/Untitled_design_a321dfa8-b5ff-42a1-afb3-89832c1cb1e4.png?v=1785671356,Rajasthan,2026-09-29T22:25:01.831773+00:00
b3c1383f0cb6d611,https://beardo.in/,"[""charudutta.p@beardo.in"", ""support@beardo.in""]","[""+917435000861"", ""+919820712432""]","{""Facebook"": [""https://facebook.com/beardoofficial""], ""Instagram"": [""https://instagram.com/beardo.official""], ""X"": [""https://x.com/beardoformen""], ""YouTube"": [""https://youtube.com/channel/UC8tE3gNWC-B6BqLuKkqivxw""]}",Skincare,"India's #1 men's grooming brand. Shop beard oils, growth serums, face washes, fragrances & more. Free shipping on orders above Rs. 499. Shop now.",https://beardo.in/cdn/shop/files/logo-container.png?v=1774261507&width=300,Gujarat,2026-09-29T22:26:01.928872+00:00
c69b7539bf10fb87,https://pcchandraindia.com/,"[""customercare@pcchandraindia.com""]","[""+916293759760"", ""+918010700400""]","{""Facebook"": [""https://facebook.com/pcchandrajewellersindia""], ""Instagram"": [""https://instagram.com/p.c.chandrajewellers""], ""X"": [""https://x.com/PCChandraJwelrs""], ""YouTube"": [""https://youtube.com/user/pcchandrajewellers""]}",Jewellery,"Shop certified gold, diamond & silver jewellery online at P.C. Chandra. Explore rings, necklaces, bangles, bridal and daily wear collections",https://cdn.shopify.com/s/files/1/0697/8945/0462/files/New_163.714px59_3.webp?v=1737715600,West Bengal,2026-09-29T22:27:16.258363+00:00
e0e48cfaad67cad5,https://www.lakmeindia.com/,"[""grievance.officer-privacy@unilever.com"", ""legal@zfwhospitality.com"", ""lever.care@unilever.com"", ""support@lakmeindia.com""]","[""+9118001022221"", ""+919599220400""]","{""Facebook"": [""https://facebook.com/lakme""], ""Instagram"": [""https://instagram.com/lakmeindia""], ""YouTube"": [""https://youtube.com/user/ILoveLakme""]}",Skincare,"Shop Lakmé makeup & skincare online in India. Explore foundations, lipsticks, kajal, skincare & more. Official Lakmé store — free delivery on orders above ₹499.",https://www.lakmeindia.com/cdn/shop/files/Logo_25e91fba-34be-4ca3-9719-385bb7685d60_155x.png?v=1738136097,Maharashtra,2026-09-29T22:28:54.242487+00:00
19abc61adbbd53e3,https://shoprickyco.com/,"[""supportshoprickyco@gmail.com""]","[""+919641379067""]",{},,"RickyCo is an online store offering practical, thoughtfully selected products for everyday living. We focus on useful products, clear information, secure checkout, and convenient shipping across the United States.",https://cdn.shopify.com/s/files/1/1020/2651/0626/files/shop-rickyco-wordmark.png?v=1790462430,West Bengal,2026-09-29T22:16:09.774605+00:00
24ac4f74086c69df,https://inventivoofficial.com/,"[""info@inventivoofficial.com"", ""inventivo.anam@gmail.com"", ""support@inventivoofficial.com""]","[""+919726685050""]",{},Jewellery,"Discover Inventivo, Handcrafted luxury jewellery designed to add elegance to every look.Explore timeless bracelets,charms and statement pieces made for every occasion.",https://inventivoofficial.com/cdn/shop/files/Untitled_design.png?v=1788660709&width=600,Gujarat,2026-09-29T22:16:39.522572+00:00
2db1c4c440eb5991,https://www.oxygendigitalshop.com/,"[""support@oxygendigitalshop.com""]","[""+919745723232""]","{""Facebook"": [""https://facebook.com/oxygenthedigitalexpert""], ""Instagram"": [""https://instagram.com/oxygenthedigitalexpert""], ""X"": [""https://x.com/oxygen_digital""], ""YouTube"": [""https://youtube.com/c/OxygenTheDigitalExpert""]}",Solar & power,,https://www.oxygendigitalshop.com/cdn/shop/files/Oxygen-logo-new.svg?v=1779185569&width=600,Kerala,2026-09-29T22:17:14.974133+00:00
6d1932483145e177,https://allin1jointpain.com/,"[""hello@allin1jointpain.com"", ""officialmetaecommerce@gmail.com""]","[""+917280086006""]",{},,,https://allin1jointpain.com/cdn/shop/files/5f01ec99-cd10-4ee4-95a1-488bbfc01c57.png?v=1789543031&width=400,,2026-09-29T22:20:50.689877+00:00
76121b5d24899469,https://theblueribbon.store/,"[""praveenkumawat1993@gmail.com"", ""theblueribbonint@gmail.com""]","[""+917340024255"", ""+919694487555""]","{""Facebook"": [""https://facebook.com/fabribbonpuf""], ""Instagram"": [""https://instagram.com/fab_ribbon""], ""YouTube"": [""https://youtube.com/@Fabribbon""]}",,,https://theblueribbon.store/cdn/shop/files/Final_logo_FR.png?v=1790489718&width=600,Rajasthan,2026-09-29T22:32:43.809052+00:00
f23914403166cc4d,https://nailwala.com/,"[""nailwalaofficial@gmail.com""]","[""+919310839815""]","{""Facebook"": [""https://facebook.com/NailwalaOfficial""], ""Instagram"": [""https://instagram.com/NailwalaOfficial""]}",,"Shop trendy press-on nails at www.nailwala.com. Get salon-quality, reusable nails in minutes. Fast shipping across India!",https://nailwala.com/cdn/shop/files/Nailwala_logo_2_1.png?v=1788868849&width=600,Delhi,2026-09-29T22:29:48.069287+00:00
f5dd498cc6018c2d,https://umdcarpets.in/,"[""umdcarpet@gmail.com"", ""umdcarpetsofficial@gmail.com""]","[""+919625393427"", ""+919891611793""]","{""Instagram"": [""https://instagram.com/umdcarpetsofficial""]}",Home & living,"Premium handmade wool, shaggy, and organic jute carpets and rugs. Crafted by skilled local artisans in Bhadohi, India. Free Cash on Delivery across India.",,Delhi,2026-09-29T22:30:04.380431+00:00
11a0082c3b298af0,https://nutrispray.in/,"[""care@nutrispray.co.in""]","[""+919307166864"", ""+919373448152""]","{""Facebook"": [""https://facebook.com/NutrisprayOfficial""], ""Instagram"": [""https://instagram.com/nutrispray.official""], ""YouTube"": [""https://youtube.com/@NutrisprayIndia""]}",,"Unique spray based supplement formulas for hassle free glutathione deficiency treatment, b12 deficiency treatment as well as iron and vitamin D3 deficiency in children and adults.",https://nutrispray.in/cdn/shop/files/logo_1.svg?v=1722679558&width=205,Maharashtra,2026-09-29T22:15:41.693129+00:00
27063086ce71f969,https://mokobara.com/,"[""amn.pun@mokobara.com"", ""aph.ind@mokobara.com"", ""avn.del@mokobara.com"", ""blk.del@mokobara.com"", ""brd.blr@mokobara.com"", ""bsm.pat@mokobara.com"", ""bta.bmi@mokobara.com"", ""bulkorders@mokobara.com"", ""careers@mokobara.com"", ""cgr.ahm@mokobara.com"", ""cpl.del@mokobara.com"", ""dlf.noida@mokobara.com"", ""dmt.nag@mokobara.com"", ""gdr.sur@mokobara.com"", ""gm.hyd@mokobara.com"", ""hello@mokobara.com"", ""hlp.galleria@mokobara.com"", ""hlt.clt@mokobara.com"", ""hmt.hyd@mokobara.com"", ""hsr.blr@mokobara.com"", ""ind.blr@mokobara.com"", ""kbg.del@mokobara.com"", ""khm.del@mokobara.com"", ""knk.chn@mokobara.com"", ""ljp.del@mokobara.com"", ""lrd.mum@mokobara.com"", ""lul.lck@mokobara.com"", ""m5e.blr@mokobara.com"", ""mdt.jld@mokobara.com"", ""mgf.ggn@mokobara.com"", ""mgr.pun@mokobara.com"", ""moa.blr@mokobara.com"", ""mom.pun@mokobara.com"", ""nem.chd@mokobara.com"", ""nxs.amr@mokobara.com"", ""nxs.mum@mokobara.com"", ""obr.mum@mokobara.com"", ""ori.blr@mokobara.com"", ""pld.ahm@mokobara.com"", ""pld.mum@mokobara.com"", ""pmc.blr@mokobara.com"", ""pmc.chn@mokobara.com"", ""pmc.kur@mokobara.com"", ""pvn.pun@mokobara.com"", ""rct.mum@mokobara.com"", ""sec19.chd@mokobara.com"", ""smt.del@mokobara.com"", ""srt.hyd@mokobara.com"", ""support@mokobara.com"", ""sxt.del@mokobara.com"", ""t2.mum@mokobara.com"", ""trb.pun@mokobara.com"", ""vai.jpr@mokobara.com"", ""veg.blr@mokobara.com"", ""wma.del@mokobara.com"", ""zsq.knp@mokobara.com""]","[""+916364979192"", ""+917349782156"", ""+917975298840"", ""+918050412908"", ""+918904892616"", ""+918951384919""]",{},Bags & travel,"Elevate the joy of travel with Mokobara. Shop thoughtfully designed luggage & suitcase bags, travel bags, duffels, and backpacks. Made for modern travel.",,Karnataka,2026-09-29T22:16:49.819258+00:00
2998227c265c0cc7,https://sneakare.com/,"[""info@sneakare.com""]","[""+917678589804"", ""+919990184843""]","{""Facebook"": [""https://facebook.com/sneakareindia""], ""Instagram"": [""https://instagram.com/sneakare_india""], ""LinkedIn"": [""https://linkedin.com/company/sneakare-india""], ""Pinterest"": [""https://pinterest.com/sneakareindia""], ""X"": [""https://x.com/sneakareindia""], ""YouTube"": [""https://youtube.com/channel/UCg-H9FO0UzG6FDNTlDJChsw""]}",,"Sneakare is an India based sneaker care and protection brand founded by Krishnav Dhingra in 2021. The company provides specialised sneaker cleaning, protection and storage solutions for sneaker enthusiasts across India.",https://sneakare.com/cdn/shop/files/sneakare_logo_3x_60c5adc9-f76a-45c1-b7c2-f933907f2888.png?v=1761118208&width=600,Delhi,2026-09-29T22:17:03.345573+00:00
2a5cdb9d2fcdf494,https://smoor.in/,"[""info@smoorchocolates.com"", ""privacy@smoorchocolates.com""]","[""+917022198475"", ""+918822201202""]","{""Instagram"": [""https://instagram.com/smoorchocolates""], ""LinkedIn"": [""https://linkedin.com/company/smoorchocolates""]}",Food & nutrition,"Discover premium gift hampers from SMOOR featuring luxury chocolates, gourmet treats, cookies, and festive gifts. Perfect for birthdays, anniversaries, etc",https://smoor.in/cdn/shop/files/SMOOR_New_logo.png?v=1787563450&width=1298,Karnataka,2026-09-29T22:31:17.502056+00:00
3d5256fe909a2d35,https://globalgadgets.com/,"[""info@globalgadgets.co.in"", ""info@globalgadgets.com""]","[""+911145202020""]",{},Electronics,"Global Gadgets is your one-stop online store in Delhi, India for premium lifestyle electronics and the best gadgets from around the world. Shop top tech today!",https://globalgadgets.com/cdn/shop/files/Global_Gadgets_Logo_-_Light_7be47301-1e96-4da3-a7d4-4f50740fff9a.png?v=1630596325,Delhi,2026-09-29T22:31:37.075875+00:00
42911662f98eab67,https://www.glutone.in/,"[""nodalofficer@glutone.in"", ""rievanceofficer@glutone.in"", ""support@glutone.in""]","[""+9118002746265"", ""+918169108694""]","{""Facebook"": [""https://facebook.com/Glutone.in""], ""Instagram"": [""https://instagram.com/glutone_india""], ""YouTube"": [""https://youtube.com/@glutone""]}",,Glutathione Supplement Brand - We provide Glutathione supplements & skincare products supported by scientific research and recommended by leading dermatologists in India. Shop now!,https://cdn.shopify.com/s/files/1/0554/1557/0474/files/170128533065678dd27e26a7204.png?v=1717147047,Maharashtra,2026-09-29T22:18:12.569115+00:00
51d61330b20491eb,https://diamondrensu.com/,"[""diamondrensu@gmail.com"", ""hello@diamondrensu.com""]","[""+919023930923""]","{""Facebook"": [""https://facebook.com/moissaniteby.diamondrensu""], ""Instagram"": [""https://instagram.com/diamondrensu""], ""YouTube"": [""https://youtube.com/c/diamondrensu""]}",Jewellery,"Shop our exclusive collection of ethical and handcrafted lab grown diamond jewelry, including rings, earrings, bracelets, and more, at Diamondrensu.",https://diamondrensu.com/cdn/shop/files/diamond-rensu-logo-portrait_5d9a95f7-6dab-48ca-b16a-dbfe41e50477.svg?v=1731917008&width=50,Rajasthan,2026-09-29T22:19:13.267260+00:00
6130d1ceef3af62b,https://www.shumee.in/,"[""business@shumee.in"", ""care@shumee.in"", ""contact@shumee.in""]","[""+919148581222""]","{""Facebook"": [""https://facebook.com/shumee.in""], ""Instagram"": [""https://instagram.com/shumeetoys""], ""YouTube"": [""https://youtube.com/channel/UClw92m6aetoIOm62fgUJTDA""]}",Toys & games,"Buy educational & fun toys for kids online from India's most trusted toy store, Shumee. Designed by experts. Non-toxic, and 100% child-safe.",https://www.shumee.in/cdn/shop/files/logo_svg.svg?v=1705841368&width=500,Karnataka,2026-09-29T22:32:15.502284+00:00
6815a8c11a7ae314,https://stahlkitchens.com/,"[""care@stahlkitchens.com"", ""hr@autopressindia.com"", ""marketing@stahlkitchens.com""]","[""+918484018048""]","{""Facebook"": [""https://facebook.com/stahlindia""], ""Instagram"": [""https://instagram.com/stahl_india""], ""YouTube"": [""https://youtube.com/channel/UCWdLV3k4s7Fdkudn46QEHkA""]}",,"Experience High Performance - Precision Engineered Cookware in Aesthetic Designs. Kadhais, Tawas, Saucepans, Frypans, Stock Pots, Pressure Cookers, Knives and more",https://stahlkitchens.com/cdn/shop/files/Logo_Mark_1_320x@2x.png?v=1786363586,Maharashtra,2026-09-29T22:20:38.769797+00:00
6e6aaedf2c425c55,https://bluedahlia.in/,"[""customercare@bluedahlia.in"", ""info@bluedahlia.in""]","[""+917010549730""]","{""Facebook"": [""https://facebook.com/profile.php?id=61557749745310""], ""Instagram"": [""https://instagram.com/bluedahlia.in""]}",Home & living,Blue Dahlia cotton bedsheets combine comfort and elegance for your home. Explore premium quality at prices you’ll love -shop online today.,https://bluedahlia.in/cdn/shop/files/BD_-_logo_1.webp?v=1773048628&width=600,Tamil Nadu,2026-09-29T22:21:03.209338+00:00
7296757db6b3222b,https://aristavault.com/,"[""contact@aristavault.com"", ""contactus@aristavault.com"", ""nikhil@aristavault.com"", ""support@aristavault.com""]","[""+919013794504"", ""+919625561926""]","{""Facebook"": [""https://facebook.com/aristavault""], ""Instagram"": [""https://instagram.com/aristavault""], ""LinkedIn"": [""https://linkedin.com/in/atul-gupta-796134174"", ""https://linkedin.com/in/purvi-roy-066ba357""], ""X"": [""https://x.com/aristavault""], ""YouTube"": [""https://youtube.com/@aristavault""]}",Bags & travel,"Shop India's first Smart Luggage at Arista Vault. Discover stylish bags and trolley bags for corporate gifts, perfect for clients and business partners.",https://aristavault.com/cdn/shop/files/logo_32_c507f7cd-ead6-4a69-aaee-af9441b2dce0.png?v=1744285290&width=500,Haryana,2026-09-29T22:21:20.923748+00:00
731c270ea74da540,https://www.hatkay.com/,"[""care@hatkay.com""]","[""+919979107865"", ""+971557433582""]","{""Facebook"": [""https://facebook.com/hatkay11""], ""Instagram"": [""https://instagram.com/hatkay11""], ""Pinterest"": [""https://pinterest.com/hatkay11""], ""X"": [""https://x.com/hatkay11""]}",Apparel,"Shop Indian traditional clothing for women online in the USA. Explore sarees, lehengas, salwar kameez & gowns with custom fit, free US shipping over $250 and easy returns.",https://www.hatkay.com/cdn/shop/files/hatkay-luxe.png?v=1782104863&width=600,Gujarat,2026-09-29T22:21:28.157487+00:00
8040c6582ff7857b,https://lovebeautyandplanet.in/,"[""grievance.officer-privacy@unilever.com"", ""lever.care@unilever.com"", ""order@lovebeautyandplanet.in"", ""support@lovebeautyandplanet.in""]","[""+9118002035544"", ""+91180020355449""]","{""Facebook"": [""https://facebook.com/lovebeautyandplanetin""], ""Instagram"": [""https://instagram.com/lovebeautyandplanet_in""], ""YouTube"": [""https://youtube.com/channel/UCUFcrEf1Wb1164G6O2_LoyA""]}",Hair care,"Love Beauty and Planet crafts high-performing hair and body care products that are as kind to the planet as they are to your hair and skin. Vegan, cruelty-free, and sulfate-free formulas made with potent natural ingredients, bottled in 100% recycled plastic.",,Maharashtra,2026-09-29T22:22:39.789351+00:00
a41247b3efd5d013,https://leaderbicycles.com/,"[""info@leaderbicycles.com""]","[""+918929207404"", ""+919872943333""]","{""Facebook"": [""https://facebook.com/Leadercycle""], ""Instagram"": [""https://instagram.com/leader_cycle""], ""X"": [""https://x.com/LeaderCycle""], ""YouTube"": [""https://youtube.com/channel/UCE_rNhbqSwsniS9JLOru5Rw""]}",Bicycles & cycling,"Buy 26inch MTB cycle, Kids cycles for 2-5 years, 5-7 years and 7-10 years online at Best price. Lifetime Frame Warranty. Free accessories and toolkit. India's bestselling cycle brand. Buy direct from Leader cycles (manufacturers since 1977) for best prices online. Fast door step delivery.",https://leaderbicycles.com/cdn/shop/files/logo_02_390x.webp?v=1661228495,,2026-09-29T22:24:42.972536+00:00
a5d2fbbffa8e2f1b,https://nirvanabeing.com/,"[""support@nirvanabeing.com""]","[""+911141610125"", ""+918882713389""]","{""Facebook"": [""https://facebook.com/nirvanabeing""], ""Instagram"": [""https://instagram.com/nirvana_being""], ""X"": [""https://x.com/nirvana_india""], ""YouTube"": [""https://youtube.com/@nirvanabeing6636""]}",Home appliances,"Indoor & outdoor air pollution solutions: MESP air purifiers, HVAC systems, N95 masks, air monitors, car filters, steam inhalers, and more by Nirvana Being.",https://nirvanabeing.com/cdn/shop/files/logo_0333bd86-46f8-42d2-91aa-e9b6609d49fa.svg?v=1761287297&width=4392,Delhi,2026-09-29T22:24:58.816367+00:00
abd260d4f980cfe2,https://pantproject.com/,"[""contact@pantproject.com""]","[""+918657735200""]","{""Facebook"": [""https://facebook.com/thepantproject""], ""Instagram"": [""https://instagram.com/thepantproject""], ""LinkedIn"": [""https://linkedin.com/company/thepantproject""], ""X"": [""https://x.com/pantproject""], ""YouTube"": [""https://youtube.com/c/ThePantProject""]}",Apparel,"We’re your new age E-Tailors, that customises your pants as per your fit and style. We offer a curated range of premium fabrics: poly viscose, knit, wool, cotton and linen. Our collection includes formal pants, slacks, knits, corduroys, linen, jeans, chinos, cargo pants and shorts.",https://pantproject.com/cdn/shop/files/Tpp_Horizontal_logo_7f559ce4-7ff9-4d8d-97fd-038eb7fa7580.svg?v=1737449629&width=230,Maharashtra,2026-09-29T22:25:11.299475+00:00
b9a3dddca5b5e23a,https://www.facescanada.com/,"[""customercare@purplle.com"", ""grievanceid@purplle.com"", ""legal@purplle.com"", ""support@facescanada.com""]","[""+918743055084"", ""+919205045654""]","{""Facebook"": [""https://facebook.com/facescanada""], ""Instagram"": [""https://instagram.com/facescanada""], ""X"": [""https://x.com/facescanada""], ""YouTube"": [""https://youtube.com/channel/UCCCiAsaYPTvBAipE0jz53pQ""]}",Beauty & fragrance,"Welcome to Faces Canada. From our viral Strobe Cream to Comfy Matte Lipsticks and Foundation, get the best makeup deals online.",https://www.facescanada.com/cdn/shop/files/faces_logo-01-s-web_220x.png?v=1640604033,Maharashtra,2026-09-29T22:26:27.728805+00:00
bed512e5363d5590,https://simplefashionstudio.com/,"[""info@simplefashionstudio.com""]","[""+919898263133""]","{""Facebook"": [""https://facebook.com/simplefashionstudio""], ""Instagram"": [""https://instagram.com/simplefashionstudio""], ""Pinterest"": [""https://pinterest.com/simplefashionstudio""], ""YouTube"": [""https://youtube.com/@simplefashionstudio""]}",Apparel,"Shop 100% Original Fabrics and Designer Ethnic Wear under ₹5000. We offer a curated collection of authentic Sarees, Kurtis, Lehengas, and Suit Sets with a strict no-replica guarantee. Enjoy free shipping across India and reliable global delivery to UAE, USA, and beyond. Discover affordable luxury today!",https://simplefashionstudio.com/cdn/shop/files/simple_logo_update.svg?v=1780034282&width=480,Gujarat,2026-09-29T22:26:56.395567+00:00
eb0c677bb0dfbf37,https://theobjects.in/,"[""info@theobjects.in"", ""orders@theobjects.in""]","[""+917305076991""]","{""Facebook"": [""https://facebook.com/theobjects.in""], ""Instagram"": [""https://instagram.com/theobjects_in""]}",Phone accessories,"The Objects online store provides Premium Phone Case Designs with Custom design available with in best quality. Customization can be done for both Hard, Soft and Glass case.",https://theobjects.in/cdn/shop/files/The_Objects_Final_Logo_Low_Black_80x.png?v=1696404894,Tamil Nadu,2026-09-29T22:29:21.174703+00:00
ef49ed20c1a2a38b,https://slurrpfarm.com/,"[""help@slurrpfarm.com"", ""help@wholsumfoods.com"", ""mail@slurrpfarm.com"", ""nodal@wholsumfoods.com""]","[""+919318318000""]","{""Facebook"": [""https://facebook.com/slurrpfarm""], ""Instagram"": [""https://instagram.com/slurrpfarm""], ""LinkedIn"": [""https://linkedin.com/company/wholsum-foods-pvt-ltd-slurrp-farm""]}",Food & nutrition,"Buy the best multigrain food in India for kids & little ones at Slurrp Farm - made by two mothers. We provide variety of healthy foods/snacks online made with ragi, jowar, oats, & millet at the best prices.",https://slurrpfarm.com/cdn/shop/files/Group_448061_155x.svg?v=1709798935,Delhi,2026-09-29T22:29:49.085804+00:00
faa401f7b44a200b,https://beawara.com/,"[""customercare@beawara.com"", ""hello@beawara.com"", ""orders@beawara.com""]","[""+917980056467"", ""+919999999999""]","{""Facebook"": [""https://facebook.com/beawarakids""], ""Instagram"": [""https://instagram.com/beawarakids""], ""YouTube"": [""https://youtube.com/@beawarakids""]}",Apparel,"Shop stylish, soft & durable kidswear for boys and girls aged 0–14. Co-ord sets, nightwear & everyday essentials by Be Awara Kids.",https://beawara.com/cdn/shop/files/Be_Awara_Kids_-_Logo_-_PNG.png?v=1767894304&width=240,West Bengal,2026-09-29T22:30:35.086293+00:00
dcc98e7fa4304d1d,https://rdserviceonline.com/,"[""anshul.mehra@idemia.com"", ""raj.meher@idemia.com"", ""raj.meher@ps-idemia.com"", ""support@rdserviceonline.com"", ""unsubscribe@rdserviceonline.com""]","[""+911204431111"", ""+918069368000""]",{},Security & access,RD service addresses the solution to eliminate the use of stored biometrics on morpho devices .RD service online website ensures registration and whitelisting,https://rdserviceonline.com/cdn/shop/files/rd_ser_logo_268eb214-538a-4dfa-9a77-617077fbd32a_x32.png?v=1613516588,Uttar Pradesh,2026-09-29T22:28:36.530414+00:00
06bc0afee612f37d,https://neuherbs.com/,"[""wecare@neuherbs.com""]","[""+919899080448""]","{""Facebook"": [""https://facebook.com/neuherbs""], ""Instagram"": [""https://instagram.com/neuherbs""], ""LinkedIn"": [""https://linkedin.com/company/neuherbs""], ""X"": [""https://x.com/neuherbs_Ind""], ""YouTube"": [""https://youtube.com/@neuherbs_India""]}",Health & wellness,"Neuherbs brings natural wellness to you! Explore supplements, superfoods, & products crafted to support a healthier, balanced lifestyle.",https://neuherbs.com/cdn/shop/files/logo-01_76804598-7d28-45cd-83a0-a59799e5a51f.png?v=1670675883&width=600,Delhi,2026-09-29T22:14:58.166751+00:00
175354f739d9f59a,https://chronoslights.com/,"[""contactus@chronoslights.com"", ""support@chronoslights.com""]","[""+917277798111""]","{""Facebook"": [""https://facebook.com/chronoslights""], ""Instagram"": [""https://instagram.com/chronoslights""], ""YouTube"": [""https://youtube.com/channel/UCzNSUCnpKPCEjpRU7Z2gOag""]}",Home & living,"Shop premium LED home decor lights at Chronos Lights. Explore fairy lights, LED candles, marquee alphabets, cinematic light boxes & quirky lamps—perfect for festivals, celebrations, gifting & everyday décor.",https://chronoslights.com/cdn/shop/files/Chronos_Logo_520x200_c7ed06e5-1823-4013-a445-e6a71b0e91ba.png?v=1711112623&width=320,Maharashtra,2026-09-29T22:15:52.763458+00:00
3187916d10b12a42,https://www.themessycorner.in/,"[""orders@themessycorner.com"", ""support@themessycorner.com""]","[""+918879680635""]",{},Gifts & personalization,"Buy personalised gifts at The Messy Corner. Choose from our range of customizable products made from high quality vegan leather, Unique and best idea for gifting. Free Shipping.",https://www.themessycorner.in/cdn/shop/files/TMC_LOGO.png?v=1656745415&width=480,Maharashtra,2026-09-29T22:17:25.964916+00:00
7843930c49f8d2a5,https://jaipurhandloom.com/,"[""handloom.in@gmail.com"", ""handloomin@gmail.com""]","[""+917877643358"", ""+918952000226""]",{},Home & living,"Jaipur Handloom is one stop shop of Jute Rugs & Jute Carpets , tapestries wall hanging, kantha quilts throw , mandala bedding & duvet cover set, Indian poufs & ottoman, pillow & cushions, scarves & shawls, Indian umbrellas and indoor outdoor area rugs. Shop Jute Area Rugs, Jute Runner rugs at lowest price ever.",,Rajasthan,2026-09-29T22:32:47.399104+00:00
6aca3c4adf2a2e84,https://wellversed.in/,"[""care@wellversed.com"", ""support@wellversed.in""]","[""+919319157249""]","{""Facebook"": [""https://facebook.com/wellversed.in""], ""Instagram"": [""https://instagram.com/wellversed.in""]}",Health & wellness,"Shop top quality bodybuilding and gym supplements online in India at Wellversed. Get the best prices on proteins, vitamins, and more crafted for your fitness goals!",https://wellversed.in/cdn/shop/files/logo_8c9a5eb8-66bc-4f74-94cb-5555379d90e1.svg?v=1744814193&width=550,,2026-09-29T22:20:39.902764+00:00
7c8ea20762c60c76,https://dreamzhub.in/,"[""dreamzhubofficial@gmail.com"", ""support@dreamzhub.in""]","[""+918668233405"", ""+919307140983""]","{""Facebook"": [""https://facebook.com/dreamzhub.in""], ""Instagram"": [""https://instagram.com/dreamzhubofficial_""], ""X"": [""https://x.com/dreamz_hub1""], ""YouTube"": [""https://youtube.com/@dreamzhub""]}",Home & living,"Shop the best gadgets online, home décor, smart accessories, and lifestyle products at Dreamzhub. Discover trending gifts and unique finds at great prices across India.",https://dreamzhub.in/cdn/shop/files/350_pxl_x90_pxl-01_1_140x@2x.png?v=1711795442,Maharashtra,2026-09-29T22:22:08.994633+00:00
b2c03dcad940f211,https://crepdogcrew.com/,"[""care@crepdogcrew.com"", ""corporate@crepdogcrew.com"", ""info@crepdogcrew.com"", ""nodalofficer@crepdogcrew.com""]","[""+919319696343"", ""+919907077077""]","{""Facebook"": [""https://facebook.com/crepdogcrew""], ""Instagram"": [""https://instagram.com/crepdogcrew""]}",Apparel,"India's Biggest Platform for Sneakers, Streetwear, Watches & More. Get the latest limited edition drops and exclusive styles online — only at Crepdog Crew.",https://crepdogcrew.com/cdn/shop/files/COM_White-1.png?v=1656328337&width=1000,,2026-09-29T22:26:06.211322+00:00
44149e9a5b2f784c,https://beanlycoffee.com/,"[""info@beanlycoffee.com"", ""orders@beanlycoffee.com"", ""srishti.sikka@beanlycoffee.com"", ""support@beanlycoffee.com""]","[""+918368955745""]","{""Instagram"": [""https://instagram.com/beanly""], ""LinkedIn"": [""https://linkedin.com/company/beanly-coffee"", ""https://linkedin.com/in/rjainam"", ""https://linkedin.com/in/samayesh-khanna-584b62111""], ""YouTube"": [""https://youtube.com/@beanly5175""]}",,,https://beanlycoffee.com/cdn/shop/files/Header-Logo-New.svg?v=1729323373&width=600,Delhi,2026-09-29T22:18:24.933175+00:00
7f294272b94596c5,https://tulsiresin.com/,"[""sales@tulsiresin.com""]","[""+917874968651"", ""+917874968655"", ""+917878768650""]","{""Facebook"": [""https://facebook.com/Tulsi-Resin-Store-101579431667959""], ""Instagram"": [""https://instagram.com/tulsi_resinstore""], ""YouTube"": [""https://youtube.com/channel/UCTqgSG7mZqSU5CPSRXOaHiw""]}",Fabrics & craft supplies,Bring your ideas to life with high-quality resin materials from Tulsi Resin Store. Discover everything you need to craft stunning art with epoxy resin.,https://tulsiresin.com/cdn/shop/files/Tulsi_Logo.png?v=1735985854&width=662,Gujarat,2026-09-29T22:22:37.145028+00:00
81c6312976f41968,https://ptal.in/,"[""contact@ptal.in""]","[""+917314620795"", ""+917314620881"", ""+919740357742"", ""+919876118320"", ""+919876395132""]","{""Facebook"": [""https://facebook.com/ptal.org""], ""Instagram"": [""https://instagram.com/ptal.in""], ""YouTube"": [""https://youtube.com/@ptal.global""]}",Home & living,"Shop for handmade Copper, Kansa and Brass vessels, utensils, home décor, kitchenware, and wedding gift items. Choose from our vintage metal handicrafts.",https://ptal.in/cdn/shop/files/white-logo.png?v=1749555267&width=800,,2026-09-29T22:22:39.311890+00:00
d31f05cae8748259,https://trunativ.co/,"[""contact@trunativ.co"", ""hello@trunativ.co""]","[""+918048799941"", ""+918575744444""]","{""Facebook"": [""https://facebook.com/TruNativ""], ""Instagram"": [""https://instagram.com/trunativ""], ""YouTube"": [""https://youtube.com/@Trunativ""]}",Food & nutrition,Transform your lifestyle with India's favorite 100% natural products nutrition brand. Explore our range of natural products for a healthier you.,https://trunativ.co/cdn/shop/files/Trunativ_s_wordmark_logo_White_1_3.svg?v=1744870035&width=130,Maharashtra,2026-09-29T22:27:53.395741+00:00
1bf217c1d62b7d84,https://100kmph.com/,"[""contactus@100kmph.com"", ""support@100kmph.com""]","[""+917588900825""]","{""Facebook"": [""https://facebook.com/100kmph""], ""Instagram"": [""https://instagram.com/100kmphofficial""]}",Apparel,,,Maharashtra,2026-09-29T22:16:22.829266+00:00
7cdd5a82bc4e0069,https://jsbhealthcare.co.in/,"[""sales@jsbhealthcare.co.in"", ""support@jsbhealthcare.com""]","[""+918010402110"", ""+918376061936"", ""+919334574148"", ""+919354574148""]","{""Facebook"": [""https://facebook.com/JSBWellness""], ""Instagram"": [""https://instagram.com/jsb_wellness""], ""YouTube"": [""https://youtube.com/channel/UCX1C_E2TuB6VwbNxZtsfnpw""]}",,"JSB Health & Fitness Pvt Ltd, Buy Health & Fitness Products in India Online. Explore our wide range of health and fitness products to support your health journey. Fast shipping across India. Shop now for exclusive deals and offers.",https://jsbhealthcare.co.in/cdn/shop/files/jsblogo_65x.webp?v=1750589399,Delhi,2026-09-29T22:22:15.921956+00:00
961c3ae7b60bc97c,https://bebeburp.com/,"[""help@getsimpl.com"", ""info@bebeburp.com""]","[""+919372272105""]","{""Facebook"": [""https://facebook.com/BebeBurpProduct""], ""Instagram"": [""https://instagram.com/bebeburp""]}",Baby & maternity,Organic baby food made with natural ingredients to ensure healthy growth. Explore premium options designed for your baby’s nutritional needs. Shop now !!,https://bebeburp.com/cdn/shop/files/BB_Logo.svg?v=1707744835&width=600,Gujarat,2026-09-29T22:23:43.933327+00:00
aad14d4c9984bc83,https://cobbitaly.com/,"[""care@cobbitaly.com"", ""cobbapparels1@gmail.com""]","[""+919717147476""]","{""Facebook"": [""https://facebook.com/CobbFashion""], ""Instagram"": [""https://instagram.com/cobbfashion""], ""YouTube"": [""https://youtube.com/@cobbitaly3232""]}",Apparel,"""The Ultimate Men's Clothing Brand: Unmatched Discounts and Luxurious Fabrics.Shop Now to Upgrade Your Wardrobe with Exclusive Deals and Embrace the Finest in Men's Fashio.Don't Miss Out",https://cobbitaly.com/cdn/shop/files/COBB_LOGO_c9855142-3b9e-4fc0-a06f-4dc5604f0b28.png?v=1783661500&width=440,Delhi,2026-09-29T22:25:15.779830+00:00
bff4f2659c312162,https://sourceitright.com/,"[""support@sourceitright.com""]","[""+918141022000""]","{""Facebook"": [""https://facebook.com/sourceitright.in""], ""Instagram"": [""https://instagram.com/sourceitright""], ""YouTube"": [""https://youtube.com/channel/UCMkw-QnMdIXYWaSdp5zMu3w""]}",Fabrics & craft supplies,"Buy Fabric Online at unbeatable prices with ➤ COD ➤ Fast Free Shipping ➤ Secure Payments ➤ hassle-free returns, Choose from a wide range of dress material fabrics, Cotton, Silk, chiffon, ikat, velvet & more, Shop now & get the best deals.",https://sourceitright.com/cdn/shop/files/sir-logo-removebg-preview_140x@2x.png?v=1781101893,Gujarat,2026-09-29T22:26:52.472386+00:00
175dbfe27d078154,https://sanfe.in/,"[""bulkquery@sanfe.in"", ""care@sanfe.in""]","[""+919643064522""]","{""Facebook"": [""https://facebook.com/profile.php?id=100086588636997""], ""Instagram"": [""https://instagram.com/sanfeindia""], ""X"": [""https://x.com/sanfe_india""], ""YouTube"": [""https://youtube.com/channel/UCO6msHL6wSfYUNX1Ug7bx-g""]}",,"Discover Sanfe’s range of women’s wellness and intimate care products designed to keep you fresh, confident, and comfortable every day.",https://sanfe.in/cdn/shop/files/sanfe_logo_1_1.png?v=1641456006&width=180,Delhi,2026-09-29T22:15:59.715732+00:00
39aaeabda63127f8,https://herin.co.in/,"[""herinofficial@gmail.com"", ""herinsales@gmail.com""]","[""+918130327299"", ""+919999176446""]","{""Instagram"": [""https://instagram.com/herinofficial""]}",Apparel,"Aesthetic western wear dresses that just get it — comfy, trendy, made for college, brunch & everything in between. Shop HERIN now, fast shipping India-wide.",https://herin.co.in/cdn/shop/files/Capture_fa5ce8e1-a261-4450-b173-c3b13bcb047e.jpg?v=1782724491&width=600,Maharashtra,2026-09-29T22:17:44.956436+00:00
49e609cd6eb8fd80,https://chidiyaa.com/,"[""hello@chidiyaa.com""]","[""+919284457051"", ""+919818401181""]","{""Facebook"": [""https://facebook.com/chidiyaaonline""], ""Instagram"": [""https://instagram.com/chidiyaaonline""], ""X"": [""https://x.com/ChidiyaaOnline""], ""YouTube"": [""https://youtube.com/@chidiyaaonline5318""]}",Apparel,"Beautiful handcrafted clothing for Women. Exclusive ajrakh and dabu hand block printed cotton sarees, kurtis, kurta sets, palazzo, pants, dupattas and dress available at Chidiyaa.",https://chidiyaa.com/cdn/shop/files/chidiyaa_logo_140x_140x_050d9ef6-cedb-4477-9a48-02fed93b2eab_280x.png?v=1710859517,Maharashtra,2026-09-29T22:18:53.090321+00:00
534af93411c21b17,https://aulten.shop/,"[""10@aulten.com""]","[""+919811597709""]",{},,"""Experience top-quality stabilizers and geysers from Aulten, which offer reliable power protection and efficient hot water solutions. Explore our range for trustworthy performance and comfort at your home. Shop now for the best in home safety and comfort and right now!""",https://aulten.shop/cdn/shop/files/Aulten_Logo_CDR_page-0001.jpg?v=1767594089,Delhi,2026-09-29T22:19:12.809438+00:00
9d5a78f300ed2ae3,https://oswaalbooks.com/,"[""contact@oswaalbooks.com"", ""easj@oswaalbooks.com"", ""order@oswaalbooks.com"", ""specimen@oswaalbooks.com""]","[""+915622524196"", ""+915622527781"", ""+915622527784"", ""+915622854582"", ""+917060535404"", ""+917454878690"", ""+919045771839""]","{""Facebook"": [""https://facebook.com/Oswaalbooks""], ""Instagram"": [""https://instagram.com/oswaalbooks""], ""LinkedIn"": [""https://linkedin.com/company/oswaal-books""], ""X"": [""https://x.com/oswaal_books""], ""YouTube"": [""https://youtube.com/c/oswaalbooks-learningmadesimple""]}",Books & education,"Oswaal Books — India's #1 exam prep publisher. CBSE, ICSE, JEE, NEET question banks, sample papers & study material for 2026-27. Trusted by 3 Cr+ students. Order now.",https://oswaalbooks.com/cdn/shop/files/Oswaal_Books_Logo_wor-21_1_1_800x.png?v=1783590087,Uttar Pradesh,2026-09-29T22:24:17.087410+00:00
f262123bcc486cce,https://mashroostore.com/,"[""info@mashroostore.com"", ""support@mashroostore.com""]","[""+919136762965""]","{""Facebook"": [""https://facebook.com/mashroostore""], ""Instagram"": [""https://instagram.com/mashroostore""], ""YouTube"": [""https://youtube.com/@mashroostore""]}",Apparel,"Since 2012, Mashroo is on a mission to celebrate traditional craftsmanship through fashion. With 7 retail stores across India (and more coming!), plus a global presence in the USA, UK, Australia, and the UAE, we're all about bringing cultural stories to life.",https://cdn.shopify.com/s/files/1/0571/0751/3516/files/Mashroo_logo_190x_3-cropped_55ba484d-ae22-4db1-9f13-4caff5ab2f3b.svg?v=1762599886,Maharashtra,2026-09-29T22:34:53.840782+00:00
0027865784ae7f4d,https://www.torani.in/,"[""care@torani.in"", ""career@torani.in"", ""team@torani.in""]","[""+918700969159"", ""+919217002968""]","{""Facebook"": [""https://facebook.com/toraniofficial""], ""Instagram"": [""https://instagram.com/toraniofficial""], ""X"": [""https://x.com/toraniofficial""], ""YouTube"": [""https://youtube.com/channel/UCYbHS4ENetpikraKxdMf6OA""]}",Apparel,"Torani’s brand defines a clear love for vintage as a natural progression, Karan Torani always found a connect with Indian looms, crafts & travelling through the country to find a similar sense of comfort in his clothes. Shop online for latest collection.",https://www.torani.in/cdn/shop/files/Torani_log0_black_2.png?height=44&v=1738918958,Uttar Pradesh,2026-09-29T22:31:07.708963+00:00
09b86a2718d8da11,https://thebaklavabox.com/,"[""customerservice@thebaklavabox.com"", ""sales@thebaklavabox.com""]","[""+918100080740"", ""+919831223498"", ""+919831223499""]","{""Facebook"": [""https://facebook.com/thebaklavabox""], ""Instagram"": [""https://instagram.com/thebaklavabox""], ""X"": [""https://x.com/thebaklavabox""], ""YouTube"": [""https://youtube.com/channel/UCuTaWc6jhee0-Uem7LdsQOA""]}",Food & nutrition,The Baklava Box is the largest online seller of Arabic sweets in India. Our baklavas are hand-made by best chefs and are eggless and preservative free.,https://thebaklavabox.com/cdn/shop/files/TBB_brown.png?v=1718445023&width=320,West Bengal,2026-09-29T22:15:05.452299+00:00
0d56f401527bec17,https://www.harfun.in/,"[""care@harfun.in""]","[""+919667969002""]","{""Facebook"": [""https://facebook.com/harfunlife""], ""Instagram"": [""https://instagram.com/harfunlife""], ""LinkedIn"": [""https://linkedin.com/company/harfunclothing""], ""X"": [""https://x.com/HarfunLife""]}",,Harfun brings the latest innovation in fabric technology to provide superior comfort for your everyday adventures,https://www.harfun.in/cdn/shop/files/harfunlogo.png?v=1712552958,Delhi,2026-09-29T22:15:06.300684+00:00
32d4a6166bdbbbe6,https://keeros.in/,"[""hello@keeros.in"", ""keeros.pr@healthzoneindia.com""]","[""+919044449898"", ""+919335927440""]","{""Facebook"": [""https://facebook.com/Keeros.in""], ""Instagram"": [""https://instagram.com/keeros.in""], ""X"": [""https://x.com/Keeros_in""]}",Food & nutrition,"Keeros supersnacks and superfoods is India's leading Diabetic Friendly Namkeen. Its Healthy, tasty and Low GI snack which can satiate your cravings anytime, anywhere.",,Uttar Pradesh,2026-09-29T22:17:32.798907+00:00
c270ef034007443c,https://pujayagna.com/,"[""contact@pujayagna.com"", ""mayank@pujayagna.com""]","[""+917977011931"", ""+919892669636""]","{""Facebook"": [""https://facebook.com/EshwarBhakti""], ""Instagram"": [""https://instagram.com/puja_yagna""], ""Pinterest"": [""https://pinterest.com/eshwarbhakti""], ""X"": [""https://x.com/EshwarBhakti""], ""YouTube"": [""https://youtube.com/c/PujaYagnas""]}",,"Puja Services online by our team of experienced and knowledgeable pundits. Our pundits will perform the puja complete with all Vedic rituals and steps. PujaYagna has pioneered online puja services, online pooja booking, yagya homam booking service, vedic pooja services, yajnas, havan, homa in Hindu temples USA, UK.",https://pujayagna.com/cdn/shop/files/logo_95x.png?v=1613548796,,2026-09-29T22:33:58.722824+00:00
164be238c64c70db,https://www.ornatejewels.com/,"[""care@ornatejewels.com"", ""sales@ornatejewels.com""]","[""+917590712221"", ""+918600718666""]","{""Facebook"": [""https://facebook.com/ornatejewelscom""], ""Instagram"": [""https://instagram.com/ornatejewels""], ""YouTube"": [""https://youtube.com/@OrnateJewels"", ""https://youtube.com/channel/UC9_02TJWGcntmvz2sGMIKUg""]}",Jewellery,"India's factory-direct jewellery brand. 925 BIS hallmarked silver, real 9K & 10K gold, lab-grown diamonds & natural gemstones. 1,200+ designs. Lifetime Warranty. Gift box. From ₹799.",https://www.ornatejewels.com/cdn/shop/files/Logo_2_200x_2x_ff4b5ed5-b52f-4608-a34e-ed0a1af11e8c.png?v=1714229958&width=800,Rajasthan,2026-09-29T22:15:53.860509+00:00
1bca36ba07cd7034,https://www.blaupunktaudio.in/,"[""help@gyftr.com"", ""sales@blaupunktaudio.in"", ""wecare@blaupunktaudio.in""]","[""+911800103331416"", ""+918698010101"", ""+918860022600""]","{""Facebook"": [""https://facebook.com/blaupunktaudioindia""], ""Instagram"": [""https://instagram.com/blaupunktaudioindia""], ""X"": [""https://x.com/AudioBlaupunkt""], ""YouTube"": [""https://youtube.com/channel/UCF2a5X82dQc2BKyfVJRMv3A""]}",Electronics,"Discover Blaupunkt’s premium audio products backed by 100 years of German innovation. Explore sound systems, music system, home audio systems, TWS earbuds, headphones & speakers. Click to get best price.",https://cdn.shopify.com/s/files/1/0458/9938/2938/files/blaupunkt-logo.png,Haryana,2026-09-29T22:16:27.839762+00:00
5f4ab28b23b7add1,https://www.beyours.in/,"[""hello@beyours.in"", ""support@beyours.in""]","[""+917014867167"", ""+919484951324""]","{""Facebook"": [""https://facebook.com/beyours.in""], ""Instagram"": [""https://instagram.com/beyours_in""], ""X"": [""https://x.com/Beyours_in""], ""YouTube"": [""https://youtube.com/@beyours_in""]}",Apparel,"Shop timeless style with Beyours. Explore high-quality shirts, pants, and everyday essentials—crafted for comfort, function, and effortless elegance.",https://www.beyours.in/cdn/shop/files/Untitled-5_300x.png?v=1723889946,Delhi,2026-09-29T22:19:49.221613+00:00
9736238f5cd8222c,https://www.soulflower.in/,"[""atinfo@soulflower.biz"", ""cs@soulflower.in"", ""info@soulflower.biz"", ""info@soulflower.in""]","[""+918080356666""]","{""Facebook"": [""https://facebook.com/besoulflowerindia""], ""Instagram"": [""https://instagram.com/soulflowerindia""], ""LinkedIn"": [""https://linkedin.com/company/soulflowerindia""], ""YouTube"": [""https://youtube.com/@besoulflower""]}",Hair care,"Soulflower offers 100% pure, natural Rosemary Oil Certified Organic, handmade skin care, hair care, and body care products with scientific actives for all your needs. Visit our online store to experience Clean Science India's 1st Preservative-free & Clinically proven Beauty Brand.",https://www.soulflower.in/cdn/shop/files/Soulflower-Logo_1_1.jpg?v=1787655914&width=500,Maharashtra,2026-09-29T22:23:58.177375+00:00
9c260b12631a6d33,https://1hairstop.in/,"[""care@1hairstop.in""]","[""+917842127817"", ""+918065911866"", ""+918121466160""]","{""Facebook"": [""https://facebook.com/onehairstopindia""], ""Instagram"": [""https://instagram.com/onehairstopindia""]}",,"Discover 100% real human hair extensions at 1 Hair Stop India. The one stop shop for Hair Patches, Volumizers, Toppers, Clip in Extensions, Wigs and more.",https://1hairstop.in/cdn/shop/files/1_Hair_Stop_Logo_-_Black.png?height=44&v=1673544097,Telangana,2026-09-29T22:24:15.377707+00:00
9fc0b8226e4ab1d2,https://hetha.in/,"[""sales@hetha.in""]","[""+918800663775"", ""+919528837465""]","{""Facebook"": [""https://facebook.com/HethaOrg""], ""Instagram"": [""https://instagram.com/hetha.in""], ""LinkedIn"": [""https://linkedin.com/in/aseemrawat"", ""https://linkedin.com/in/kiran-amarnani-73863896""], ""X"": [""https://x.com/HethaOrganics""], ""YouTube"": [""https://youtube.com/@hethaorganics""]}",Food & nutrition,"HETHA provides Cruelty Free A2 Milk & Milk products, Panchgavya medicines , Certified Organic Grocery. Explore the unique range of A2 Bilona Ghee from Himalayan Badri, Gir, Sahiwal and Tharparkar cows. HETHA has 3 farms : Ghaziabad and Bulandshahr, UP and Champawat, Uttarakhand.",https://hetha.in/cdn/shop/t/15/assets/logo.png?v=155571856117030548831748404827,Uttar Pradesh,2026-09-29T22:24:32.743953+00:00
ba9554795885fe66,https://www.kushals.com/,"[""hello@kushals.com"", ""info@kushals.com""]","[""+919591321696""]","{""Facebook"": [""https://facebook.com/KushalsFashionJewellery""], ""Instagram"": [""https://instagram.com/kushalsfashionjewellery""], ""YouTube"": [""https://youtube.com/@KushalsFashionJewellery""]}",Jewellery,"Shop Latest Collection of Designer Fashion, Artificial Jewellery Online at Kushals. Buy jewelry from a wide range of Necklaces, Earrings, Bangles, Pendants, Tikkas, Payals & more.",https://www.kushals.com/cdn/shop/files/Kushals_New_Logo_Color_A_a5fd5404-6db3-4580-97ca-c68a0232c0c7.png?v=1766647931&width=200,Karnataka,2026-09-29T22:26:28.003204+00:00
f66bea48f9b0ee76,https://wellbeingnutrition.com/,"[""care@wellbeingnutrition.com"", ""escalations@wellbeingnutrition.com""]","[""+9118005727910"", ""+918976821240"", ""+919326913433""]","{""Facebook"": [""https://facebook.com/Wellbeing-Nutrition-107959920549143""], ""Instagram"": [""https://instagram.com/wellbeing.nutrition""], ""X"": [""https://x.com/WBN_India""], ""YouTube"": [""https://youtube.com/channel/UCaXzqAwiiRCOYLLJt0Iv0jA""]}",,"Welcome to Wellbeing Nutrition! India’s first one-stop-shop for organic, whole foods, and multivitamin supplements. Begin your journey to better health today.",https://wellbeingnutrition.com/cdn/shop/files/Artboard_1_5_2.png?v=1774249789&width=89,Maharashtra,2026-09-29T22:30:12.168426+00:00
40fd804121e212e9,https://thekkgroups.in/,"[""kanhakollection@gmail.com"", ""kanhashringarofficials@gmail.com"", ""kkgroupswork729@gmail.com"", ""support@thekkgroups.in""]","[""+918005745954"", ""+919468602247""]","{""Facebook"": [""https://facebook.com/thekkgroups.in""], ""Instagram"": [""https://instagram.com/thekkgroups.in""], ""X"": [""https://x.com/thekkgroups""], ""YouTube"": [""https://youtube.com/@Thekkgroups_in""]}",Jewellery,"One stop shop for all types of laddu gopal dresses at best price in india , here you get heavy dresses , jhula , krishna jewellery , kanha accessories , dresses for janmasthmi and other festivals .",https://thekkgroups.in/cdn/shop/files/kk_logo_png.png?v=1696485501&width=500,Rajasthan,2026-09-29T22:18:04.507131+00:00
42b95ff754e46b9f,https://travelsleek.in/,"[""care@travelsleek.in""]","[""+919513399297""]",{},,"Buy personalized gifts for travel Online in India From Travelsleek. Send Gifts Like Passport Covers, Wallets, Custom wristbands and Travel and Lifestyle Accessories. Shop Now!",https://travelsleek.in/cdn/shop/files/Logo_for_Website_340x.png?v=1703771327,Karnataka,2026-09-29T22:18:16.020756+00:00
529ac9122c01d1a8,https://bgreen.in/,"[""info@bgreen.com"", ""info@bgreen.in""]","[""+918448193387"", ""+918527732632""]","{""Facebook"": [""https://facebook.com/bGREEN.in""], ""Instagram"": [""https://instagram.com/bgreen_in""], ""X"": [""https://x.com/bGREEN_in""], ""YouTube"": [""https://youtube.com/channel/UCJPXi5AIRLdgXN45IVZQC3A""]}",Food & nutrition,"bGREEN by Healthkart - Experience the power of bGREEN's 100% plant-based ingredients for your performance & wellness lifestyle with plant-based nutrition, natural endurance mix, super-greens, natural immunity mix, snack bars & other foods.",https://bgreen.in/cdn/shop/files/logo-bgreen_95x.png?v=1614290731,Haryana,2026-09-29T22:19:09.342263+00:00
d2358a1b871ed33a,https://theflora.in/,"[""hello@theflora.in"", ""utkarsh@theflora.in""]","[""+917618785862"", ""+917618785864"", ""+918830477209"", ""+919663699369""]","{""Facebook"": [""https://facebook.com/theflorahq""], ""Instagram"": [""https://instagram.com/theflora.in""], ""X"": [""https://x.com/theflora_in""]}",Flowers,"We deliver premium cut flowers & artisanal hand-tied bouquets all across Bangalore. Order for occasions like birthdays, anniversaries, weddings, gifting, or for your home. Call/WhatsApp +91 96636 99369. We are your online flower delivery partner for artisanal arrangements bouquets and flower subscriptions in Bangalore.",https://theflora.in/cdn/shop/files/TF_LogoBlack_cf27b4d8-e2a2-4182-bb5b-2e73a5e2f3df.png?v=1711004589&width=1160,Karnataka,2026-09-29T22:28:15.265375+00:00
e0c500e665b37b5f,https://www.bcositssilver.com/,"[""orders@bcositssilver.com""]","[""+919094138036""]","{""Facebook"": [""https://facebook.com/BCOSITSSILVER""], ""Instagram"": [""https://instagram.com/bcos_its_silver""], ""YouTube"": [""https://youtube.com/c/BCOSitssilverPureSilverjewelry""]}",Jewellery,"BCOS Its Silver, the most trusted Silver jewelry brand in India among the brides. We customize bridal jewelry. We ship worldwide.",https://www.bcositssilver.com/cdn/shop/files/LogoPNG-01_1.png?v=1642584695&width=1032,Karnataka,2026-09-29T22:28:54.870355+00:00
32eef27f0af1d7ed,https://modernquests.com/,"[""hey@modernquests.com""]","[""+917669661699"", ""+918826489720""]","{""Facebook"": [""https://facebook.com/modernquests""], ""Instagram"": [""https://instagram.com/modernquests""], ""Pinterest"": [""https://pinterest.com/modernquests""]}",Home & living,Shop Online For Contemporary Homeware & Premium Lifestyle Accessories Sourced From Design-Led International & Domestic Brands. Get Free Delivery Across India.,https://modernquests.com/cdn/shop/files/MQ_Website_Font_Logo.png?v=1718689750&width=604,Delhi,2026-09-29T22:31:25.734215+00:00
54eafbeb822f3ff7,https://www.sacredweaves.com/,"[""sales@sacredweaves.com""]","[""+918887898984""]","{""Facebook"": [""https://facebook.com/sacredweaves""], ""Instagram"": [""https://instagram.com/sacredweaves""], ""LinkedIn"": [""https://linkedin.com/in/shruti-shah-sacred-weaves""], ""YouTube"": [""https://youtube.com/c/SacredWeaves""]}",Apparel,"Shop Silk Mark certified Banarasi sarees online. Pure silk, handwoven in Varanasi using traditional techniques. Perfect for weddings & bridal wear.",https://www.sacredweaves.com/cdn/shop/files/logo-rec-original-on-white_500x_2x_b91abedd-f95d-4806-9e26-88188c729b9f.png?v=1634714950&width=440,,2026-09-29T22:19:25.280149+00:00
7a783b8639befe68,https://astrixinc.in/,"[""business@casinokart.com"", ""info@astrixinc.in""]","[""+918796827127"", ""+919667624107"", ""+919990006335"", ""+919999996335""]","{""Facebook"": [""https://facebook.com/Astrixinc.in""], ""YouTube"": [""https://youtube.com/@astrixincin""]}",,"Order Online Gaming Products like Desk, Table, Chair, Station and other on Astrixinc on best prices & get UPTO 40% OFF Sale. Buy gaming accessories in best discount with premium quality in India with COD,FREE Delivery, 30 days hassle free returns and strong packaging",https://astrixinc.in/cdn/shop/files/Astrix_logo_3800x.webp?v=1755515096,Haryana,2026-09-29T22:22:05.831981+00:00
cb2d241851a1cf81,https://shrus.com/,"[""hello@shruseternity.com""]","[""+917604936565"", ""+917969460000""]","{""Facebook"": [""https://facebook.com/shruseternity""], ""Instagram"": [""https://instagram.com/shruseternity""], ""LinkedIn"": [""https://linkedin.com/company/shruseternity""], ""X"": [""https://x.com/shrus_eternity""], ""YouTube"": [""https://youtube.com/c/Shruseternity""]}",Apparel,"Discover timeless elegance with Shrus. Shop Pure Kanjivaram/Kanchipuram silk sarees, soft silk sarees, silk cotton sarees, and exclusive women’s readymades online",https://shrus.com/cdn/shop/files/Shrus__Website_Logo140x80_PNG.png?v=1715351600&width=140,Tamil Nadu,2026-09-29T22:27:43.311186+00:00
1145ca2e67c7bcef,https://hokmakeup.com/,"[""affiliate@hokmakeup.com"", ""support@hokmakeup.com""]","[""+919810245261""]","{""Facebook"": [""https://facebook.com/hokmakeup""], ""Instagram"": [""https://instagram.com/hokmakeup""], ""YouTube"": [""https://youtube.com/c/hokmakeup""]}",Beauty & fragrance,"Buy Luxury Makeup Products Online in India at Best Prices Only on HOK Makeup. Explore Top-Rated Foundations, Lipsticks, Eyeshadows & More from Trusted Brands. Enjoy Fast Shipping, Easy Returns & COD Options.",https://hokmakeup.com/cdn/shop/files/image_30d4acee-3d50-48d9-a131-60bfc731d9ff.png?v=1782819814&width=600,Delhi,2026-09-29T22:15:50.504805+00:00
1e2005c050b9e0be,https://drtrust.in/,"[""customercare@nureca.com""]","[""+917527013265"", ""+917743002482"", ""+917743002485"", ""+919356658436""]",{},Health & wellness,"Your trusted destination for health and wellness products. Browse our range of reliable and affordable medical devices, personal care products, and home healthcare equipment. Get expert advice and fast, secure delivery. Shop now!",https://drtrust.in/cdn/shop/files/Dr_trust_logo_without_Doctor_R_-01s.png?v=1738663365&width=240,Chandigarh,2026-09-29T22:16:32.971353+00:00
270d79f5c50d6440,https://gooddot.in/,"[""b2b@gooddot.in"", ""grievance@gooddot.in"", ""info@gooddot.in"", ""tech@gooddot.in""]","[""+911800123500024"", ""+917665844333"", ""+919216060793"", ""+919587887256""]","{""Facebook"": [""https://facebook.com/Gooddot""], ""Instagram"": [""https://instagram.com/gooddot""], ""X"": [""https://x.com/gooddotofficial""], ""YouTube"": [""https://youtube.com/channel/UCQohJNIGpK7NdTqiGjMeBcg""]}",Food & nutrition,"Discover India's high-protein plant-based foods, protein snacks, ready-to-cook meals, and Jhatpat Protein Topper. 100% vegan, protein-rich meals delivered across India.",https://gooddot.in/cdn/shop/files/logo_100x.png?v=1649229949,Rajasthan,2026-09-29T22:16:54.218262+00:00
9a5dd0250bfef140,https://jokerandwitch.com/,"[""support@jokerandwitch.com""]","[""+918068970285"", ""+919845488741""]","{""Facebook"": [""https://facebook.com/jokerandwitch""], ""Instagram"": [""https://instagram.com/jokerandwitch""], ""LinkedIn"": [""https://linkedin.com/company/jokerandwitch""], ""YouTube"": [""https://youtube.com/@jokerandwitch""]}",,"Chic, Trendsetting & Modern Watches, Jewellery & Gift Sets. Pioneers of Watch Bracelet Stacks. 5000+ Styles, 1M+ Customers & Easy Returns.",https://jokerandwitch.com/cdn/shop/files/J_W_Logo.png?v=1690790534&width=480,Karnataka,2026-09-29T22:24:09.117528+00:00
bb11eed913e3826f,https://livpure.com/,"[""account.ls@livpuresleep.com"", ""care@livpuresleep.com"", ""care@livpuresmart.com"", ""customercare@livpure.com"", ""export@livpure.com"", ""grievance.officer@sar-group.com"", ""grievances.officer@sar-group.com"", ""info@livpure.in""]","[""+911244035614"", ""+911244987400"", ""+9118004199399"", ""+917669366875"", ""+918064899399"", ""+918800762226"", ""+919121230397""]","{""Facebook"": [""https://facebook.com/livpurebrandindia""], ""Instagram"": [""https://instagram.com/livpurewater""], ""YouTube"": [""https://youtube.com/user/Livpurewater""]}",Home appliances,"Livpure Offers India best RO water Purifiers, mattress, pillows at best price. We are most trusted brand in home appliances .",https://livpure.com/cdn/shop/files/Livpure_LOGO_Purple_2048x2048_8465dc4a-1c7e-472e-ab6c-b78e8af8446f.webp?v=1737784047,,2026-09-29T22:26:39.267144+00:00
86928a2afb5c3611,https://jewelemarket.com/,"[""jem@jewelmaze.com""]","[""+919004058300"", ""+919004058301"", ""+919867662341""]","{""Facebook"": [""https://facebook.com/JewelEMarket""], ""Instagram"": [""https://instagram.com/jewelemarket_com""], ""YouTube"": [""https://youtube.com/c/JewelEMarket""]}",Jewellery,"JewelEMarket is India's First B2B E-Commerce Wholesale Fashion Imitation Jewellery Online Global Marketplace. We connect MSME Buyers, Wholesalers, Retailers, Exporters Re-Sellers, Manufacturers, Importers Designers. Traditional Indian Jewellery, Necklace Sets, Earrings, Bridal, Bangles, Hair Accessories, Raw Materials.",https://jewelemarket.com/cdn/shop/files/logo_small_4ffdff34-ca75-4609-a9f9-271a423960ea.png?v=1742036669&width=600,Maharashtra,2026-09-29T22:23:05.637284+00:00
89f49fa63587b8a5,https://nutcaseshop.com/,"[""care@nutcaseshop.com"", ""happymo@nutcaseshop.com"", ""operations@nutcaseshop.com""]","[""+918779168708"", ""+918928456027"", ""+919326780105"", ""+919429692566""]","{""Facebook"": [""https://facebook.com/nutcaseshop""], ""Instagram"": [""https://instagram.com/nutcaseindia""], ""YouTube"": [""https://youtube.com/channel/UCVog99pYFBTKfyECUNXloYg""]}",Gifts & personalization,"India's leading online gift shop for Personalized Custom Gifts! Explore a range of Customized Name Plates, Whiskey Glasses, Bottles, Hip Flasks, Passport Covers, Luggage Tags & much more",https://nutcaseshop.com/cdn/shop/files/Nutcase_Logo.png?v=1664390210&width=600,,2026-09-29T22:23:18.296101+00:00
bd5c0ac6b5f85fe1,https://www.insaraf.com/,"[""furniture@insaraf.com""]","[""+918067414797""]","{""Facebook"": [""https://facebook.com/furniture.saraf""], ""Instagram"": [""https://instagram.com/saraf_furniture""], ""X"": [""https://x.com/saraffurniture""], ""YouTube"": [""https://youtube.com/channel/UCchhSPXtU8DQA-9DL04OBhQ""]}",Home & living,"Shop wooden furniture online at Saraf Furniture. Explore solid wood beds, sofas, dining sets, bookshelves & more, crafted for Indian homes. Shop now!",https://www.insaraf.com/cdn/shop/files/Logo_Aug_2022_Variation_3_480x.png?v=1786877896,Rajasthan,2026-09-29T22:26:34.702782+00:00
f724d1926e63d305,https://www.minileaves.com/,"[""care@minileaves.com"", ""minileavestoys@gmail.com""]","[""+919844155550""]","{""Facebook"": [""https://facebook.com/minileaves""], ""Instagram"": [""https://instagram.com/minileavespuzzles""], ""Pinterest"": [""https://pinterest.com/minileaves""], ""YouTube"": [""https://youtube.com/channel/UCjPVcJ8w9t90AeyPd8dE2SQ""]}",Toys & games,"Shop for educational wooden jigsaw puzzles toys & board games for children that are fun, exciting and make learning a joy through play. ✓ Premium Quality ✓ Free Delivery ✓ Easy Returns",https://www.minileaves.com/cdn/shop/files/Minileaves-Puzzle-Logo_300x.jpg?v=1773165086,Karnataka,2026-09-29T22:30:14.663643+00:00
5cca03e88f63b4c3,https://htrzmodz.com/,"[""htrzmodz@gmail.com"", ""htrzmodzshopify@gmail.com"", ""support@htrzmodz.com"", ""website@htrzmodz.com""]","[""+917353332000"", ""+919880034007""]","{""Facebook"": [""https://facebook.com/htrzmodzbanaglore""], ""Instagram"": [""https://instagram.com/htrzmodz_official""], ""X"": [""https://x.com/htrzmodz""], ""YouTube"": [""https://youtube.com/channel/UCJxmuG9MHgx-NTVam169yog""]}",Car & motorcycle accessories,"Shop motorcycle accessories, helmets, and biking gear at HTRZ Modz, Bangalore's top bike accessories store. Your one-stop shop for biking gear.",https://htrzmodz.com/cdn/shop/files/LOGO_2_1_-min_2_100x@2x.png?v=1659546916,Karnataka,2026-09-29T22:19:51.820159+00:00
61f7d3405a09c8b8,https://fabcurate.com/,"[""hello@fabcurate.com"", ""help@fabcurate.com"", ""namaste@fabcurate.com""]","[""+919459453535"", ""+919459455353""]","{""Facebook"": [""https://facebook.com/fabcurate""], ""Instagram"": [""https://instagram.com/fabcurate""], ""X"": [""https://x.com/fabcurate""], ""YouTube"": [""https://youtube.com/@fabcurate""]}",Fabrics & craft supplies,"Fabcurate is a world-class & most trusted fabric store with 10,000+ designs and collections. Fabcurate is also known for its top-quality sarees, men fabrics, Kurti-dupattas, kaftans, Kalis, and Scarfs.",,Gujarat,2026-09-29T22:20:01.174807+00:00
c0eaf650f5ae7a15,https://www.home4u.in/,"[""care@home4u.in"", ""we@home4u.in""]","[""+918800825496"", ""+919625319356""]","{""Facebook"": [""https://facebook.com/Home4u.in""], ""Instagram"": [""https://instagram.com/home4u.in""]}",Home & living,"Buy premium quality home decor items at Home4U online store. Browse the luxury collection of furnishings, furniture, kitchenware, pet essentials & many more.",https://www.home4u.in/cdn/shop/files/home4-logo-u_1_170x.png?v=1675080122,Haryana,2026-09-29T22:26:58.143493+00:00
cd1a567cd06cb57e,https://mnsh.co/,"[""fortstore@mnsh.co"", ""info@mnsh.co""]","[""+918104444284"", ""+918828204467"", ""+919820958901""]","{""Facebook"": [""https://facebook.com/mnsh.designs""], ""Instagram"": [""https://instagram.com/mnsh.design""]}",Jewellery,"Elevate your daily style quotient with MNSH jewellery. All our designs are handcrafted and plated with 22kt gold. Our creations are unique, sophisticated yet playful and designed to be light-weight. We drive our inspiration from designs that allow you the fluidity to transcend from daily-wear to those special occasions",https://mnsh.co/cdn/shop/files/logo-01_2_e4a528ab-501d-4d60-a78d-16cfeffc0445.png?crop=center&height=78&v=1775561847&width=280,Maharashtra,2026-09-29T22:27:53.142176+00:00
01e7c515a5eb329b,https://www.luxurionworld.com/,"[""contact@luxurionworld.com""]","[""+912235714484"", ""+912244807306"", ""+917710801701"", ""+917738869115"", ""+918104960025"", ""+918369931451""]","{""Facebook"": [""https://facebook.com/LuxurionWorld""], ""Instagram"": [""https://instagram.com/luxurionworld""], ""Pinterest"": [""https://pinterest.com/myluxurion""], ""X"": [""https://x.com/Luxurionworld""], ""YouTube"": [""https://youtube.com/channel/UC_G7jaRXuAFcI8hnoSdnzDg""]}",Apparel,"Explore a stunning collection of Handloom sarees, trendy sarees, Indian dresses, including designer suits, dupattas, designer blouses, lehengas, fabrics, luxury dresses and men's&nbsp;Jackets, men's&nbsp;designer&nbsp;shirt. Shop now for the&nbsp;perfect&nbsp;outfit!",https://www.luxurionworld.com/cdn/shop/files/Lw_New_logo_1000x1000.--1.png?height=80&v=1770144929,Maharashtra,2026-09-29T22:14:48.273426+00:00
6e4e104a246f152e,https://anuvedsoaps.com/,"[""ecommerce@anuspaheritage.com"", ""namaste@anuvedsoaps.com""]","[""+919222220297""]","{""Facebook"": [""https://facebook.com/anuvedpavitrasnan""], ""Instagram"": [""https://instagram.com/anuved_soaps""], ""YouTube"": [""https://youtube.com/@Anuvedsoaps""]}",,"Anuved offers a wide range of soaps for both men and women. Buy best herbal soaps - scrub soap, hydrating soap for dry skin, and anti-tan soap. Shop chemical-free, natural soaps for a refreshing, Pavitra bath!",https://anuvedsoaps.com/cdn/shop/files/Logo_English_1.png?v=1755174848&width=170,Maharashtra,2026-09-29T22:21:07.964682+00:00
92e134ba6e78647d,https://ignitedminds.co.in/,[],[],{},Books & education,"Ignited Minds was a concept that became reality after the inception of a very simple idea, to provide content to our children that they wholeheartedly deserve. It all started with a pair of parents with a mission to inspire their children and incur a culture of reading by providing inspiring and novelty books.",https://ignitedminds.co.in/cdn/shop/files/Untitled_200_x_200_px_1_130x.png,Telangana,2026-09-29T22:23:47.759379+00:00
a74c3fbbee377606,https://jagatpharma.com/,"[""orders@jagatpharma.com"", ""reach-us@jagatpharma.com""]","[""+9118001028191"", ""+918881001234""]","{""Instagram"": [""https://instagram.com/jagatpharma""]}",Health & wellness,Jagat Pharma is India’s most trusted online store. Visit our online Ayurveda store to quickly buy a wide range of Ayurveda products online.,https://jagatpharma.com/cdn/shop/files/logo_SVG-01-01-01-01.svg?v=1701162348&width=1954,,2026-09-29T22:25:01.882867+00:00
f4a37f4d3e8e5d3b,https://shop.chaipoint.com/,"[""customercare@chaipoint.com"", ""unsubscribe@chaipoint.com""]","[""+918880141000""]","{""Facebook"": [""https://facebook.com/chaipoint""], ""Instagram"": [""https://instagram.com/chai_point""], ""X"": [""https://x.com/Chai_Point""]}",Coffee & tea,"Buy tea online from Chai Point’s range of instant tea, tea leaves, chai snacks, health combos & more. A great cup for the perfect experience curated and personalized to your taste.",https://shop.chaipoint.com/cdn/shop/files/Chai-Point-Logo_blue_4000x.png?v=1733732201,Karnataka,2026-09-29T22:30:06.579489+00:00
0ca2c2b8c85a01e3,https://propfactory.in/,"[""hello@propfactory.in"", ""propfactory.in@gmail.com""]","[""+917977306878""]","{""Facebook"": [""https://facebook.com/propfactoryindia""], ""Instagram"": [""https://instagram.com/propfactoryindia""], ""YouTube"": [""https://youtube.com/@propfactory6375""]}",Gifts & personalization,"Shop unique, themed gifts, accessories, and curated products at PropFactory—your one-stop online store for quirky, stylish, and creative finds in India.",https://propfactory.in/cdn/shop/files/propfactory_logo-01.ai.png?v=1771502998&width=330,Maharashtra,2026-09-29T22:15:20.718908+00:00
626c028d370e8ec8,https://indigifts.in/,"[""withlove@indigifts.in""]","[""+917340061702"", ""+919772464846""]","{""Facebook"": [""https://facebook.com/indigifts.in""], ""Instagram"": [""https://instagram.com/indigifts""], ""YouTube"": [""https://youtube.com/@indigifts""]}",,Experience exclusive gifts made with love and impress your love partner at best prices. We promise with the best gifts to express your love through a range of exciting gifts with Indigifts.,https://indigifts.in/cdn/shop/files/Indigifts_New_red-01_c10efa28-445e-4f42-9f5d-ccd113cde1e5_120x.png?v=1702641011,Rajasthan,2026-09-29T22:20:16.128350+00:00
1bfd9be559d78bf0,https://fegoinnovations.com/,"[""reach@fegoinnovations.com""]","[""+918099998880""]","{""Facebook"": [""https://facebook.com/profile.php?id=61579460076434""], ""Instagram"": [""https://instagram.com/sriram_388""], ""YouTube"": [""https://youtube.com/@karneedisriram77""]}",Home & living,Pain free rides on any road. FEGO ergonomic seat cushions reduce vibration + improve comfort. Shop now.,https://fegoinnovations.com/cdn/shop/files/Fego_Full_logo-_Black.png?height=96&v=1788357695,Telangana,2026-09-29T22:16:20.775110+00:00
a1ee481c882e6eaa,https://locknlock.in/,"[""customercare@locknlock.in"", ""sales2@locknlock.in""]","[""+918657560067"", ""+919820212649""]","{""Facebook"": [""https://facebook.com/LocknLock.in""], ""Instagram"": [""https://instagram.com/locknlock.in""]}",Home & living,"Buy best and most innovative airtight food storage containers, water bottles, lunch boxes Online in India. We have high quality Plastic food container, Glass container, Steel container range, Rectangular food Containers, Square food containers, Plastic Tiffin box.",https://locknlock.in/cdn/shop/files/2025_LocknLock_BI_digital_1_200x.jpg?v=1778160522,Maharashtra,2026-09-29T22:24:42.972536+00:00
f4917741372d45e2,https://www.qraamen.com/,"[""business@qraaherbal.com"", ""info@qraamen.com""]","[""+919811094190""]","{""Facebook"": [""https://facebook.com/qraamenofficial""], ""Instagram"": [""https://instagram.com/qraamen""]}",,"Qraa Men a complete men's grooming range, Be an ultra sexy with our men's grooming products which made with essential oils and no harmful chemicals added.",https://www.qraamen.com/cdn/shop/t/11/assets/logo_180x.png?v=94558239960010028971641797655,Delhi,2026-09-29T22:29:57.721046+00:00
0dcef455710394be,https://www.sleepsia.in/,"[""cc@sleepsia.in"", ""info@sleepsia.com""]","[""+919319192254"", ""+919811315889""]","{""Facebook"": [""https://facebook.com/sleepsiapillow""], ""Instagram"": [""https://instagram.com/sleepsiaindia""], ""YouTube"": [""https://youtube.com/@sleepsiaindia3646""]}",Home & living,"Sleepsia Best Memory Foam Pillow for Sleeping in India for Cervical, Lumbar & Knee Pain. Our wide range best pillow in India to enjoy a comfortable sleep every night. Sleepsia India Pvt Ltd is the pioneer of Best Memory Foam Pillows technology in India.",https://www.sleepsia.in/cdn/shop/files/02_7bf54860-5c90-4da3-b88e-6f064e83c703.webp?v=1755772350&width=330,Delhi,2026-09-29T22:15:21.233683+00:00
85dce303e80c4ff7,https://www.moonshinemeadery.com/,"[""info@moonshinemeadery.com""]","[""+917745848660"", ""+918459198784"", ""+918484887874"", ""+919137768198""]","{""Facebook"": [""https://facebook.com/moonshinemeadery""], ""Instagram"": [""https://instagram.com/an_anandrk"", ""https://instagram.com/asdswow"", ""https://instagram.com/bhattchin"", ""https://instagram.com/enthu_nugget"", ""https://instagram.com/junglegymstudio"", ""https://instagram.com/karanleomes"", ""https://instagram.com/moonshinemeadery"", ""https://instagram.com/mr.raulmaniac"", ""https://instagram.com/nupurfireworks"", ""https://instagram.com/saahir_shetty"", ""https://instagram.com/thebigfatminimalist""], ""LinkedIn"": [""https://linkedin.com/company/moonshinemeadery""]}",Food & nutrition,"Moonshine is Asia and India’s first Meadery. We’re bringing back Meads, the world’s oldest alcoholic beverage. Mead (rhymes with need) is a gluten-free alcoholic beverage crafted by fermenting honey with various fruits and spices.",https://cdn.shopify.com/s/files/1/0533/4197/8788/files/img-logo07.png?v=1664482087,Maharashtra,2026-09-29T22:22:55.108824+00:00
f7a92ec532be3b81,https://decormart.in/,"[""business@decormart.in"", ""cs@decormart.in"", ""decormartindia@gmail.com"", ""mittal.rohanraj@gmail.com"", ""rohan@decormart.in""]","[""+917042968629"", ""+919958327289""]","{""Facebook"": [""https://facebook.com/decormartofficial""], ""Instagram"": [""https://instagram.com/thedecormartstore""], ""LinkedIn"": [""https://linkedin.com/company/the-decor-mart""]}",Home & living,"Decor Mart brings to you exclusive collection of Curtain Rods, Cushion Covers, Lamps, Tableware and a lot more.",https://decormart.in/cdn/shop/files/Decormart_Logo_-_Alternative_350x.png?v=1675939120,Uttar Pradesh,2026-09-29T22:35:07.442667+00:00
3f94a0740d156615,https://www.cyclop.in/,"[""support@cyclop.in""]","[""+918591220335""]","{""Facebook"": [""https://facebook.com/cyclopindia""], ""Instagram"": [""https://instagram.com/cyclopindia""], ""Pinterest"": [""https://pinterest.com/cyclopindia""], ""YouTube"": [""https://youtube.com/channel/UC8jYksvxmdp8n28zpM8BgkQ""]}",Bicycles & cycling,"Shop from India's Largest Online Cycling Store Featuring 173+ Brands. Explore Wide Range Of Bicycles, Cycling Apparel, Cycling Helmets, Cycling Jerseys, Cycling Shoes & Cycling Accessories.",https://www.cyclop.in/cdn/shop/files/white-black_cyclop_21kb_logo_png_60x.png?v=1614329329,Haryana,2026-09-29T22:17:59.384031+00:00
537b29bd941dd62d,https://heartupmysleeves.com/,"[""heartupmysleeves@gmail.com""]","[""+918700620071"", ""+919910913166""]","{""Facebook"": [""https://facebook.com/heartupmysleeves""], ""Instagram"": [""https://instagram.com/heartupmysleeves""]}",,"Heart Up My Sleeves is proud to bring you fashion forward accessories that are curated as personalised styling assets or popularly known as “your everyday must-haves”. Not just this, Heart Up opens an entirely new world of intricately crafted silhouettes & styles that are already taking the",https://heartupmysleeves.com/cdn/shop/files/03C3C53A-3FD5-46CA-8644-DEF7BCEAEBFC_copy_90x.png?v=1639724487,Delhi,2026-09-29T22:19:22.279722+00:00
538666f473c35136,https://hidesign.com/,"[""corporatesales@hidesign.com"", ""customercare@hidesign.com""]","[""+917338897300"", ""+918031405178"", ""+919444274242""]","{""Facebook"": [""https://facebook.com/hidesign""], ""Instagram"": [""https://instagram.com/hidesignhq""], ""LinkedIn"": [""https://linkedin.com/company/hidesign""], ""Pinterest"": [""https://pinterest.com/hidesignhq""]}",Bags & travel,"Discover handcrafted leather bags, wallets and accessories for men & women online. Experience luxury fashion in sustainable leather with Hidesign's collection.",https://hidesign.com/cdn/shop/files/Hidesign_logo.svg?v=1060772962976040423,,2026-09-29T22:19:25.262200+00:00
8636bcce2e5fdb34,https://www.reneecosmetics.in/,"[""grievance@reneecosmetics.in"", ""hi@reneecosmetics.in""]","[""+9118001038909"", ""+917211108630""]","{""Facebook"": [""https://facebook.com/ReneeCosmetics""], ""Instagram"": [""https://instagram.com/reneeofficial""], ""X"": [""https://x.com/renee_cosmetics""], ""YouTube"": [""https://youtube.com/@reneecosmeticsofficial""]}",Beauty & fragrance,"RENEE Cosmetics is an Indian makeup brand that's redefining beauty with its range of high quality, cruelty-free and FDA-approved innovative products.",https://www.reneecosmetics.in/cdn/shop/files/logo.svg?v=1751370718&width=600,Gujarat,2026-09-29T22:23:05.638561+00:00
9eeb6eb7fa4ac0b9,https://bandidospitstop.com/,"[""info@bandidospitstop.com""]","[""+917591960202"", ""+918891020202""]","{""Facebook"": [""https://facebook.com/BandidosPitstop""], ""Instagram"": [""https://instagram.com/bandidos_pitstop""], ""YouTube"": [""https://youtube.com/c/BandidosPITSTOP"", ""https://youtube.com/channel/UCSESA9txv8JUapkFJzj3Wtw""]}",,"Custom build motorcycle accessories and riding engineered and made in India. Bandidos is the ultimate home for all things motorcycles. From safety gear like helmets, riding jackets and shoes, gloves to accessories including mirrors.",https://bandidospitstop.com/cdn/shop/files/LOGOANIMATION2_2048x_copy_4a710ad9-f306-455f-96f1-40dcedc65874.png?v=1761018369&width=200,Kerala,2026-09-29T22:24:26.145013+00:00
3e308a7b2ec481f3,https://munchbag.in/,"[""munchbag.in@gmail.com""]","[""+919311254280""]","{""Facebook"": [""https://facebook.com/Munchbagin-107944551013044""], ""Instagram"": [""https://instagram.com/munchbag.in""]}",Food & nutrition,Your one stop shop for all imported snacks from all around the globe.,https://munchbag.in/cdn/shop/files/Screenshot_2023-09-05_at_5.09.31_PM_95x.png?v=1693913991,Haryana,2026-09-29T22:17:51.246684+00:00
724c073381d5eb6f,https://namyaa.in/,"[""info@namyaa.in""]","[""+919811094190"", ""+919990507902""]","{""Facebook"": [""https://facebook.com/namyaaindia""], ""Instagram"": [""https://instagram.com/namyaaofficial""]}",Skincare,"Namyaa Skincare is India’s leading brand and delivering intimate care products worldwide, Visit our website to check our complete range of intimate products.",https://namyaa.in/cdn/shop/files/logo-black_1_1.png?v=1756895929&width=132,Delhi,2026-09-29T22:21:07.952153+00:00
0cfb68b81ed66633,https://powergummies.com/,"[""hello@powergummies.com"", ""response@powergummies.com""]","[""+919999147733""]","{""Facebook"": [""https://facebook.com/powergummies""], ""Instagram"": [""https://instagram.com/power_gummies""], ""YouTube"": [""https://youtube.com/channel/UCGdBotvwGa2DP4e4Ye5yxuQ""]}",Health & wellness,Power Gummies are the Best Gummies in India that are backed by scientifically proven ingredients and taste better than regular vitamins. Get your nourishing pack today.,https://powergummies.com/cdn/shop/files/PG_new_logo_png_256x256_09a0c72a-380c-4892-9cba-411468621ddb_80x.webp?v=1650534200,,2026-09-29T22:15:14.077970+00:00
2044260a366eb827,https://www.intex.in/,"[""info@intex.in"", ""shubhi@intex.in""]","[""+911204895555"", ""+919355596674"", ""+919953030145""]","{""Facebook"": [""https://facebook.com/IntexIndia""], ""Instagram"": [""https://instagram.com/intextechnologies""], ""X"": [""https://x.com/IntexBrand""], ""YouTube"": [""https://youtube.com/c/IntexTechnologiesLimited""]}",Electronics,"Discover Intex – India’s trusted brand for LED TVs, multimedia speakers, smartwatches, home appliances, and IT accessories. Since 1996, we deliver innovation, quality, and affordability across electronics and lifestyle products.",https://www.intex.in/cdn/shopifycloud/storefront/assets/no-image-2048-a2addb12.gif,Delhi,2026-09-29T22:16:35.305937+00:00
314b789727292a47,https://maate.in/,"[""care@maate.in""]","[""+9118001020605"", ""+919711709990""]","{""Facebook"": [""https://facebook.com/maateCare"", ""https://facebook.com/maatecare""], ""Instagram"": [""https://instagram.com/maate"", ""https://instagram.com/maatecare""], ""LinkedIn"": [""https://linkedin.com/company/fifth-sense-naturals""], ""YouTube"": [""https://youtube.com/channel/UC43I9s2cBvPxuEeUACVJ4vQ""]}",Baby & maternity,"Discover Maate's Natural Baby Care Products in India. Maate brings you the best baby products online which are natural, vegan and organic for your baby's delicate skin. Shop Ayurvedic newborn products that are Pediatrician & Dermatologically Tested.",https://maate.in/cdn/shop/files/maate_logo_8dfeb852-37da-4a9c-b8fb-ffe8b1ee32bd.png?height=38&v=1768385160,Haryana,2026-09-29T22:17:25.357333+00:00
4b247b6f9f37b9d1,https://mellow.co.in/,"[""sales@mellow.co.in""]","[""+919352534070"", ""+919509941248""]","{""Facebook"": [""https://facebook.com/mellowindia""], ""Instagram"": [""https://instagram.com/mellow_india""]}",,"Ayurvedic Beauty Products - Every product is made naturally using sustainable extraction techniques. We are a responsible brand which focuses on vitality of the natural ingredients for their magic to work on you. Mellow has wide range of Hair care, Face care and Body care products.",https://mellow.co.in/cdn/shop/files/logo_mellow_original.webp?v=1678692612,Rajasthan,2026-09-29T22:18:50.141770+00:00
5f451e90c23394e5,https://countrybean.in/,"[""hello@countrybean.in"", ""support@countrybean.in""]","[""+918484932148""]","{""Facebook"": [""https://facebook.com/countrybeancoffee""], ""Instagram"": [""https://instagram.com/countrybeancoffee""], ""X"": [""https://x.com/countrybeanco""], ""YouTube"": [""https://youtube.com/channel/UCtg2tccNCphhilCp2UTi01w""]}",Coffee & tea,"Order coffee online and make super smooth coffee at home without a machine! Available in 6 flavours - Hazelnut, Caramel, Vanilla, Berry, Cocoa Mint, and Original. Shop Now!",https://countrybean.in/cdn/shop/files/Country_Bean_logo_copy_c2dd856b-3b2e-408a-b2d3-ae32bcb1d5e1_250x.png?v=1637216816,West Bengal,2026-09-29T22:19:57.820203+00:00
b56123f03cdec30a,https://unboxkar.com/,"[""wholesale@unboxkar.com""]","[""+917020858864"", ""+917709724829""]","{""Facebook"": [""https://facebook.com/profile.php?id=61584303055950""], ""Instagram"": [""https://instagram.com/hustlewithhrithik"", ""https://instagram.com/unboxkarwholesale""], ""YouTube"": [""https://youtube.com/@unboxkarwholesale""]}",Jewellery,"Wholesale Hair Accessories ! Best Prices , Free Shipping , Tax Included We are an online shop born out of an extreme love for cute and fashionable products. we specialize in scrunchies, head bands, tic tac, etc. we started this online shop with passion and creativity. with affordable pricing, attractive offers",https://unboxkar.com/cdn/shop/files/UNBOXKAR_wholesale.png?v=1733985640&width=600,Maharashtra,2026-09-29T22:26:14.174818+00:00
1c1196d11910d80f,https://schmancy.in/,"[""info@schmancy.in"", ""support@schmancy.in""]","[""+919113849088""]","{""Facebook"": [""https://facebook.com/schmancypack""], ""Instagram"": [""https://instagram.com/schmancypack""], ""YouTube"": [""https://youtube.com/@schmancypack2203""]}",Apparel,"Buy eco-friendly bakery, home & lifestyle boxes & designer bags or customize them at affordable prices at schmancy.in. Shipping available all over India.",https://schmancy.in/cdn/shop/files/SCHMANCY_LOGO_150px.png?v=1660552577,Karnataka,2026-09-29T22:16:27.740690+00:00
32b76545b0002d32,https://latin-quarters.com/,"[""care@latin-quarters.com""]","[""+919910007254""]","{""Facebook"": [""https://facebook.com/latinquarters""], ""Instagram"": [""https://instagram.com/latin.quarters""], ""YouTube"": [""https://youtube.com/channel/UCbhRQ6wegl0B_iB8Gha1-ZA""]}",Apparel,"Discover the latest summer trends with Latin Quarters. Shop the new summer collection of premium party dress, breezy tops, floral maxi, accessories, handbags and more. Easy Returns.5 million happy customers. COD Available.",https://latin-quarters.com/cdn/shop/files/LQ_Logo_361x_644b6eff-6d54-4eef-be3a-a028ff0d21ae_400x.webp?v=1652778946,Delhi,2026-09-29T22:17:30.368679+00:00
3a5fe56e25d91ca2,https://alpino.store/,"[""support@alpinohealthfoods.com""]","[""+918347688000""]","{""Facebook"": [""https://facebook.com/alpinohealthfoods""], ""Instagram"": [""https://instagram.com/alpinohealthfoods""], ""LinkedIn"": [""https://linkedin.com/company/alpinohealthfoods""], ""X"": [""https://x.com/AlpinoHFoods""], ""YouTube"": [""https://youtube.com/@AlpinoHealthFoods""]}",Food & nutrition,"Alpino brings you the best peanut products – high-protein peanut butter, super oats super muesli, and much more. Buy online for fresh, healthy, & delicious peanut products.",https://alpino.store/cdn/shop/files/Alpino_Logo_Og_White.png?v=1661767608,Gujarat,2026-09-29T22:17:45.180044+00:00
4d11b45a81d1f730,https://theveshticompany.com/,"[""operations@theveshticompany.com""]",[],{},,Harem Pants for Men and Women online in India – Be Dressponsible and Shop online for wide collection of Unisex Hippie Harem Pant / Hippy Bohemian Boho Pants / Palazzo / Baggy / Aladdin / Balloon Pant #BEDRESSPONSIBLE,https://theveshticompany.com/cdn/shop/files/TVCLOGO_2.png?v=1664299393&width=300,Tamil Nadu,2026-09-29T22:19:03.062414+00:00
4f90f390a4d3fec4,https://www.teejh.com/,"[""service@jabong.com"", ""support@teejh.com""]","[""+918047484884""]",{},Jewellery,"Shop Indian Handmade Ethnic Jewellery Made of Brass. Shop Necklace Earrings Rings Jhumki Online with International Shipping. Shop by Styles, Filigree, Enamel, Pearl, Jhaali, Oxidised, Silver.",https://www.teejh.com/cdn/shop/files/logo-final_71bfbf70-4e2b-49a3-9f80-c72e32029e44.png?v=1626511771&width=200,Karnataka,2026-09-29T22:19:12.767384+00:00
5a406b8c8c21188d,https://www.eyewearlabs.com/,"[""support@eyewearlabs.com""]","[""+918064521253"", ""+918591243665"", ""+919702722134""]",{},Watches & eyewear,"Buy Sunglasses and Power Prescription Sunglasses, Eyeglasses, Migraine & Sleep Glasses online at affordable prices. Shop from a wide range of branded and designer frames. OKNO by Eyewearlabs! ✓FREE Shipping ✓COD ✓14 Days Returns",https://www.eyewearlabs.com/cdn/shop/files/Transparent_Logo_For_Boradcast_5.0_624_x_258_px.png?crop=center&height=169&v=1753251715&width=410,Maharashtra,2026-09-29T22:19:36.941616+00:00
72aa6e8431c03aac,https://ekamonline.com/,"[""cs@ekamonline.com"", ""cs@ekamonlione.com""]","[""+916366226493"", ""+918046809555"", ""+918867915084""]","{""Facebook"": [""https://facebook.com/iluvekam""], ""Instagram"": [""https://instagram.com/ekamonline""], ""X"": [""https://x.com/ekamonline""], ""YouTube"": [""https://youtube.com/channel/UC_WUcBjOPkKzugHEYAUAXhA""]}",,"Looking for unique and premium candle collections for your interiors? Find both scented and unscented candles online in jars, pillars, tea light candles and more. *Imported Fragrance* Upto 50% Off On Selected Range",https://ekamonline.com/cdn/shop/files/logo_58c92abb-eb96-4542-a14e-8d7d0ab5d5b6.png?height=40&v=1672721721,Karnataka,2026-09-29T22:21:18.707853+00:00
747e0fd6580abb24,https://www.aachho.com/,"[""chargeback@aachho.in"", ""contact@aachho.com"", ""founders@aachho.com"", ""grievance@aachho.com"", ""support@aachho.com"", ""whistleblower@aachho.com""]","[""+917971442893""]","{""Facebook"": [""https://facebook.com/aachho""], ""Instagram"": [""https://instagram.com/aachho""], ""LinkedIn"": [""https://linkedin.com/company/aachho""], ""YouTube"": [""https://youtube.com/c/aachho""]}",Apparel,"Ethnic Wear Online : Buy Designer Ethnic & Western Wear for Women, Girl & Ladies at Aachho. Buy from stunning collections of Suit Sets, Sharara Sets, Lehenga Sets, Dresses, Sarees and Many More. Free Shipping COD available.",https://www.aachho.com/cdn/shop/files/aachho-logo-min.png?v=1748840123&width=440,Rajasthan,2026-09-29T22:21:42.181648+00:00
765424e26a4838c1,https://www.poomer.net/,"[""business@poomer.net"", ""care@poomer.net""]","[""+914214333332"", ""+919159022255""]","{""Facebook"": [""https://facebook.com/PoomerClothing""], ""Instagram"": [""https://instagram.com/poomer_clothing""], ""X"": [""https://x.com/PoomerClothing""], ""YouTube"": [""https://youtube.com/@poomer_clothing""]}",Apparel,"Poomer Clothing. Poomer Inner Wear, Face Mask available online. With trust in quality we design and specialise in producing all types of innerwear, underwear for men women and kids of all ages. Yonex Premium, Franco, Special Trunk, Franco Brief, Face Mask, Ankle Socks, Formal Socks",https://www.poomer.net/cdn/shop/files/Poomer_Logo_138x_2x_fa88910c-6990-4426-b62c-8c2f96d862c2.png?v=1711203100&width=1200,Tamil Nadu,2026-09-29T22:21:48.481657+00:00
78a9887a42688a88,https://www.urbangabru.in/,[],[],"{""Facebook"": [""https://facebook.com/UrbanGabru.in""], ""Instagram"": [""https://instagram.com/urbangabru_official""], ""YouTube"": [""https://youtube.com/@urbangabru_official""]}",Skincare,"Buy complete range of grooming products to simplifying your grooming routine - Hair care & styling, skin & beard care - beard growth oil, beard wax, Hair wax, hairspray, hair serum, hair cream, skincare - charcoal face wash, peel off mask, vitamin c serum",https://www.urbangabru.in/cdn/shop/files/Logo-01.png?v=1782191547&width=600,Delhi,2026-09-29T22:21:51.650269+00:00
8772c383b7d7620f,https://perforacare.com/,"[""collab@perforacare.com"", ""future@perforacare.com"", ""hello@perforacare.com""]","[""+911143092293"", ""+919999289288""]","{""Facebook"": [""https://facebook.com/perforaofficial""], ""Instagram"": [""https://instagram.com/perforaofficial""], ""YouTube"": [""https://youtube.com/channel/UCAYLICNvJQaojqjg8ErB9qg""]}",,"Elevate your dental and oral care routine with Perfora's collection of toothbrushes, toothpastes, teeth-whitening products and more. Shark tank approved ✓ Explore now!",https://perforacare.com/cdn/shop/files/Logo_2_2000x2000_copy_2_3.svg?v=1785846498&width=400,Haryana,2026-09-29T22:23:08.837518+00:00
8b737fccbb0417a6,https://joyglobal.in/,"[""support@joyglobal.in""]","[""+919717789820"", ""+919910543275""]","{""Facebook"": [""https://facebook.com/joyglobalindia""], ""Instagram"": [""https://instagram.com/joyglobalgroup""], ""X"": [""https://x.com/joyglobalindia""], ""YouTube"": [""https://youtube.com/channel/UCZuMnfnTdT-k5UcPM6Xy7Pg""]}",Food & nutrition,"Online Shopping India - JoyGlobal has the largest collection of DIY Products like Silicone Moulds, Silicone Fondant Moulds, Polycarbonate Moulds, PVC Moulds, Dough/Cookie Cutters, Decorative Items, Tools and other accessories for Baking as well as...",https://joyglobal.in/cdn/shop/files/Untitled_110_x_96_px.png?v=1634982440,Delhi,2026-09-29T22:23:42.076271+00:00
b973b626631e12bf,https://royalchessmall.com/,"[""sales@royalchessmall.com""]","[""+918264716250""]","{""Facebook"": [""https://facebook.com/royalchessmall""], ""Instagram"": [""https://instagram.com/royalchessmall""], ""LinkedIn"": [""https://linkedin.com/in/sidkapoor94""], ""X"": [""https://x.com/royalchessmall""], ""YouTube"": [""https://youtube.com/channel/UCft_QbYzHQWNP4C117LW3Uw""]}",Toys & games,"Buy finest quality handcrafted chess pieces, chess boards, luxury chess sets & combo chess sets. Variety of over 1000+ designs. Worldwide shipping. Order now!",https://royalchessmall.com/cdn/shop/files/RCM_VL_Black_300x_without_tagline_d89c12f5-71e3-4ad2-9023-24161a009010.png,Punjab,2026-09-29T22:26:19.671887+00:00
be36f4804e9ac4e5,https://skyshopy.com/,"[""skyshopybardoli@gmail.com"", ""support@skyshopy.com""]","[""+917622924749""]","{""Facebook"": [""https://facebook.com/skyshopycom-100517918394779""], ""Instagram"": [""https://instagram.com/skyshopy_com""], ""YouTube"": [""https://youtube.com/channel/UC0QPq9jYNOvQcQn8IV_PUYA""]}",Food & nutrition,"We are an emerging ecommerce platform that provides variety of products ranging from electronics, home & kitchen, hardware, kids, beauty & health, snacks & chocolates, fashion and much more.",https://skyshopy.com/cdn/shop/files/Logo.png?v=1715426309&width=150,Gujarat,2026-09-29T22:26:45.890920+00:00
d3f7017439c5cb12,https://mymuse.in/,"[""razia@mymuse.in"", ""support@mymuse.in""]",[],"{""Facebook"": [""https://facebook.com/mymuse.in""], ""Instagram"": [""https://instagram.com/mymuse.in""], ""LinkedIn"": [""https://linkedin.com/company/mymuse-india""], ""YouTube"": [""https://youtube.com/channel/UCxtrJgwidF68JtEOVLvidBA""]}",Intimate wellness,"We create bedroom essentials and for people who love to love. Our intimacy products are thoughtfully designed to make intimacy easy, approachable, and fun for the modern Indian.",https://mymuse.in/cdn/shop/files/logo-new-dark.png?v=1648102302,Maharashtra,2026-09-29T22:28:20.381011+00:00
f70b6dfeefa99231,https://thejunket.in/,"[""thejunket7@gmail.com""]","[""+919870255611""]","{""Facebook"": [""https://facebook.com/thejunkett""], ""Instagram"": [""https://instagram.com/thejunkett""], ""LinkedIn"": [""https://linkedin.com/company/the-junket""], ""YouTube"": [""https://youtube.com/channel/UClQooyBQCUIzdVeZuwMZQnw""]}",Gifts & personalization,"Get stylish custom passport covers, personalized passport holders with name. Shop customized passport holders & covers for unique travel vibes!",https://thejunket.in/cdn/shop/files/LOGO_12d5bb5b-8819-4f45-a21e-df9ebe07a1ad.jpg?v=1684864281&width=1445,Haryana,2026-09-29T22:30:10.162056+00:00
10e4b59a2563e0bf,https://clearlineappliances.com/,"[""customercare@clearline.co.in""]","[""+911724626036"", ""+911724647707"", ""+919888227707""]","{""Facebook"": [""https://facebook.com/ClearlineAppliances""], ""Instagram"": [""https://instagram.com/clearlineappliances""], ""LinkedIn"": [""https://linkedin.com/company/clearline-appliances-limited""], ""YouTube"": [""https://youtube.com/@clearlineappliances596""]}",Home appliances,"Shop Clearline's Dough Maker, Atta Kneader, room heaters, kettles & kitchen appliances. India's trusted home appliance brand since 1988. Free shipping pan-India.",https://clearlineappliances.com/cdn/shop/files/logonew_557x136.png?v=1684497341,Chandigarh,2026-09-29T22:15:53.825109+00:00
238dc2ed3eb29f60,https://maharishiayurvedaindia.com/,"[""hello@maharishiayurvedaindia.com"", ""info@maharishayurvedaindia.com"", ""info@maharishiayurvedaindia.com""]","[""+9118001020230"", ""+918826882369"", ""+918860044488"", ""+919711022343""]","{""Facebook"": [""https://facebook.com/maharishiayurveda.official""], ""Instagram"": [""https://instagram.com/maharishiayurveda.official""], ""X"": [""https://x.com/maharishi_india""], ""YouTube"": [""https://youtube.com/channel/UCvfDBg42FmZFZ3VmXEPVx3A""]}",Health & wellness,"Explore Maharishi Ayurveda, India’s trusted destination for authentic Ayurvedic Products rooted in Vedic wisdom and backed by modern science. Shop 100% natural, time-tested remedies for holistic health, balance, and wellbeing.",https://maharishiayurvedaindia.com/cdn/shop/files/Group_216587_2x_538d73b5-f5f6-4e28-8c75-2999cfe868f1.png?v=1673676406,Haryana,2026-09-29T22:16:43.536454+00:00
45f357f712ca3013,https://www.mlbd.in/,"[""bengaluru@mlbd.in"", ""daryaganj@mlbd.in"", ""mlbd@mlbd.in"", ""naraina@mlbd.in""]","[""+911125792734"", ""+911145597999"", ""+911147511592"", ""+918041275911"", ""+918929999000""]","{""Facebook"": [""https://facebook.com/mlbdofficial""], ""Instagram"": [""https://instagram.com/mlbdofficial""], ""X"": [""https://x.com/mlbdofficial""], ""YouTube"": [""https://youtube.com/@motilalbanarsidass""]}",Books & education,"mlbd.in : Motilal Banarsidass Publishing House (MLBD), India's Largest, Biggest & Oldest Indological Books Publisher, Distributor, Bookseller, Exporter & Printer (since 1903). We have a selection of more than 25,000 titles on indology from different publishers of India.",https://www.mlbd.in/cdn/shop/files/shopify_MBPH_Logo_Transparent.png?v=1687022587&width=100,Delhi,2026-09-29T22:18:39.461607+00:00
48d28a90a7ba8cb9,https://www.duraster.in/,"[""hello@duraster.com"", ""hello@duraster.in""]","[""+919828980909"", ""+919828980969""]","{""Facebook"": [""https://facebook.com/Duraster""], ""Instagram"": [""https://instagram.com/duraster_""], ""YouTube"": [""https://youtube.com/@duraster-solidwoodfurnitur4310""]}",Home & living,Buy Online Solid Wood Furniture with contemporary and modern design. Avail of all furniture items with free shipping across India. Limited time only. Shop Now!,https://www.duraster.in/cdn/shop/files/Logo-File_80x.png?v=1671107112,Rajasthan,2026-09-29T22:18:54.790551+00:00
666653c9d40b6f49,https://furper.com/,"[""mail@furper.com""]","[""+919856928928""]","{""Facebook"": [""https://facebook.com/Furper.india""], ""Instagram"": [""https://instagram.com/thefurper""], ""LinkedIn"": [""https://linkedin.com/company/furper""], ""X"": [""https://x.com/thefurper""]}",,Furper is India's 1st Online Shopping Store For Only Global Products At Lowest Price. Buy High Quality Products With Free & Fast Shipping To Your Home.,https://furper.com/cdn/shop/t/18/assets/logo.png?v=148830831740908864511788948832,Haryana,2026-09-29T22:20:27.825493+00:00
9239a1e46ec4bce5,https://www.rabitat.com/,"[""support@rabitat.com"", ""xyz@headway.com""]","[""+917969201064"", ""+919810955398"", ""+919999485330""]","{""Facebook"": [""https://facebook.com/Rabitatinc""], ""Instagram"": [""https://instagram.com/rabitatinc""], ""LinkedIn"": [""https://linkedin.com/company/rabitat""], ""X"": [""https://x.com/rabitatinc""]}",,"Rabitat is the one-stop destination to buy kids products online. It offers BPA-free, safe baby & toddler products online & is preferred children's online shopping sites.",https://www.rabitat.com/cdn/shop/files/group-group-shop.png?v=1786107132&width=561,Delhi,2026-09-29T22:23:45.572252+00:00
d84b0c3857bbacdd,https://nuttygritties.com/,"[""hr@drbfoods.com"", ""wecare@drbfoods.com""]","[""+919910768885""]","{""Facebook"": [""https://facebook.com/nuttygritties""], ""Instagram"": [""https://instagram.com/nuttygritties""], ""X"": [""https://x.com/nuttygritties""]}",Food & nutrition,"Explore the Nutty Gritties range of healthy and delicious nuts, berries, trail mixes, dates. Your one-stop-shop for guilt-free snacking, delivered right at your doorstep, across India. 100% real and natural ingredients | Zero Oil | Joyful Snacking",https://nuttygritties.com/cdn/shop/files/ng-logo.png?height=200&v=1789993429,Delhi,2026-09-29T22:28:18.713689+00:00
e12a6939797603c3,https://avshack.in/,"[""support@avshack.in"", ""support@avshop.in""]","[""+911140571419"", ""+911146016115"", ""+919711626267"", ""+919716848484""]","{""Facebook"": [""https://facebook.com/avshackaudio""], ""Instagram"": [""https://instagram.com/avshack_""], ""YouTube"": [""https://youtube.com/channel/UCuXEQYVoYJJ4ThRdYphRUww""]}",Electronics,"AV Shack is India's leading online store for Home Theater, Projectors, Subwoofers, AV Receivers, Speakers, Soundbars, and Sound Systems. Shop for projectors, subwoofers, sound bars, speakers, and A/V receivers from top brands like Sony, Yamaha, and other popular home theater systems.",https://avshack.in/cdn/shop/files/letter_a_and_vlogo-ai_1.png?v=1700155476&width=2200,Delhi,2026-09-29T22:28:54.970265+00:00
fa0b5adfcb406ff8,https://themanduvaproject.in/,"[""nehaa@unigourmet.in"", ""rohit@unigourmet.in"", ""unigourmet2020@gmail.com""]","[""+917337318106""]","{""Facebook"": [""https://facebook.com/themanduvaproject""], ""Instagram"": [""https://instagram.com/themanduvaproject""], ""LinkedIn"": [""https://linkedin.com/company/the-manduva-project""], ""YouTube"": [""https://youtube.com/@themanduvaproject""]}",Food & nutrition,"Explore our exquisite range of handcrafted pickles, sprinkle, and podis, made with authentic Andhra recipes, crafted by locals. Our organic products, richness with zero preservatives, bring you the true essence of Andhra Pradesh. Shop now!",https://themanduvaproject.in/cdn/shop/files/TMP-Logo.png?v=1630583399&width=600,,2026-09-29T22:30:23.768288+00:00
057e78e0c8b0bce6,https://www.betheviraa.com/,"[""care@betheviraa.com""]","[""+919925044466""]","{""Facebook"": [""https://facebook.com/betheviraa""], ""Instagram"": [""https://instagram.com/betheviraa""]}",,"BeTheViraa offers you the best organic sanitary napkins for a 'period experience' that is comfortable, safe and empowering. The rash free sanitary pads in India guaranteed.",https://cdn.shopify.com/s/files/1/0621/6676/1731/files/Be-The-Virra-Logo.png?v=1690280668,Gujarat,2026-09-29T22:14:42.575696+00:00
10b9ef55b00eba4f,https://www.thesimmaya.com/,"[""info@simaaya.in"", ""info@thesimmaya.com"", ""online@simaaya.in""]","[""+919831036916""]","{""Facebook"": [""https://facebook.com/simaaya""], ""Instagram"": [""https://instagram.com/simmaya.me""], ""YouTube"": [""https://youtube.com/@simaaya3421""]}",Apparel,"Shop designer sarees and women’s occasion wear online, or visit Simmaya at Elgin Road, Kolkata. Explore wedding, festive and pre-draped styles.",https://www.thesimmaya.com/cdn/shop/files/logo_3x_771a336e-20de-41d4-bd15-f662ece9b3a3.png?v=1787212237&width=600,West Bengal,2026-09-29T22:15:46.562258+00:00
10e2b378648f3d73,https://sukinnaturals.in/,"[""support@sukinnaturals.in""]","[""+917266990044""]","{""Instagram"": [""https://instagram.com/sukinskincare_india""]}",Skincare,"Sukin Naturals brings you Australian-made, vegan & cruelty-free skincare powered by nature. From blemish control to deep hydration, our products are free from harsh chemicals, designed to nourish, balance & protect your skin naturally. Discover clean beauty with Sukin.",https://sukinnaturals.in/cdn/shop/files/Sukin_Logo_Green.png?v=1757175268&width=100,Punjab,2026-09-29T22:15:41.399273+00:00
172af4831f9f8651,https://www.artystagallery.com/,"[""ordersartysta@gmail.com"", ""support@artystagallery.com""]","[""+919643323194""]","{""Facebook"": [""https://facebook.com/artystaofficial""]}",Home & living,Buy home decor items online at best price in India. Check out home decorative items online from a wide range of home decorative items from Artysta,https://www.artystagallery.com/cdn/shop/files/artysta-logo.png?v=1613179362&width=600,,2026-09-29T22:15:50.136491+00:00
25fb7a20874782f5,https://www.crimsouneclub.com/,"[""care@crimsouneclub.com"", ""grievances@crimsouneclub.com""]","[""+911306610300""]","{""Facebook"": [""https://facebook.com/crimsouneclub""], ""Instagram"": [""https://instagram.com/crimsouneclub""], ""X"": [""https://x.com/crimsouneclub""], ""YouTube"": [""https://youtube.com/channel/UCYFNwaHWc9aUktikniDjgqg""]}",Apparel,"Looking for an online shopping site for fashion clothing? Discover women, men & kids wear at Crimsoune Club. Enjoy COD, fast delivery, easy returns & exchanges.",https://www.crimsouneclub.com/cdn/shop/files/Crimsoune-Club-Logo.png?v=1780633631&width=440,Delhi,2026-09-29T22:16:52.242268+00:00
30aa94aa6396978b,https://lazygardener.com/,"[""care@lazygardener.in""]","[""+919105593055"", ""+919319900304""]","{""Facebook"": [""https://facebook.com/lazygardener.in""], ""Instagram"": [""https://instagram.com/lazygardener.in""], ""YouTube"": [""https://youtube.com/@LazyGardener""]}",Plants & gardening,"Looking for gardening products? Shop today from Lazy Gardener and choose from a wide range of pots, soil, fertilizer, décor and gardening tools.",https://lazygardener.com/cdn/shop/files/Website-Logo-250x80_250x80_1.jpg?v=1646823598&width=600,Delhi,2026-09-29T22:17:28.302156+00:00
3282b2bd073eb17a,https://anandprakash.com/,"[""customercare@anandprakash.com"", ""info@anandprakash.com""]","[""+919999513444""]","{""Facebook"": [""https://facebook.com/anandprakash.page""], ""Instagram"": [""https://instagram.com/anandprakash1""], ""X"": [""https://x.com/AnandPrakash_""]}",Home & living,"Explore India-inspired designs to collect and gift in home décor, office accessories, journals & stationery. Handmade in India with love since 2003.",https://anandprakash.com/cdn/shop/files/Anand_Prakash_Logo_565f7850-2a3a-4469-890b-3e51599b4eb2_175x@2x.gif?v=1671174644,Delhi,2026-09-29T22:17:19.843366+00:00
45509a0cb30eb40b,https://icasetravel.com/,"[""jaskeeratsinghha@gmail.com"", ""support@icasetravel.com""]","[""+919667711106""]",{},Bags & travel,,https://icasetravel.com/cdn/shop/files/Macmillan_logo_withred_line_33f04210-42dd-489c-9a43-b325b64f2f82.png?v=1630607742&width=600,Delhi,2026-09-29T22:18:28.015717+00:00
46d3bb56013d4d61,https://jvkart.in/,"[""jvkartstore@gmail.com""]","[""+918078319861"", ""+918097829035""]","{""Facebook"": [""https://facebook.com/shopify""], ""Instagram"": [""https://instagram.com/jvkart.in"", ""https://instagram.com/shopify""], ""X"": [""https://x.com/shopify""]}",,Commerce The Original. We are providing unique stuffs of multi category to customers | All India Delivery Available |,https://jvkart.in/cdn/shop/files/output-onlinepngtools_1_9e1a6bbb-76f1-479f-b3c3-4d0e645c2ca6.png?height=49&v=1753881583,,2026-09-29T22:18:40.831147+00:00
53d1aa23bf72676a,https://www.bigmusclesnutrition.com/,"[""info@bigmusclesnutrition.com"", ""jitika@bigmusclesnutrition.com"", ""social@bigmusclesnutrition.com"", ""support@bigmusclesnutrition.com""]","[""+918882200500"", ""+919289914511""]","{""Facebook"": [""https://facebook.com/Bigmusclesnutrition""], ""Instagram"": [""https://instagram.com/bigmuscles_nutrition""], ""X"": [""https://x.com/BigMusclesNutri""], ""YouTube"": [""https://youtube.com/channel/UCe-c4qEDe0AZzsWUUZRjvtw""]}",Food & nutrition,"BigMuscles Nutrition is India’s trusted sports nutrition brand offering clean, high-quality protein supplements and performance nutrition for everyday fitness.",https://www.bigmusclesnutrition.com/cdn/shop/files/BM-Logo-Red.svg?v=1690978459&width=160,Haryana,2026-09-29T22:19:27.761418+00:00
5783b7c0f7841395,https://barenecessities.in/,"[""info@barenecessities.in""]","[""+919740326425"", ""+919740362425""]","{""Facebook"": [""https://facebook.com/BareNecessitiesZeroWasteIndia""], ""Instagram"": [""https://instagram.com/barenecessities_zerowasteindia""], ""YouTube"": [""https://youtube.com/@BareNecessitiesZeroWaste""]}",Skincare,"Shop premium natural & zero waste gifts, sustainable, premium skincare, and eco-friendly personal care like natural deodorants. Curated luxury hampers for corporates, weddings & celebrations",https://barenecessities.in/cdn/shop/files/Bare_FinalLogo_Outlined-1.png?v=1784538487&width=90,Karnataka,2026-09-29T22:19:30.178833+00:00
5c724d05f51d4a92,https://www.zeelclothing.com/,"[""care@zeelclothing.com""]","[""+917573885566""]","{""Facebook"": [""https://facebook.com/zeelclothing""], ""Instagram"": [""https://instagram.com/zeelclothing""], ""X"": [""https://x.com/zeelclothing""], ""YouTube"": [""https://youtube.com/@zeelclothing""]}",Apparel,Looking for latest fashion trends Zeel Clothing offers stylish women clothing with high quality designs perfect for modern ethnic and festive wear online.,https://www.zeelclothing.com/cdn/shop/files/LOGO_1000X500_ZC.svg?v=1713246986,Gujarat,2026-09-29T22:20:01.736923+00:00
5c887200a95c1d79,https://girorganic.com/,"[""info@girorganic.com""]","[""+919099909453""]","{""Facebook"": [""https://facebook.com/GirOrganic""], ""Instagram"": [""https://instagram.com/girorganic.farm""], ""YouTube"": [""https://youtube.com/channel/UCLZNCHFfo6D8izhN2OMrkMQ""]}",Food & nutrition,"Looking for the best desi cow ghee in India? Check out our range of premium A2 ghee at competitive prices. Gir Organic offer authentic Vedic ghee made from organic desi cow milk, ensuring the highest quality and purity. Experience the health benefits and rich flavor of A2 organic ghee, known for its traditional and pro",https://girorganic.com/cdn/shop/files/girorganic_logo_720c40ba-489f-4b83-be6c-3551a56bb576.png?v=1780463863&width=760,Gujarat,2026-09-29T22:19:52.005130+00:00
645db5bb60f62e5e,https://nutrabox.in/,"[""admin@nutrabox.in"", ""info@nutrabox.in""]","[""+916359000876"", ""+919824000768""]","{""Facebook"": [""https://facebook.com/NutraboxIndia""], ""Instagram"": [""https://instagram.com/nutraboxindia""], ""YouTube"": [""https://youtube.com/channel/UCgCgc6ojxCrLdMwJk2ONiFA""]}",Food & nutrition,"Shop whey protein, creatine, vitamins &amp; sports supplements online in India. Trusted for authentic nutrition, purity, performance and fast delivery.",https://nutrabox.in/cdn/shop/files/logo_1.png?v=1673157589&width=600,Gujarat,2026-09-29T22:20:16.729927+00:00
724bbdcbb3562870,https://www.vooki.in/,[],"[""+917338747479"", ""+919940591999""]","{""Facebook"": [""https://facebook.com/vookiproducts""], ""Instagram"": [""https://instagram.com/vooki_products""], ""X"": [""https://x.com/vooki_products""], ""YouTube"": [""https://youtube.com/channel/UCRdXaeft5QeqOAp9M5jBRYw""]}",Cleaning & laundry,"Buy eco friendly home cleaning products online in India at best price. Buy eco friendly, sustainable products online. Shop Eco friendly cleaning products online in India which is the best household supplies available at vooki.",https://www.vooki.in/cdn/shop/files/cdn_shopify_com-vooki-_1_1_f30ffffc-3a30-4b32-8df8-d0af16dbfff9_90x.png?v=1654827908,Tamil Nadu,2026-09-29T22:21:03.755436+00:00
77afa523fc712c39,https://cococart.in/,"[""hello@cococart.com""]","[""+9118001202278"", ""+918976806215"", ""+919372785858""]","{""Facebook"": [""https://facebook.com/cococartindia""], ""Instagram"": [""https://instagram.com/cococartandcafe""]}",Food & nutrition,Buy premium imported chocolates online in India at best prices and satisfy your sweet cravings. Explore a wide range of premium treats at Cococart now!,,Maharashtra,2026-09-29T22:21:33.954395+00:00
78219345930799d6,https://pawsindia.com/,"[""contactsujaysingh@gmail.com"", ""legal@pawsindia.com"", ""support@pawsindia.com""]","[""+918928711403"", ""+919152442750""]","{""Facebook"": [""https://facebook.com/PawsIndiaOfficial""], ""Instagram"": [""https://instagram.com/pawsindiaofficial""], ""X"": [""https://x.com/PawsindiaC""], ""YouTube"": [""https://youtube.com/channel/UCDfIOwxsR2D5c6IeQH3wwDw""]}",,"Best online pet store for all your pet supplies and pet products. Buy pet essentials online at Pawsindia. Shop For Interactive pet toys, dog treats, dog toys, cat toys & Much more.",https://pawsindia.com/cdn/shop/files/Logo_PNG_Peach_5_11zon.webp?v=1766054608,Maharashtra,2026-09-29T22:21:48.478982+00:00
859fd86f83750499,https://www.chitalebandhu.in/,"[""notifications@chitalebandhu.in"", ""shoponline@chitalebandhu.in"", ""tradeenquiries@chitalegroup.in""]","[""+919922944482""]","{""Facebook"": [""https://facebook.com/CBM1950""], ""Instagram"": [""https://instagram.com/chitale.bandhu""], ""X"": [""https://x.com/ChitaleBandhu""], ""YouTube"": [""https://youtube.com/channel/UClm4GYkLoRLPZNSGryWdjlw""]}",,"Buy Authentic Mithai, Namkeen & Dairy Products @ Chitale Bandhu Mithaiwale",,Maharashtra,2026-09-29T22:22:44.594765+00:00
a18b4dfe2edf56af,https://www.amama.in/,"[""customercare@amama.in"", ""dispatch@amama.in"", ""marketing@amama.in"", ""operations@amama.in""]","[""+917042213669"", ""+917982189951"", ""+917982189981"", ""+917982190311"", ""+917982190341"", ""+919218014201"", ""+919315696316"", ""+919818523953""]","{""Facebook"": [""https://facebook.com/amamaloves""], ""Instagram"": [""https://instagram.com/amamajewels""], ""LinkedIn"": [""https://linkedin.com/company/amama-jewellery""], ""YouTube"": [""https://youtube.com/@amama_jewels""]}",Jewellery,Shop handcrafted jewellery at best prices online at Amama. Check out our selection of 6000+ handcrafted jewellery for women and men. From daily wear to festive wear find jewellery for every occasion.,https://www.amama.in/cdn/shop/files/Group_1.png?v=1776098945&width=177,Uttar Pradesh,2026-09-29T22:24:38.116806+00:00
a878c18bbd4918f1,https://krishnapearlsandjewellers.com/,"[""customercare@krishnapearlsandjewellers.com"", ""infokp@krishnapearlsandjewellers.com""]","[""+914066250033"", ""+917009595956"", ""+917338766996"", ""+917338766998"", ""+918977923483"", ""+919100690151"", ""+919100988711"", ""+919100988712"", ""+919133314601"", ""+919133314602"", ""+919133314606"", ""+919246396193"", ""+919246579301"", ""+919248034406"", ""+919533993390"", ""+919967087164""]","{""Facebook"": [""https://facebook.com/KrishnaPearlsandJewellers""], ""Instagram"": [""https://instagram.com/krishnapearlsandjewellers""], ""LinkedIn"": [""https://linkedin.com/in/krishna-pearls-and-jewellers-8a37121a1""], ""X"": [""https://x.com/KPJTheOriginal""], ""YouTube"": [""https://youtube.com/c/KrishnaPearlsJewellers""]}",Jewellery,"Shop certified South Sea, Akoya, Basra & Hyderabadi pearl jewellery online. 43+ years of heritage. Necklaces, earrings, bridal sets & diamonds. Hyderabad.",https://krishnapearlsandjewellers.com/cdn/shop/files/1920X1080_Website_Logo.jpg?height=70&v=1690524003,Telangana,2026-09-29T22:33:58.724822+00:00
addadb440933756c,https://www.meenabazaaronline.in/,"[""care@meenabazaaronline.com"", ""care@meenabazaaronline.in"", ""customercare@meenabazaaronline.in"", ""meenabazaaronline@gmail.com""]","[""+918640800900""]","{""Facebook"": [""https://facebook.com/MnBbymeenabazaar"", ""https://facebook.com/aliyanabymeenabazaar""], ""Instagram"": [""https://instagram.com/aliyanabymeenabazaar"", ""https://instagram.com/mnbbymeenabazaar""]}",Apparel,"Meena Bazaar offers everything under one roof starting from Casuals, Formals, Party Wear, Club Wear, Wedding Wear till Exclusive Designer Wear. The name Meena Bazaar now carries a personality; the persona of a fashion and style icon for people of Chandigarh, Mohali, Punjab, Haryana and Himachal Pradesh",https://www.meenabazaaronline.in/cdn/shop/files/mnB_lOGO.jpg?v=1682757528&width=95,Chandigarh,2026-09-29T22:25:59.529255+00:00
b81a43ea81e99f5d,https://shop.kkr.in/,"[""customercarekkr@six5six.in"", ""knightclub@kkr.in""]",[],{},Apparel,"Shop official KKR merchandise online – authentic jerseys, apparel & fan gear from the Kolkata Knight Riders official store. Fast delivery across India.",https://shop.kkr.in/cdn/shop/files/405355852a1dc425f84a3b8b95d10ec3c92424c1.png?v=1769492006&width=330,,2026-09-29T22:33:58.720823+00:00
bbcdbb18cce96b90,https://seventhheaven.in/,"[""support@seventhheaven.in""]","[""+919818870517"", ""+919988454571""]","{""Facebook"": [""https://facebook.com/SeventhHeaven.India""], ""Instagram"": [""https://instagram.com/seventhheaven_india""], ""YouTube"": [""https://youtube.com/@seventhheaven9723""]}",Home & living,"Shop wooden furniture online in India at Seventh Heaven. Explore stylish sofas, sofa cum beds & recliners with free Pan India delivery and warranty assurance.",https://seventhheaven.in/cdn/shop/files/SEVENTH_Heaven_Logo.png?height=76&v=1749703612,Uttar Pradesh,2026-09-29T22:26:39.149820+00:00
bc3abf3184b338d0,https://www.purearth.asia/,"[""comms@purearth.asia"", ""info@purearth.asia""]","[""+919717788266""]","{""Facebook"": [""https://facebook.com/Purearth""], ""Instagram"": [""https://instagram.com/purearth""], ""LinkedIn"": [""https://linkedin.com/company/purearth-wellness-pvt-ltd""], ""X"": [""https://x.com/Purearthasia""], ""YouTube"": [""https://youtube.com/channel/UCA3sEdIA6aOYUkcQCWLxaJA""]}",Health & wellness,"Wild harvest, sustainable skincare and wellness rooted in eternal Ayurvedic wisdom. Vegan, Leaping Bunny cruelty free certified. High performance formulas handcrafted in small batches. Fair trade, ethical ingredients sourced from the high altitude Himalayas. Equal. Ethical. Ecological.",https://www.purearth.asia/cdn/shop/files/purearth-white-logo.png?v=1768305145&width=450,Delhi,2026-09-29T22:26:32.531949+00:00
bd0e1cfb66468ef5,https://www.bluenectar.co.in/,"[""cofounder@bluenectar.co.in"", ""cs@bluenectar.co.in""]","[""+919999519750""]","{""Facebook"": [""https://facebook.com/BlueNectarAyurved""], ""Instagram"": [""https://instagram.com/BlueNectar_Ayurved""], ""YouTube"": [""https://youtube.com/c/BlueNectarAyurved""]}",,Experience Glamorous and Contemporary Ayurvedic Products online. Rich in Sensory experience there are Skincare products for Men as well as Women,https://www.bluenectar.co.in/cdn/shop/files/Bn_Logo_1.jpg?v=1663652637&width=200,Haryana,2026-09-29T22:26:27.433939+00:00
bdeee34bd85d96da,https://marscosmetics.in/,"[""abhishek@marscosmetics.in"", ""collaborations@marscosmetics.in"", ""info@marscosmetics.in"", ""support@marscosmetics.in""]","[""+919289507849""]","{""Facebook"": [""https://facebook.com/reachedmars""], ""Instagram"": [""https://instagram.com/reachedmars""], ""X"": [""https://x.com/reachedmars""], ""YouTube"": [""https://youtube.com/@MARSCosmetics""]}",Beauty & fragrance,"Shop MARS Cosmetics India for affordable, trend-driven makeup online. Discover lipsticks, foundations, eye makeup and beauty kits designed for Indian skin tones.",https://marscosmetics.in/cdn/shop/files/LOGO_WHITE-_MARS_53df8062-5f84-48be-8ba2-040963552e1e_120x.png?v=1717479443,Delhi,2026-09-29T22:26:41.278563+00:00
bf6d72d52ac8395c,https://callmateindia.com/,"[""customercare@callmateindia.com"", ""naveenchatra@callmateindia.com""]","[""+918527600022""]",{},Electronics,"Trusted by millions, Callmate delivers premium electronic accessories for all your devices. Transform your tech with Callmate.",https://callmateindia.com/cdn/shop/files/NEW_Callmate_logo_black_big.png?v=1681403621&width=880,Delhi,2026-09-29T22:26:50.472011+00:00
c0821432ef99062e,https://www.stickitup.xyz/,"[""contact.stickitup@gmail.com"", ""wecare@stickitup.xyz""]","[""+919867925615""]","{""Facebook"": [""https://facebook.com/stickitup.xyz""], ""Instagram"": [""https://instagram.com/stickitup.xyz""], ""YouTube"": [""https://youtube.com/@stickitup""]}",Apparel,"India's #1 sticker brand. 5000+ waterproof vinyl stickers for laptops, bikes, bottles & more. 10 lakh+ happy customers. Starting at ₹15. Free shipping on prepaid.",https://www.stickitup.xyz/cdn/shop/files/Stickitup_logo_with_mascot_e854c4bf-8e9b-4573-bba6-7e71f80020a8.png?v=1780984920&width=500,Maharashtra,2026-09-29T22:26:52.693700+00:00
c35337ba6de3ca4f,https://www.wakaofoods.com/,"[""exports@wakaofoods.com"", ""feedback@wakaofoods.com"", ""sales@wakaofoods.com""]","[""+919175901908"", ""+919175993460""]","{""Facebook"": [""https://facebook.com/wakaofoods""], ""Instagram"": [""https://instagram.com/wakaofoods""]}",,"Wakao Foods makes 100% plant-based jackfruit products - ready to cook, zero preservatives, 1-year shelf life. Founded in Goa, featured on Shark Tank India. Shop now.",https://www.wakaofoods.com/cdn/shop/files/wakao_logo_f008fcba-17f8-4bf2-803d-78b83336de27.png?v=1725626724&width=600,Goa,2026-09-29T22:27:08.406101+00:00
c9b233bd0b7dce3a,https://www.goldentipstea.com/,"[""info@goldentipstea.com"", ""info@goldentipstea.in"", ""support@goldentipstea.com""]","[""+911141609835"", ""+913322830029"", ""+913322830030"", ""+913346025681""]","{""Facebook"": [""https://facebook.com/goldentipstea""], ""Instagram"": [""https://instagram.com/goldentipsindia""], ""LinkedIn"": [""https://linkedin.com/company/9415229""], ""X"": [""https://x.com/GoldenTipsTea""], ""YouTube"": [""https://youtube.com/channel/UCDZg8O-cFahvhlg5mzOfouQ""]}",Coffee & tea,"Buy Fresh and Finest Teas Collection From India Most Reputed Tea Company Golden Tips Tea, Selling Teas Since 1933.100% Pure Indian Teas Direct From Source. Black Tea, Green Tea at your doorstep.",https://www.goldentipstea.com/cdn/shop/files/Logo_3_550x.jpg?v=1614311795,Delhi,2026-09-29T22:27:27.211371+00:00
cd80882f7dd7a476,https://epigamiastore.com/,"[""hello@epigamia.com""]","[""+917506989442"", ""+918047192272"", ""+918291620054""]","{""Facebook"": [""https://facebook.com/Epigamia""], ""Instagram"": [""https://instagram.com/epigamia.official""], ""X"": [""https://x.com/epigamia""], ""YouTube"": [""https://youtube.com/channel/UCecqaK05x7LBy8OeTqd5cbQ""]}",Food & nutrition,We are now delivering Epigamia directly to your doorstep. Your favourite healthy snack is just a click away! Just #StayHealthy and #StaySafe ♥️,https://epigamiastore.com/cdn/shop/files/epigamia-logo-white_225x54.png?v=1615319972,Maharashtra,2026-09-29T22:27:46.254943+00:00
d043b28a84dbb2b3,https://ramapackaging.in/,"[""navsari.ramapackaging@gmail.com""]","[""+919773416829""]","{""Facebook"": [""https://facebook.com/ramapacking""], ""Instagram"": [""https://instagram.com/rama__packaging""], ""YouTube"": [""https://youtube.com/channel/UCnuQkbBRNcBaybQ3XP1k07A""]}",Food & nutrition,"Online Shopping for Bakery Packaging, Sweet Packaging, Fast Food Products Packaging & More | Buy Low rate Packaging Solutions for your Business.",https://ramapackaging.in/cdn/shop/files/Rama-Packaging-Logo-Final_200x.png?v=1616728732,Gujarat,2026-09-29T22:27:57.873014+00:00
db054e9229936d0e,https://shop.broot.in/,"[""contact@broot.in"", ""solutions@broot.in"", ""sound@broot.in""]","[""+918094019550""]",{},Electronics,"BROOT is a chain of retail store in Jaipur with Laptops, Desktops, Printers, Gadgets, Electronics, Projectors, Cameras, Ac's, Led's, Washing Machine, refrigerator & their accessories.",https://shop.broot.in/cdn/shop/files/Broot_logo_New_2_100x.png?v=1745986871,Rajasthan,2026-09-29T22:28:18.715690+00:00
df5acc0d1d46d5b2,https://www.theindianethnicco.com/,"[""hello@theindianethnicco.com"", ""lekhineedesai@hotmail.com""]","[""+917208335619"", ""+917208603452"", ""+918104047927"", ""+918421755508"", ""+918511511367"", ""+918655980692"", ""+918655980696"", ""+918850936455"", ""+919653158267"", ""+919930728251""]","{""Facebook"": [""https://facebook.com/theindianethnicco""], ""Instagram"": [""https://instagram.com/theindianethnicco""]}",Apparel,"THE INDIAN ETHNIC CO. seeks to bring to you the timeless culture of the Indian handmade clothing. Our aim is to display and make accessible our rich,vivid and timeless collection of the Indian handloom and handicrafts from the hinterlands of India. Hand block printed | Natural Dye | Handloom",https://www.theindianethnicco.com/cdn/shop/files/Company_logo_1.jpg?v=1768388956&width=300,Maharashtra,2026-09-29T22:28:54.803675+00:00
dfdfcef0adb02fa6,https://reistor.com/,"[""hello@reistor.com""]","[""+916445125425"", ""+918009525210"", ""+918591013814""]","{""Facebook"": [""https://facebook.com/shop.reistor""], ""Instagram"": [""https://instagram.com/shop.reistor""], ""Pinterest"": [""https://pinterest.com/reistorlife""], ""X"": [""https://x.com/reistorlife""], ""YouTube"": [""https://youtube.com/@shop.reistor""]}",Apparel,"Shop eco-friendly women's clothing online. Browse through our curated collections of tops, shirts, pants, pajamas, skirts, jumpsuits & dresses.",https://reistor.com/cdn/shop/files/reistor_logo_black_996_x_230_eb578292-5079-4bff-bd4a-ca389960159d.png?v=1765953940&width=260,Maharashtra,2026-09-29T22:28:51.708301+00:00
e3205200871b2a9c,https://asitisnutrition.com/,"[""bulk@asitisnutrition.com"", ""info@asitisnutrition.com"", ""orders@asitisnutrition.com""]","[""+917829108777"", ""+918071176077"", ""+919741933033""]","{""Facebook"": [""https://facebook.com/asitisnutrition""], ""Instagram"": [""https://instagram.com/asitisnutrition"", ""https://instagram.com/asitisone"", ""https://instagram.com/atom_by_asitis""], ""X"": [""https://x.com/asitisnutrition""], ""YouTube"": [""https://youtube.com/@ASITISNUTRITION""]}",Food & nutrition,"Buy premium whey protein isolate, BCAAs & peanut butter at AS-IT-IS Nutrition. Science-backed nutrition for serious athletes. Shop online in India.",https://asitisnutrition.com/cdn/shop/files/image_1_1_95d37e2f-4eea-43a6-9d68-d0e45445f18f.png?v=1770271187&width=600,Karnataka,2026-09-29T22:29:09.173139+00:00
e6bfc0f3756620c7,https://maxprotein.in/,"[""customercare@zyduswellness.com"", ""info@zyduswellness.com"", ""support.nipl@zyduswellness.com""]","[""+917948041564"", ""+918879080008""]","{""Facebook"": [""https://facebook.com/MaxProteinSnacks""], ""Instagram"": [""https://instagram.com/ritebite_maxprotein""], ""X"": [""https://x.com/TheMaxProtein""], ""YouTube"": [""https://youtube.com/user/ritebitebars""]}",Food & nutrition,"Buy healthy snacks online in India from RiteBite Max Protein at best prices. Order protein rich, best healthy snacks with Free Shipping pan India. Shop now.",https://maxprotein.in/cdn/shop/files/max_protein_9bb6131c-0460-4ac0-afba-bf55f4949ecf_160x.png?v=1616653100,Gujarat,2026-09-29T22:29:15.617316+00:00
eab699383448eced,https://cellbell.in/,"[""hello@cellbell.in""]","[""+918600366600"", ""+919373542550""]","{""Facebook"": [""https://facebook.com/Cellbells""], ""Instagram"": [""https://instagram.com/cell_bell""], ""LinkedIn"": [""https://linkedin.com/company/cellbell""]}",Home & living,Get the best gaming chairs in India at Cellbell. Shop for affordable ergonomic chairs under 5000 for a comfortable gaming experience. Buy now!,https://cellbell.in/cdn/shop/files/CB-red-logo-01_4fb01bdf-670c-49a6-a707-637c417ad07a.png?v=1644921009,Maharashtra,2026-09-29T22:29:21.910975+00:00
ec6d12162ed61ab1,https://dressfolk.com/,"[""support@dressfolk.com""]","[""+919667279611"", ""+919910709611""]","{""Facebook"": [""https://facebook.com/dressfolk""], ""Instagram"": [""https://instagram.com/dressfolk""], ""LinkedIn"": [""https://linkedin.com/company/dressfolk""]}",Apparel,"Dressfolk, where timeless Indian handlooms weave modern magic. Discover handwoven sarees, dresses, and more, celebrating India's textile heritage.",https://dressfolk.com/cdn/shop/files/logo_e2e72b4e-e998-483d-873f-e2bb909c7978.png?v=1715092087&width=1024,Haryana,2026-09-29T22:29:30.239130+00:00
ef2239472250fb8e,https://dermatouch.com/,"[""customercare@dermatouch.com""]","[""+917435945697"", ""+918141759449"", ""+919909000760""]","{""Facebook"": [""https://facebook.com/thedermatouch""], ""Instagram"": [""https://instagram.com/dermatouchskincare""], ""YouTube"": [""https://youtube.com/@dermatouch.official""]}",Skincare,Shop DERMATOUCH: India’s trusted pharmacy brand for dermatologically-tested skincare. Formulated with clinically-proven actives for visible results. Get a FREE Hydration Tumbler & Multipurpose Pouch on orders over ₹999. Shop now!,https://dermatouch.com/cdn/shop/files/dermatouch-logo_9b268711-0874-4f65-b599-062bf2fa59e6.png?v=1763122860&width=600,Gujarat,2026-09-29T22:29:38.772185+00:00
f0f60b2185ca3c63,https://ambraneindia.com/,"[""care@ambraneindia.com"", ""css.co@dtdc.com"", ""customer.support@delhivery.com"", ""dtdcco@dtdc.com"", ""dtdcho@vsnl.com"", ""order@ambraneindia.com""]","[""+911145911111"", ""+911169951111"", ""+911169951200"", ""+911246719500"", ""+918376888888""]","{""Facebook"": [""https://facebook.com/AmbraneIndia""], ""Instagram"": [""https://instagram.com/ambraneindia""], ""LinkedIn"": [""https://linkedin.com/company/ambrane-india""], ""X"": [""https://x.com/AmbraneIndia""], ""YouTube"": [""https://youtube.com/@ambrane""]}",Electronics,"Ambrane India - Shop Power banks, Cables, Chargers, Vacuum Cleaners, True Wireless Earphones, Bluetooth Earphones, Speakers, Trimmers, Grooming Kit, Hair Dryers & Other Mobile Accessories",https://ambraneindia.com/cdn/shop/files/image_1745.png?v=1723015103&width=130,Haryana,2026-09-29T22:35:03.162303+00:00
f20b629c55183743,https://ekmik.com/,"[""support@ekmik.com""]","[""+919310341880""]",{},Beauty & fragrance,"Ekmik offers premium quality, vegan and cruelty free makeup for lips, nails and more. Order online and get free delivery, special deals, gift sets and more. Shop cosmetics and beauty products at best prices online only at Ekmik.",https://ekmik.com/cdn/shop/files/Ekmik_Website_Logo_Upload.png?v=1711190799&width=280,Delhi,2026-09-29T22:29:51.218060+00:00
fd1400e4c58e8dab,https://www.bloomsvilla.com/,"[""order@bloomsvilla.com"", ""support@bloomsvilla.com"", ""wecare@bloomsvilla.com""]","[""+919999999999""]","{""Facebook"": [""https://facebook.com/bloomsvilla.in""], ""Instagram"": [""https://instagram.com/bloomsvilla""], ""Pinterest"": [""https://pinterest.com/bloomsvilla""], ""X"": [""https://x.com/blooms_villa""], ""YouTube"": [""https://youtube.com/channel/UClc3xab82sVk3gNiOif1grQ""]}",Food & nutrition,"Choose BloomsVilla as your best partner in sending gifts online. We are a one stop shop for Love & Gifting. Buy fresh flowers from our bouquet shop. Send sugary love from our online cake shop. You can send gifts such as flowers, cakes, plants, chocolates, teddy bears, etc from best gift shop in India.",https://www.bloomsvilla.com/cdn/shop/files/bloomsvilla-new-logo_230x.jpg?v=1692647966,Gujarat,2026-09-29T22:30:36.356375+00:00
fe9d4b00cc145b8d,https://www.wizvalue.com/,"[""info@cossmic.com"", ""kara@cossmic.com"", ""supportsales@wizcare.in""]","[""+917208690493"", ""+917308400400"", ""+918928383717"", ""+919321753662""]","{""Facebook"": [""https://facebook.com/big99in""], ""Instagram"": [""https://instagram.com/wiz_care""], ""YouTube"": [""https://youtube.com/@big99in""]}",Cleaning & laundry,"WiZ is your ultimate destination for premium personal care and hygiene products. We proudly feature renowned brands such as WiZ, Kara, and Think Skin. We are dedicated to delivering an unparalleled shopping experience for individuals who seek the best in both quality and value.",https://www.wizvalue.com/cdn/shop/files/WiZ-Logo02_bd038740-5340-4b83-82da-e14acece91a4.png?v=1768659447&width=150,Maharashtra,2026-09-29T22:30:46.544132+00:00
ff8071ded3a3afd0,https://www.indulekha.co.in/,"[""grievance.officer-privacy@unilever.com"", ""gst@stelcore.in"", ""lever.care@unilever.com"", ""officer-privacy@unilever.com"", ""unilever.care@unilever.com""]","[""+9118001022221""]","{""Facebook"": [""https://facebook.com/IndulekhaCare""], ""Instagram"": [""https://instagram.com/indulekha_care""], ""X"": [""https://x.com/IndulekhaCare""], ""YouTube"": [""https://youtube.com/channel/UC6JF4BuDlDMpN6e_uJ54t9A""]}",Hair care,"Indulekha is an Ayurvedic hair care brand in India, offering anti-hair fall oil and shampoo with Bhringraj for strong hair. Buy from the official store.",https://www.indulekha.co.in/cdn/shop/files/indu_logo_4x_2f08d783-8f92-4b92-b4a4-b57e6782a439.png?v=1776419883&width=720,Maharashtra,2026-09-29T22:30:54.661577+00:00
018d79ec77735a17,https://beruru.com/,"[""hello@beruru.com"", ""info@beruru.com""]","[""+917204200885""]","{""Facebook"": [""https://facebook.com/beruruin""], ""Instagram"": [""https://instagram.com/beruru_""], ""YouTube"": [""https://youtube.com/channel/UCBFGNZcwNyw4u66h9ydRgXw""]}",Home & living,"Shop a versatile range of planters, garden accessories, decor and furniture for indoor and alfresco spaces — all under one roof at Beruru.com",https://beruru.com/cdn/shop/files/Asset_3_2.png?v=1782200639&width=886,Karnataka,2026-09-29T22:14:44.730753+00:00
0ba9eabe714264d5,https://zouk.co.in/,"[""corporatesales@zouk.co.in"", ""online@zouk.co.in""]","[""+918069454521""]","{""Facebook"": [""https://facebook.com/zoukonline""], ""Instagram"": [""https://instagram.com/zoukonline""], ""LinkedIn"": [""https://linkedin.com/company/zouk""], ""X"": [""https://x.com/zoukbrand""], ""YouTube"": [""https://youtube.com/channel/UCAZeugt1M29zzQURXqvPLeQ""]}",Bags & travel,"Online Shopping Site in India: Buy the latest fashion & lifestyle products for men & women online at Zouk. Check out the latest collection of Bags, Wallets, Footwear & Accessories at best price. ✔Indian Fabrics like Ikat ✔PeTA approved 100% Vegan ✔Free Delivery",https://zouk.co.in/cdn/shop/files/zouk_new_logo.webp?v=1655936518&width=236,Maharashtra,2026-09-29T22:15:15.815360+00:00
4211aa2d8a4d8284,https://market99.com/,"[""support@market99.com""]","[""+911147366145"", ""+917011934541""]","{""Facebook"": [""https://facebook.com/market99india""], ""Instagram"": [""https://instagram.com/market99india""], ""LinkedIn"": [""https://linkedin.com/company/market99""], ""X"": [""https://x.com/market99india""], ""YouTube"": [""https://youtube.com/channel/UC2VcQh8Dzd5BiJ_xlhzswnA""]}",Home & living,"Market 99 store : Market99 is a well-established Indian value-retail brand with 96 physical stores, 15M+ happy customers, and a fast-growing e-commerce presence on India. With a product catalogue spanning 5,000+ SKUs across kitchen, dining, decor, bath, and gifting, the brand is positioned uniquely in the affordable",https://market99.com/cdn/shop/files/logo_market99.png?v=1744784247&width=500,Delhi,2026-09-29T22:17:55.638840+00:00
883b5d5440f63cf8,https://www.lakhinacouture.com/,"[""customercare@lakhinacouture.com"", ""hello@lakhinacouture.com""]","[""+918600877740"", ""+919205262008""]","{""Facebook"": [""https://facebook.com/lakhinaacouture""], ""Instagram"": [""https://instagram.com/labellakhinacouture""], ""YouTube"": [""https://youtube.com/@lakhinacoutureofficial""]}",Apparel,"Lakhina Couture — India's premium women's fashion boutique. Discover designer dresses, tops, kurtas & co-ord sets in sizes XS–7XL. Custom tailoring available. Shop online or visit us in Noida. Free pan-India delivery.",https://www.lakhinacouture.com/cdn/shop/files/Lakhina_s_Logo_2e61f56e-6c73-44cd-b651-3525eb12fa8d.png?v=1716218571,Uttar Pradesh,2026-09-29T22:23:11.705076+00:00
a18bcc3aae2b0dc0,https://www.sasya.in/,"[""info@sasya.in"", ""online@sasya.in""]","[""+913322892323""]","{""Facebook"": [""https://facebook.com/sasyafashions""], ""Instagram"": [""https://instagram.com/sasya_fashions""]}",Apparel,"Saasya is India's Luxury Designer Destination Showcase Premium Brands For Men & Women. We Deliver to Our Clients Globally In India, U.S, U.K. We Also Provide Bespoke or Custom Tailoring. Shop Indian Bridal, Wedding Clothing For Occasion Wear.",https://www.sasya.in/cdn/shop/files/IMG_7515_155x.jpg?v=1738230034,West Bengal,2026-09-29T22:24:45.264048+00:00
1071b7cef3fe1d7d,https://chayamtea.com/,"[""care@chayamtea.com"", ""info@chayamtea.com""]","[""+916290053403"", ""+919830442114""]","{""Facebook"": [""https://facebook.com/ChayamTea""], ""Instagram"": [""https://instagram.com/chayamtea""], ""LinkedIn"": [""https://linkedin.com/company/chayam-tea""], ""X"": [""https://x.com/chayamtea""]}",Coffee & tea,"Shop premium tea gifts, wellness blends, and flavourful infusions made with real ingredients and 100% natural flavours. Explore green tea, chamomile, masala chai, and curated gift boxes — perfect for self-care, celebrations, and conscious gifting. Rediscover tea with Chayam.",https://chayamtea.com/cdn/shop/files/Logo-_200x60-01_1f00eb48-1605-4979-bfe8-6b5389c6d800.png?v=1733740339,West Bengal,2026-09-29T22:15:27.505727+00:00
10d3725f9e27b95a,https://tentabs.in/,"[""ccontact@tentabs.in"", ""contact@tentabs.in""]","[""+917899324544"", ""+919819797538""]","{""Facebook"": [""https://facebook.com/TenTabs.in""], ""Instagram"": [""https://instagram.com/tentabs.in""], ""X"": [""https://x.com/ten_tabs""], ""YouTube"": [""https://youtube.com/@tentabsonlinestore""]}",,TenTabs is a trusted medical supply store offering a wide range of medical equipment online. Shop quality products from reliable medical equipment store in India.,https://tentabs.in/cdn/shop/files/TenTabsLogo_01fcc0a5-8f4e-4e00-a445-e4e4e31a3ae5.png?v=1765612295&width=350,,2026-09-29T22:15:32.706866+00:00
12de7213ab450dbe,https://guardiangears.in/,"[""guardiangears53@gmail.com""]","[""+916305345836"", ""+918008800052""]","{""Facebook"": [""https://facebook.com/Guardiangears""], ""Instagram"": [""https://instagram.com/guardiangearsindia""], ""YouTube"": [""https://youtube.com/channel/UCM2CycUsw3O6blZpn-n2leg""]}",Bags & travel,"Guardian Gears – Premium Motorcycle Luggage in India. Tank bags, tail bags, and saddlebags built tough for long rides. Waterproof, durable touring gear trusted by riders across India.",https://guardiangears.in/cdn/shop/files/GuardianGearsLogoMobileMin.jpg?v=1679830610,Telangana,2026-09-29T22:15:45.029491+00:00
283ab4c794b5c6bf,https://ahika.in/,"[""cs@ahika.in"", ""info@ahika.in""]","[""+919265844264""]","{""Facebook"": [""https://facebook.com/ahika.kurtis""], ""Instagram"": [""https://instagram.com/ahika.in""], ""YouTube"": [""https://youtube.com/channel/UCe-oKlrtprsZE9lzWDRATGg""]}",Apparel,"Ahika is your ultimate destination to get an exclusive range of Indian ethnic wear for women at the best price. Get access to the finest quality, prints & designs.",https://ahika.in/cdn/shop/files/Ahika_Vine_color_Logo_-_1_1.png?v=1780034662&width=150,Gujarat,2026-09-29T22:17:05.194349+00:00
7164784d6d0c1ed8,https://coffeeza.in/,"[""info@coffeeza.com"", ""write@coffeeza.com""]","[""+918208760952"", ""+918459270716""]","{""Facebook"": [""https://facebook.com/coffeezaindia""], ""Instagram"": [""https://instagram.com/coffeezaindia""], ""LinkedIn"": [""https://linkedin.com/company/coffeeza""], ""X"": [""https://x.com/coffeezaindia""], ""YouTube"": [""https://youtube.com/c/Coffeeza""]}",Coffee & tea,"Browse a wide range of premium Nespresso compatible aluminium capsules, best coffee machine, espresso machine, cappuccino coffee machine at Coffeeza. Make your own coffee at home by using a coffee machine.",https://coffeeza.in/cdn/shop/files/Coffeeza_Logo_280x.png?v=1749106925,Goa,2026-09-29T22:21:07.159525+00:00
739e8d29368dae35,https://ubonindia.com/,"[""ecom@ubon.in""]","[""+917217836007"", ""+919711592822""]","{""Facebook"": [""https://facebook.com/ubonofficial""], ""Instagram"": [""https://instagram.com/ubon_official""], ""YouTube"": [""https://youtube.com/c/UBONWorld""]}",Electronics,"Buy Now from Ubon. Collection of earphones, neckband, headphones, smart watch, speaker, & earbuds. Explore a variety of gadgets, power banks & chargers",https://ubonindia.com/cdn/shop/files/ubon-logo_1_120x_2x_2.png?v=1670847205&width=130,Delhi,2026-09-29T22:21:33.971084+00:00
7c405f7cf3a3271d,https://www.kashmirbox.com/,"[""care@kashmirbox.com"", ""marketing@kashmirbox.com""]","[""+912269470525"", ""+919797708647""]","{""Facebook"": [""https://facebook.com/kashmirboxofficial""], ""Instagram"": [""https://instagram.com/kashmirboxofficial""], ""X"": [""https://x.com/kashmirbox""], ""YouTube"": [""https://youtube.com/@KashmirBoxonline""]}",Apparel,"We offer Best Quality Saffron (Kesar) & Dryfruits, Authentic Cashmere shawls, Luxurious Pashmina Wraps. The Best Online Shopping Site for Kashmiri Products",https://www.kashmirbox.com/cdn/shop/files/KASHMIR_BOX_Small_6b066815-be69-4982-9854-3b947d8c186f.png?height=100&v=1774889396,Jammu and Kashmir,2026-09-29T22:22:07.048903+00:00
8597244b1abafd8d,https://www.soultree.in/,"[""international@soultree.in"", ""wecare@soultree.in""]","[""+911142512157"", ""+919711386545""]","{""Facebook"": [""https://facebook.com/Soultree.in""], ""Instagram"": [""https://instagram.com/soultree.in""], ""YouTube"": [""https://youtube.com/c/SoultreeIndia""]}",Health & wellness,"Soultree - India's best ayurvedic & natural beauty products store online. We offer organic products for skin, hair & body care. Buy Now!",https://www.soultree.in/cdn/shop/files/Logo-new_4e2471b3-eca0-46ef-bc10-fa6a8b065c71_500x.png?v=1722082609,Delhi,2026-09-29T22:22:45.828069+00:00
c6f061966e268f5a,https://theboyo.com/,"[""hello@theboyo.com""]","[""+919350635939"", ""+919560233234""]","{""Facebook"": [""https://facebook.com/boyo.life""], ""Instagram"": [""https://instagram.com/hellotheboyo""], ""LinkedIn"": [""https://linkedin.com/company/boyo-bold-as-you""]}",Food & nutrition,"Boyo bring to you an exclusive range of Nuts, dried fruits, super seeds, Himalayan pink salted and Dry Roasted snacks, trial mixes, festive gift hampers and more. With our customers’ changing tastes, we experimented with new products to offer something innovative and healthy.",https://theboyo.com/cdn/shop/files/Gold_boyo_logo_with_boldasyou.png?v=1662110011,Delhi,2026-09-29T22:27:07.856645+00:00
e69994ed9218a6d6,https://ampm.in/,"[""ampm@ampm.in""]","[""+917290001069"", ""+917290088581"", ""+917290088582""]","{""Facebook"": [""https://facebook.com/ampmfashions""], ""Instagram"": [""https://instagram.com/ampmfashions""], ""LinkedIn"": [""https://linkedin.com/company/ampm-fashions-private-limited""], ""YouTube"": [""https://youtube.com/channel/UCtTyxSmwvSugc0sn_94A6ow""]}",Apparel,"AMPM is India's luxury designer fashion house. Explore our dresses, suits, kurtas, jackets & more. ✓Free Shipping ✓Easy Returns ✓COD. Shop the collection now!.",,Uttar Pradesh,2026-09-29T22:29:13.407449+00:00
eac2fdcc9543a412,https://skippi.in/,"[""hello@skippi.in""]","[""+918019248484"", ""+919154363583"", ""+919346323172"", ""+919429692378""]","{""Facebook"": [""https://facebook.com/skippiicepops""], ""Instagram"": [""https://instagram.com/myskippi""], ""YouTube"": [""https://youtube.com/channel/UCqsxjNL-V9mk4f9rwCtHOZQ""]}",Food & nutrition,"Shop Skippi for premium ice pops, crunchy corn sticks, and delicious sweet cream rolls! Enjoy gluten-free, preservative-free treats in rainbow, desi, and tropical flavors. Introducing Skippi Fruitz thick and tasty Juices, Order online now for a delightful snacking experience!",https://skippi.in/cdn/shop/files/skippi_font.png?v=1690357134,Telangana,2026-09-29T22:29:21.910975+00:00
fa214f5c56a85cc4,https://gladful.in/,"[""hello@gladful.in""]","[""+919351025886""]","{""Facebook"": [""https://facebook.com/Gladfulcommunity""], ""Instagram"": [""https://instagram.com/be.gladful""], ""YouTube"": [""https://youtube.com/channel/UCsMjx6RRqWo0TpzQ0U2VohQ""]}",Food & nutrition,"Discover Gladful – your go-to destination for clean, protein-rich breakfasts and kids' nutrition. Explore Chilla, Dosa, Pancakes, Nutramilk Mixes & more, made with wholesome ingredients and zero added junk",https://gladful.in/cdn/shop/files/Frame_2_b30fe4fe-be3d-4169-a3cb-d9deb29fc7fb.png?v=1652850970&width=600,Rajasthan,2026-09-29T22:30:24.306546+00:00
17a5e14965647c73,https://www.kimirica.shop/,"[""crm@kimirica.shop"", ""info@kimirica.shop""]","[""+9118002660808"", ""+918818886436"", ""+919111744744""]","{""Facebook"": [""https://facebook.com/kimiricaluxury""], ""Instagram"": [""https://instagram.com/kimirica.shop""], ""LinkedIn"": [""https://linkedin.com/company/14617169""], ""X"": [""https://x.com/Kimirica_Shop""], ""YouTube"": [""https://youtube.com/@Kimirica""]}",Skincare,"A luxury lifestyle brand rooted in thoughtful self-care. We believe in creating an experiential self-care journey with our premium bath and body, fine fragrances, skincare, home & wellness products, bringing moments of happiness into your everyday life.",https://www.kimirica.shop/cdn/shop/files/Upated_-_Kimirica_2022_Logo_C-White.svg?v=1703060986&width=1059,Madhya Pradesh,2026-09-29T22:16:13.227896+00:00
6d4eeca1cb04102e,https://xech.com/,"[""support@xech.com""]","[""+918369895269"", ""+918828844466""]",{},Home appliances,"The official website of XECH Technologies Pvt Ltd, India's leading consumer electronics & new-age home appliances brand. Discover our innovative products, designed to revolutionize your daily life. Shop now & experience the future of technology at your fingertips.",https://xech.com/cdn/shop/files/XECH_Logo_Grey_600x100_693b6cb2-33ad-4d34-8d94-615577e797dc.png?v=1679561510,Maharashtra,2026-09-29T22:20:42.165302+00:00
8744d15b31e5dc58,https://heelium.in/,"[""info@heelium.in"", ""support@heelium.in""]","[""+918698001003"", ""+918788856939""]","{""Facebook"": [""https://facebook.com/Heelium.in""], ""Instagram"": [""https://instagram.com/heelium.in""], ""X"": [""https://x.com/HeeliumOfficial""], ""YouTube"": [""https://youtube.com/channel/UCNs_che0VvYT7DBi_4c6dSQ""]}",Apparel,"India's #1 bamboo-based athleisure brand that makes bamboo socks, towels, bandanas, innerwear and more. We solve everyday problems like foul odour & skin infections through material science.",https://heelium.in/cdn/shop/files/Heelium_Logo-19_85x.png?v=1613572811,Maharashtra,2026-09-29T22:23:05.739864+00:00
e66ac6cb3bfc4b27,https://hashboosh.com/,"[""customer.support@hashboosh.com"", ""orders@hashboosh.com""]","[""+919744274100""]","{""Facebook"": [""https://facebook.com/HashBoosh.in""], ""Instagram"": [""https://instagram.com/hashboosh""], ""X"": [""https://x.com/hashboosh""]}",Apparel,"Shop the trendiest women's dresses, ethnics, shrug dresses, pinafores, kaftans, jumpsuits and much more.",https://hashboosh.com/cdn/shop/files/Logo_hashboosh1_380x_f161e218-8f78-4c3a-9b7e-7409bff5f552.png?v=1642761393&width=370,Kerala,2026-09-29T22:29:07.406400+00:00
e998e5d595147994,https://51pyramids.in/,"[""info@51pyramids.in""]","[""+916360613235"", ""+916360813235"", ""+918217412213"", ""+918660300350"", ""+919900813813""]",{},Books & education,"India's biggest online store for Wood, Plastic and Copper Pyramids, Pure Crystals, Orgone, Quartz and Spiritual Books",https://51pyramids.in/cdn/shop/files/Shopify-img.png?v=1645676620&width=140,Karnataka,2026-09-29T22:29:25.808177+00:00
fe1d31402d9cef27,https://www.studiocoppre.com/,"[""hello@coppre.in""]","[""+919168978684""]","{""Facebook"": [""https://facebook.com/coppre""], ""Instagram"": [""https://instagram.com/studiocoppre""], ""Pinterest"": [""https://pinterest.com/coppre""], ""X"": [""https://x.com/studiocoppre""], ""YouTube"": [""https://youtube.com/user/coppremarketing""]}",Home & living,"Artisanal products for home and living. Rooted in craft, enhanced by design.",https://www.studiocoppre.com/cdn/shop/files/logo_5be87af3-9e41-4085-88ac-9b9e3a20dffa_120x_2.png?v=1632839116&width=1445,Maharashtra,2026-09-29T22:30:42.790721+00:00
45cf321daf747f0c,https://www.benkibrewingtools.com/,"[""hello@benkibrewingtools.com"", ""one@benkibrewingtools.com""]","[""+919187224655"", ""+919686590120"", ""+919800232530"", ""+919908124804"", ""+919980232530""]","{""Instagram"": [""https://instagram.com/benkibrewingtools""], ""LinkedIn"": [""https://linkedin.com/company/benki-brewing-tools""], ""YouTube"": [""https://youtube.com/channel/UCazloXAfIiqrLqdbCrbo9wA""]}",Coffee & tea,Caffeine super store. Your one stop shop for all your coffee needs.,https://www.benkibrewingtools.com/cdn/shop/files/bbt_Logo_White_post.png?v=1785820447&width=115,,2026-09-29T22:18:24.946922+00:00
7188ff338fee1ce1,https://yaleonline.in/,"[""aman.habib@assaabloy.com"", ""chitranjan.yadav@assaabloy.com"", ""customercare1.india@assaabloy.com"", ""customercare2.india@assaabloy.com"", ""dev.sharma@assaabloy.com"", ""pradeep.kumarcm@assaabloy.com"", ""rakesh.vishwakarma@assaabloy.com"", ""raman.koul@assaabloy.com"", ""sachin.kumar2@assaabloy.com"", ""souvik.das@assaabloy.com"", ""studio79online1@gmail.com""]","[""+9118001035606"", ""+917003954094"", ""+917019343142"", ""+918591448636"", ""+918591448646"", ""+918591448649"", ""+918591905959"", ""+918591941621"", ""+918929788788"", ""+919592931888""]","{""Facebook"": [""https://facebook.com/YaleIndiaLtd""], ""Instagram"": [""https://instagram.com/yalehomeindia""], ""LinkedIn"": [""https://linkedin.com/company/yalehomeglobal""], ""X"": [""https://x.com/Yalehomeindia""], ""YouTube"": [""https://youtube.com/@YaleHomeIndia""]}",Security & access,"Yale is one of the world's oldest digital lock manufacturers and part of ASSA ABLOY Group, the global leader in access solutions",https://yaleonline.in/cdn/shop/files/yale_logo_100_100_706d5f62-c97d-415c-ae31-e801c1177fe6.png?v=1659940981,Karnataka,2026-09-29T22:32:30.976627+00:00
87f336a042b7fc20,https://www.labelkanupriya.com/,"[""labelkanupriya@gmail.com"", ""meetchaitanyaonline@gmail.com""]","[""+917357395225"", ""+919694496961""]",{},Apparel,"Beautifully handcrafted designer Lehengas, Sarees, Kurta, Tunics and Dresses for the Modern day Woman",,Rajasthan,2026-09-29T22:23:09.425328+00:00
d9fa5ead0dd70a43,https://miraggiolife.com/,"[""grievance@miraggiolife.com"", ""support@miraggiolife.com""]","[""+918377990200"", ""+918377991911""]","{""Facebook"": [""https://facebook.com/miraggiolife""], ""Instagram"": [""https://instagram.com/miraggiolife""], ""YouTube"": [""https://youtube.com/channel/UCuu0x67GgJyweg57MEg4ggA""]}",Bags & travel,"Explore women’s bags by Miraggio, blending global aesthetics with premium materials, modern silhouettes and thoughtful detailing.",https://miraggiolife.com/cdn/shop/files/image_1.png?v=1747208786&width=438,Haryana,2026-09-29T22:28:05.767241+00:00
dbf06dfed87cd35c,https://shopmulmul.com/,"[""info@mulmul.co"", ""orders@shopmulmul.com""]","[""+919773986272"", ""+919810220059""]","{""Facebook"": [""https://facebook.com/shopmulmul""], ""Instagram"": [""https://instagram.com/shopmulmul""]}",Apparel,"Discover Mulmul's collection of luxurious and comfortable Indian wear. From elegant kurta sets to vibrant lehengas, each piece is created with intricate embroidery and premium fabrics.",https://shopmulmul.com/cdn/shop/files/Untitled_design_13_1.png?v=1778134594&width=280,Uttar Pradesh,2026-09-29T22:28:42.093809+00:00
0d4ca91b43f97c32,https://supervek.in/,"[""hello@supervek.in"", ""support@supervek.com"", ""support@supervek.in""]","[""+919701093916""]","{""Facebook"": [""https://facebook.com/thesupervek""], ""Instagram"": [""https://instagram.com/supervek""], ""LinkedIn"": [""https://linkedin.com/in/singhsatyajeet""], ""Pinterest"": [""https://pinterest.com/supervek""], ""X"": [""https://x.com/thesupervek""]}",Apparel,"Supervek is making waves in underground streetwear culture with its premium, sustainable, made in India collection of fashion-forward, high-quality accessories and apparel. Shop unisex crossbody sling bags, waist bags/fanny packs, ultra-slim tyvek wallets, oversized clothing/T-shirts, caps, bucket hats, and beanies.",https://supervek.in/cdn/shop/files/Supervek_Logo-_No_Bg_9fe6ecaa-ace6-4d9f-9478-104639988def.png?v=1634288433&width=200,Telangana,2026-09-29T22:31:13.282560+00:00
0f07b9d1b81d3c9a,https://sirohi.org/,"[""contact@sirohi.org"", ""contact@sirtohi.org"", ""contact@skilledsamaritan.com"", ""corporatesales@skilledsamaritan.com"", ""gauri@sirohi.org"", ""gauri@skilledsamaritan.com"", ""marketing@sirohi.org"", ""people@sirohi.org"", ""publicpartnership@skilledsamaritan.com"", ""sales.support@sirohi.org""]","[""+918272067923"", ""+918272067924"", ""+918272067925"", ""+919310433994""]",{},Home & living,"Discover premium handcrafted gifts made in India at Sirohi. Support artisans & shop unique, ethically crafted products. Perfect for gifting & decor. Buy now!",https://sirohi.org/cdn/shop/files/Sirohi-Green-Symbol-Logotype-Vertical.png?v=1672902675&width=400,,2026-09-29T22:15:28.481745+00:00
62db1319e1e8b087,https://bengalloomsindia.com/,"[""bengalloomsindia@gmail.com""]","[""+919830896362""]","{""Facebook"": [""https://facebook.com/bengalloomsindia""], ""Instagram"": [""https://instagram.com/bengalloomsindia""]}",Apparel,"Buy Indian Sarees online from our wide range in reasonable prices. Saris for every occasion, different styles and wide variety of fabrics.Timely Delivery.",https://bengalloomsindia.com/cdn/shop/files/IMG_9045_110x.PNG?v=1615922385,West Bengal,2026-09-29T22:32:30.741508+00:00
7c49924abd680818,https://www.thebtclub.com/,"[""support@thebtclub.com""]","[""+919035569429"", ""+919036972850"", ""+919220709087"", ""+919220808544""]",{},Apparel,"At TheBTclub, we keep it effortless—premium streetwear backed by quality service that’s got your back before and after you cop your fit.",https://www.thebtclub.com/cdn/shop/files/BT_Club_Final_Logo_white_1.png?v=1738847443,Karnataka,2026-09-29T22:22:08.989678+00:00
8c832e6bcbb3f24b,https://www.theaudiostore.in/,"[""hello@theaudiostore.in""]","[""+919356523240""]","{""Facebook"": [""https://facebook.com/TheAudioStoreOfficial""], ""Instagram"": [""https://instagram.com/theaudiostoreofficial""], ""LinkedIn"": [""https://linkedin.com/company/theaudiostore-in""], ""YouTube"": [""https://youtube.com/channel/UCbUkg6xY8cQLwUlc-XcavTg""]}",Electronics,"Shop IEMs, earphones, headphones, DACs, DAPs, amplifiers, speakers and audiophile gear in India. Expert-curated products, genuine products, fast shipping & best customer support.",https://www.theaudiostore.in/cdn/shop/files/TAS_Logo_1200300_99a33cf5-add5-4a84-a470-c90e7b075cd3_180x@2x.png?v=1662742789,Maharashtra,2026-09-29T22:23:32.111155+00:00
a943f31734300641,https://www.thestiffcollar.com/,"[""feedback@thestiffcollar.com"", ""operations@thestiffcollar.com""]","[""+919167230467"", ""+919769642283""]","{""Facebook"": [""https://facebook.com/TheStiffCollar""], ""Instagram"": [""https://instagram.com/thestiffcollarofficial""]}",Apparel,"The Stiff Collar offers high-quality men's shirts that combine classic style with modern comfort. Discover our collection of elegant and versatile shirts, crafted with care from the finest material. Shop now for the perfect shirts. At The Stiff Collar we believe that a good shirt is expression of style and confidence.",https://www.thestiffcollar.com/cdn/shop/files/logo_df6bac53-15b1-4049-92a9-3226fb34b871.png?v=1760101661&width=460,Maharashtra,2026-09-29T22:25:13.378810+00:00
b50c84f2ec7a5772,https://aulilifestyle.com/,"[""info@aulilifestyle.com""]","[""+917044017555"", ""+917044131111""]","{""Facebook"": [""https://facebook.com/aulilifestyle""], ""Instagram"": [""https://instagram.com/auliglow""], ""LinkedIn"": [""https://linkedin.com/company/auli-lifestyle""], ""YouTube"": [""https://youtube.com/@AuliActiveAyurveda""]}",Skincare,Buy natural skin care products 100% ayurvedic from the house of Auli Lifestyle. ✔ Chemical-Free ✔ Free Shipping ✔ Cash on Delivery,https://aulilifestyle.com/cdn/shop/files/Auli_Logo_Black_1.png?height=88&v=1746806012,West Bengal,2026-09-29T22:26:10.013030+00:00
dc2a4bb654e2938b,https://justwowfactory.com/,"[""anshul@mobizdom.com"", ""support@justwowfactory.com""]","[""+917042769161"", ""+919717786894""]","{""Facebook"": [""https://facebook.com/justwowfactory""], ""Instagram"": [""https://instagram.com/justwowfactory""], ""YouTube"": [""https://youtube.com/@justwowfactoryexclusivespi7562""]}",Jewellery,Discover our latest Crystal Stone Jewellery Online in India — handcrafted from 100% natural stones and designed to elevate every outfit.,https://justwowfactory.com/cdn/shop/files/Just_1.png?v=1759318499&width=95,,2026-09-29T22:28:41.215199+00:00
009d9273d2ecf2c6,https://sreeleathers.com/,"[""online@sreeleathers.com"", ""sreeleathers@sreeleathers.com""]","[""+918420976065"", ""+918910401514"", ""+919681275200"", ""+919748551620""]","{""Facebook"": [""https://facebook.com/SreeleathersOfficial""], ""Instagram"": [""https://instagram.com/sreeleathersofficial""], ""YouTube"": [""https://youtube.com/@sreeleathersindia""]}",Footwear,"Sreeleathers selling affordable, good-quality leather footwear for men, women, and children. Choose from a wide variety of flats, heels, chappals and sandals from our Ladies' Pujo Collection and huge collection of Gents' sandals, sneakers, casual shoes.",https://sreeleathers.com/cdn/shop/files/logo-1_130x.png?v=1615409021,West Bengal,2026-09-29T22:14:44.729752+00:00
128e6bb7ade504e5,https://heliosindia.com/,"[""care@heliosindia.com"", ""mail@heliosindia.com"", ""online@heliosindia.com""]","[""+911800114252""]","{""Facebook"": [""https://facebook.com/HeliosIndia""], ""Instagram"": [""https://instagram.com/heliosindia""], ""LinkedIn"": [""https://linkedin.com/company/heliosindia""], ""YouTube"": [""https://youtube.com/channel/UCNx24pwQPYuyD-w6zKtub8w""]}",Footwear,"Better care for every step. Discover Helios premium shoe care & foot care products, designed to keep your footwear looking great and your feet feeling their best.",https://heliosindia.com/cdn/shop/files/Helios_Black_Logo.png?v=1718619431&width=700,Haryana,2026-09-29T22:15:41.638550+00:00
2c447fe8028686e0,https://goofytails.com/,"[""care@goofytails.com"", ""support@goofytails.com""]","[""+919625562135""]","{""Facebook"": [""https://facebook.com/goofytails1""], ""Instagram"": [""https://instagram.com/goofytailsindia""], ""X"": [""https://x.com/goofytails""], ""YouTube"": [""https://youtube.com/channel/UCrzy8Kdk9GyURNxqH7Aenmw""]}",Food & nutrition,Goofy Tails - Honest and Holistic Pet Nutrition and Lifestyle. Goofy Tails is on a mission to give back a happy and longer lifespan with the best on pet nutrition. Unlimited waggs and purrs is what we wish to achieve with our furry babies and smiling and stress free pet parents.,https://goofytails.com/cdn/shop/files/logo_white.png?v=1706066773&width=300,Delhi,2026-09-29T22:17:13.070364+00:00
388669318ce6737a,https://kicaactive.com/,"[""contact@kicaactive.com"", ""grievanceofficer@nykaafashion.com""]","[""+9118002666890"", ""+918595736958""]","{""Facebook"": [""https://facebook.com/kicaactive""], ""Instagram"": [""https://instagram.com/kicaactive""]}",Apparel,"Women's wear online - shop from a wide range of women's leggings, tops, sports bras, flare pants and more. Visit us and buy active wear for women.",https://kicaactive.com/cdn/shop/files/FINAL-LOGO-kica_3.png?v=1672043648,Delhi,2026-09-29T22:17:42.831090+00:00
43db01ed2afbb2ea,https://www.trustbasket.com/,"[""support@trustbasket.com""]","[""+918792959210"", ""+919686432432""]","{""Facebook"": [""https://facebook.com/TrustBasket""], ""Instagram"": [""https://instagram.com/trustbasket""], ""YouTube"": [""https://youtube.com/user/TrustBasket""]}",Plants & gardening,"Garden Items Online - TrustBasket is an Online Gardening Store | Free delivery on seeds, pots and all gardening items| Cheaper than local nurseries and garden centers.",https://www.trustbasket.com/cdn/shop/files/Trustbasket-Logo-Color-Size-10.png?v=1738750777,Haryana,2026-09-29T22:18:10.698541+00:00
55848b264d5ba53d,https://thewhitewillow.in/,"[""support@thewhitewillow.in""]","[""+917284931559"", ""+919019035000""]","{""Facebook"": [""https://facebook.com/thewhitewillowpillow""], ""Instagram"": [""https://instagram.com/thewhitewillow.in""], ""X"": [""https://x.com/twwhome""], ""YouTube"": [""https://youtube.com/channel/UCpkdkbBzBg5kOEZAEL0gykw""]}",,Buy Pillow Online from India's best pillow brand - The White Willow. Shop for the best memory foam pillows that's affordable. Buy pillows now!,https://thewhitewillow.in/cdn/shop/files/Logo_086e2707-9e15-41dc-b38f-9bd.png?v=1717052135&width=600,Delhi,2026-09-29T22:19:14.715622+00:00
80666a4d08e5f479,https://thecubeclub.com/,"[""admin@thecubeclub.com"", ""support@thecubeclub.com""]","[""+919321680525""]","{""Facebook"": [""https://facebook.com/thecubeclubindia""], ""Instagram"": [""https://instagram.com/thecube.club""], ""YouTube"": [""https://youtube.com/channel/UCcXnbvM7FeP52GoQUzA3rQQ""]}",Sports & fitness,"Home Workout Equipment: Buy best home fitness equipment online, like adjustable dumbbells, skipping ropes, yoga mats, kettlebells, resistance bands, etc. Shop Now!",https://thecubeclub.com/cdn/shop/files/Cube_Club_New_Logo_Black.png?v=1709279577&width=320,Maharashtra,2026-09-29T22:22:40.800733+00:00
8191768fb05bd984,https://uathayam.in/,"[""online@uathayam.com"", ""online@uathayam.net""]","[""+919840312757"", ""+919965866757""]","{""Facebook"": [""https://facebook.com/uathayam""], ""Instagram"": [""https://instagram.com/uathayam""], ""YouTube"": [""https://youtube.com/@uathayamcotton4096""]}",Apparel,"Offering a wide range of high-quality Uathayam Dhotis and Shirts for Men and kids. A range comprising of cotton, linen and silk fabrics dhotis and shirts.",https://uathayam.in/cdn/shop/files/Uathayam_New_Logo__1_-removebg-preview.png?v=1773072303&width=440,Tamil Nadu,2026-09-29T22:22:39.278909+00:00
a470c2a4d8dc4d4f,https://dizcover.in/,"[""connect@dizcover.in""]","[""+918850268043"", ""+919163411489""]",{},Food & nutrition,Dizcover is a Gourmet Ingredients and Beverages online store for Food Service Industry Outlets. Complete Horeca supplies are provided by Dizcover and serving more than 5000 customers Pan India .,https://dizcover.in/cdn/shop/files/dizcover_logo_1.png?v=1772537457&width=600,Maharashtra,2026-09-29T22:24:45.239444+00:00
e9552356a2c9becd,https://shinexpro.in/,"[""care@shinexpro.in""]","[""+916364928903"", ""+918867162337"", ""+919686973127""]","{""Facebook"": [""https://facebook.com/shinexpro.in""], ""Instagram"": [""https://instagram.com/shinexpro.in""], ""YouTube"": [""https://youtube.com/channel/UC-8ghZ5yQnjFUeZrZ5LJ_tA""]}",,,https://shinexpro.in/cdn/shop/files/SXP_Logo_3png_file_130x.png?v=1619420596,Karnataka,2026-09-29T22:29:15.617316+00:00
edd6f9c2d8fb9cd7,https://www.happycultures.in/,"[""admin@happycultures.in""]","[""+918874635635""]","{""Facebook"": [""https://facebook.com/happycultures.in""], ""Instagram"": [""https://instagram.com/happycultures.in""], ""X"": [""https://x.com/INhappycultures""], ""YouTube"": [""https://youtube.com/channel/UCDIuO8JeIdK8rY5FWw4Efnw""]}",Home & living,"Discover Handcrafted Treasures at Happy Cultures: Explore a World of Artistry and Tradition. Shop Accessories, Apparel, Dining & Kitchen, Home Décor, and Souvenirs, all created by Local Artisans. Embrace Sustainability while Supporting Artisans' Livelihoods!",https://www.happycultures.in/cdn/shop/files/1000x1000_logo_up_down.png?v=1694699715&width=600,Uttar Pradesh,2026-09-29T22:29:31.538018+00:00
41fbcef0d8b56833,https://aroka.in/,"[""careers@aroka.in"", ""info@aroka.in"", ""orders@aroka.in""]","[""+918097039122"", ""+918104962773"", ""+918591034648"", ""+918595753709"", ""+919324300146""]","{""Facebook"": [""https://facebook.com/arokaofficial""], ""Instagram"": [""https://instagram.com/arokaofficial""], ""X"": [""https://x.com/arokaofficial""], ""YouTube"": [""https://youtube.com/channel/UCStjwRraqKVo0cO_HC-heSA""]}",Apparel,"Experience luxury with purpose at Aroka. Elevate your style ethically with our sustainable fashion, embodying timeless elegance for the conscious consumer.",https://aroka.in/cdn/shop/files/logo.png?v=1738760028&width=280,Maharashtra,2026-09-29T22:18:05.506647+00:00
57a41e65459bd22c,https://drinkjimmys.com/,"[""jimmy@radioheadbrands.com"", ""pankaj.pant@radioheadbrands.com"", ""ravinder.yadav@radioheadbrands.com"", ""sales@radioheadbrands.com""]","[""+919310360709"", ""+919599225334""]","{""Facebook"": [""https://facebook.com/jimmyscocktailsindia""], ""Instagram"": [""https://instagram.com/jimmysbeverages""], ""YouTube"": [""https://youtube.com/@JimmysBeverages""]}",,"A new way to enjoy cocktails at home, in 3 simple steps - ICE IT, SPIKE IT, JIMMY IT! Jimmy’s low calorie cocktails can be enjoyed straight up or mixed with your favourite spirit. #BringTheBarHome",https://drinkjimmys.com/cdn/shop/files/Logo-3_1.png?v=1662467080&width=600,Haryana,2026-09-29T22:19:39.008432+00:00
6cbbd06c772c5ddf,https://polkapop.in/,"[""rajiv.s@cavinkare.com""]","[""+919444676004""]",{},,,https://cdn.shopify.com/s/files/1/0955/2137/4497/files/pp-collection-logo.png?v=1785648309&width=128,Tamil Nadu,2026-09-29T22:20:42.170384+00:00
7ea39997a8e69c1a,https://www.printsvalley.com/,"[""info@printsvalley.com""]","[""+919982999117""]","{""Facebook"": [""https://facebook.com/theprintsvalley""], ""Instagram"": [""https://instagram.com/printsvalley""]}",,,https://www.printsvalley.com/cdn/shop/files/Printsvalley_Logo_white_2026.png?v=1783525268&width=420,Rajasthan,2026-09-29T22:22:12.492708+00:00
b3467c75429b5631,https://www.neonattack.com/,"[""info@neonattack.com""]","[""+917093825440"", ""+917277777372"", ""+917780177568"", ""+919107707777""]","{""Facebook"": [""https://facebook.com/NeonAttackIn""], ""Instagram"": [""https://instagram.com/neonattack_in""], ""LinkedIn"": [""https://linkedin.com/company/neon-attack""], ""Pinterest"": [""https://pinterest.com/neonattack_in""]}",,"We are India's No.1 neon light makers. We make customised neon lights and signs for your home, business or events. If you’re looking for a high-quality, custom neon sign maker, contact us at Neon Attack.",https://www.neonattack.com/cdn/shop/files/Logo_280x_61f96ecf-7c6e-4d9f-83ba-598fd9caaf71.svg?v=1743077589&width=280,Telangana,2026-09-29T22:26:01.977501+00:00
bfd91f9e8a559fb0,https://www.tigermarron.com/,"[""support@tigermarron.com""]","[""+919910026537""]","{""Facebook"": [""https://facebook.com/TigerMarronIndia""], ""Instagram"": [""https://instagram.com/tigermarron""], ""LinkedIn"": [""https://linkedin.com/company/tigermarron""], ""YouTube"": [""https://youtube.com/channel/UCyXFEvxjvhiFOAvktY9T3-A""]}",Bags & travel,"Tiger Marrón is a leading fashion brand offering bespoke leather bags online, handmade in premium fabric and contemporary designs. We are an online bag store offering a wide range of handbags for all. Versatile & elegant finish. Buy now! Easy Return! Free Shipping!",https://www.tigermarron.com/cdn/shop/files/logotiger.png?v=1749556526&width=280,Haryana,2026-09-29T22:26:56.304372+00:00
d20f149dc14d58af,https://www.mybatua.com/,"[""mybatua@mybatua.com"", ""support@mybatua.com""]","[""+918826009522""]","{""Facebook"": [""https://facebook.com/mybatua""], ""Instagram"": [""https://instagram.com/mybatua""], ""Pinterest"": [""https://pinterest.com/mybatua""], ""X"": [""https://x.com/mybatua""], ""YouTube"": [""https://youtube.com/@MyBatua""]}",Apparel,"Buy Abayas, Jilbab, Islamic Dress, Tunic, Hijab, Thobe, Kurta Pajama, Skirt, Niqab, Khimar, Burqini, Hand Bags, Hajj Umrah Prayer Clothing etc. Made of high-quality materials available at affordable prices, directly from our factory in India to your doorstep, Plus Sizes Available Also Any Size & Length We Customise.",https://www.mybatua.com/cdn/shop/files/MyBatua_Logo.png?v=1780205239&width=600,Delhi,2026-09-29T22:28:02.387291+00:00
e6890c4b5ea2b626,https://chaayos.com/,"[""ecom@chaayos.com"", ""letstalk@chaayos.com""]","[""+9118001202424""]","{""Facebook"": [""https://facebook.com/Chaayos""], ""Instagram"": [""https://instagram.com/chaayos""], ""X"": [""https://x.com/chaayos""]}",Coffee & tea,"Your one stop shop for all your Chai Cravings. Easy way to buy out Masala Tea, Instant Tea, Green Teas and Tea Gifts.",https://chaayos.com/cdn/shop/files/Chaayos_Logo_a41a4981-896a-411b-b663-c500726a842c.jpg?v=1679058333&width=4000,Delhi,2026-09-29T22:34:42.180113+00:00
30b7055b4f5c2e2a,https://www.rifeindia.com/,"[""sales@ergoshopping.com"", ""sales@rifeindia.com"", ""support@rifeindia.com""]","[""+85298226451"", ""+919811014571"", ""+919899250704""]",{},,"Rife Technologies provides smart lockers, charging carts, medical workstations, RFID inventory systems, AI vision solutions, monitor arms and workplace automation products for hospitals, schools, offices and industries.",https://www.rifeindia.com/cdn/shop/files/logo_b6db5eb3-e39c-43e0-a20e-a86248fcfc5e.png?v=1614307811&width=600,Delhi,2026-09-29T22:17:21.204978+00:00
5857e55e35fcef00,https://pluchi.com/,"[""care@pluchi.com""]","[""+918199950207"", ""+919667982323""]","{""Facebook"": [""https://facebook.com/PluchiStore""], ""Instagram"": [""https://instagram.com/pluchistore""], ""LinkedIn"": [""https://linkedin.com/company/pluchi-store""], ""YouTube"": [""https://youtube.com/channel/UC139HDUiopqvCMb30ipyPEA""]}",Home & living,"Pluchi Store: Online shopping sites for Home Decor, Baby &amp Kids Products, Fashion &amp; Accessories in India. Buy Throws, Dohars, Cushion Covers, Soft Toys, Baby Blankets, Ponchos with ✓Free Shipping on orders above Rs 1000 ✓Cash on delivery",https://pluchi.com/cdn/shop/files/512x254_copy_bigger_165x.png?v=1672737839,Delhi,2026-09-29T22:19:39.008432+00:00
76a09847da94b394,https://fashor.com/,"[""care@fashor.com""]","[""+919884222300""]","{""Facebook"": [""https://facebook.com/myfashor""], ""Instagram"": [""https://instagram.com/fashor_com""], ""YouTube"": [""https://youtube.com/channel/UCTFavVcS2dlsKyr-cag7pzg""]}",Apparel,"Fashor is your one-stop destination for the finest ethnic wear, offering a carefully curated collection of trendy kurtis, kurta sets, dresses, gowns, bottoms, Indo-western outfits, and occasion wear. With over 3000+ exclusive styles and new launches everyday, we showcase only the most unique and fashionable outfits.",https://fashor.com/cdn/shop/files/logo.svg?v=1702528391&width=600,,2026-09-29T22:21:53.170547+00:00
84dd0f607204d551,https://www.rivir.in/,"[""help@rivir.in"", ""info@rivir.in""]","[""+918700587160""]","{""Facebook"": [""https://facebook.com/rivirshoes""], ""Instagram"": [""https://instagram.com/rivirshoes""], ""X"": [""https://x.com/rivirshoes""], ""YouTube"": [""https://youtube.com/channel/UCjjl7cG-5fp9N6nHxR4rImg""]}",Footwear,"Footwear for your feet, Art for your heart | Rivir Shoes",https://www.rivir.in/cdn/shop/files/NewLogo_Color_R_150x.png?v=1613518313,Haryana,2026-09-29T22:32:48.391725+00:00
da9bfa9663143f6e,https://lawrenceandmayo.co.in/,"[""estore@lawrenceandmayo.co.in"", ""hoasstpna@lawrenceandmayo.co.in""]","[""+912222076049"", ""+919820393200""]","{""Facebook"": [""https://facebook.com/LawrenceandMayo""], ""Instagram"": [""https://instagram.com/lawrenceandmayo""], ""X"": [""https://x.com/LawrenceandMayo""]}",Watches & eyewear,"Buy Sunglasses & Frames for Men & Women, Contact Lenses at Lawrence and Mayo with Free shipping & Easy Returns.",https://lawrenceandmayo.co.in/cdn/shop/files/LM_logo_380x.png?v=1613707846,Maharashtra,2026-09-29T22:28:14.317255+00:00
621a66524e0d7c62,https://rodanotes.com/,"[""din@rodanotes.com"", ""hey@rodanotes.com""]","[""+918438332331""]","{""Instagram"": [""https://instagram.com/rodanotes""], ""X"": [""https://x.com/rodanotes.com""]}",Stationery & art,Essential stationery desk tools made for your workflow. Free shipping on all orders above ₹600 across India. Shop now.,https://rodanotes.com/cdn/shop/files/RODA_Logo.svg?v=1742364385&width=500,Tamil Nadu,2026-09-29T22:20:12.311443+00:00
82ab788279d954c7,https://www.silverlineelectronics.in/,"[""onlinesales@silverlineelectronics.in"", ""sales@silverlineelectronics.in""]","[""+917090939819""]","{""Facebook"": [""https://facebook.com/silverlieraspberrypi""], ""Instagram"": [""https://instagram.com/silverlineelectronics""]}",,India's only dedicated Raspberry Pi Distributor,https://www.silverlineelectronics.in/cdn/shop/files/Asset_1_9b41ec87-0282-4e2b-86f8-8197d9d3fcfc_2048x.png?v=1630922639,Karnataka,2026-09-29T22:22:39.314169+00:00
9ab90c643ef8484b,https://geishadesigns.com/,"[""info@geishadesigns.com"", ""paras@geishadesigns.com"", ""shop@geishadesigns.com""]","[""+611800960831"", ""+919315769074"", ""+919810396909""]","{""Facebook"": [""https://facebook.com/geishadesigns""], ""Instagram"": [""https://instagram.com/geishadesigns""]}",Apparel,"Shop Chic Ethnic Wear, Lehengas and Bridal Wear Online.",https://geishadesigns.com/cdn/shop/files/Geisha_Design_Logo-Paras_Shalini_BLACK_4f805d9c-e3aa-41fe-9868-b9d80d5b91b7_137x100.png?v=1750075386,Uttar Pradesh,2026-09-29T22:24:12.830754+00:00
b748e42671db4390,https://www.thepostbox.in/,"[""care@thepostbox.in"", ""corporate@thepostbox.in"", ""postusanemail@thepostbox.in""]","[""+919884502289""]","{""Facebook"": [""https://facebook.com/thepostbox.in""], ""Instagram"": [""https://instagram.com/thepostbox.in""], ""Pinterest"": [""https://pinterest.com/thepostbox""]}",Bags & travel,Timeless Products made with premium materials and the finest craftsmanship. Shop for a range of products from Laptop Bags to Wallets to Totes from India's most credible everyday essential brand.,https://www.thepostbox.in/cdn/shop/files/BLACK_TPB_LOGO.png?v=1614299354&width=460,Tamil Nadu,2026-09-29T22:26:17.474512+00:00
00701b43fa3b19b8,https://lafolie.in/,"[""hr@pbsgourmet.com"", ""info@lafolie.in"", ""info@pbsgourmet.com"", ""marketing@lafolie.in"", ""orders@lafolie.in""]","[""+919167762379"", ""+919372655279""]","{""Facebook"": [""https://facebook.com/LaFolieIndia""], ""Instagram"": [""https://instagram.com/chefsanjana"", ""https://instagram.com/lafolieindia""], ""X"": [""https://x.com/lafolieindia""]}",Food & nutrition,"Shop chocolates online from the range of bean to bar chocolates directly made from La Folie's chocolate factory in Mumbai. Buy artisanal chocolates, assorted chocolate boxes, chocolate bars, cookies, cakes, bread and chocolate gift hampers online",https://lafolie.in/cdn/shop/t/33/assets/logo.png?v=177478188087794355261756184514,Maharashtra,2026-09-29T22:35:34.118465+00:00
0b1ebe5139dc40d1,https://superbottoms.com/,"[""connect@superbottoms.com"", ""resolutions@superbottoms.com""]","[""+917977852646"", ""+919702314940""]","{""Facebook"": [""https://facebook.com/superbottoms""], ""Instagram"": [""https://instagram.com/superbottoms""], ""LinkedIn"": [""https://linkedin.com/company/superbottoms""], ""X"": [""https://x.com/Superbottoms""], ""YouTube"": [""https://youtube.com/@SuperbottomsClothDiapersIndia""]}",Baby & maternity,"Shop SuperBottoms for Reusable Cloth Diapers, Padded Underwear, Baby Essentials & more. Soft, sustainable & trusted by 20L+ Indian parents.",https://superbottoms.com/cdn/shop/files/Main-logo-dec_fe2c3657-79ca-4a37-9faf-aeb6c7732808_2.png?crop=center&height=79&v=1786170766&width=240,Maharashtra,2026-09-29T22:35:55.049997+00:00
111b5cb6764ad094,https://gemeriahair.in/,"[""care@gemeriahair.in"", ""info@gemeriahair.com""]","[""+919625707865""]","{""Facebook"": [""https://facebook.com/gemeriahair""], ""Instagram"": [""https://instagram.com/gemeriahair""], ""YouTube"": [""https://youtube.com/channel/UCchG-XFJFLm8u9c1hpGKxgQ""]}",Hair care,"Shop premium hair extensions at Gemeria Hair. Explore a wide range of clip-in extensions, wigs, toppers, and more for women, made from 100% real human hair.",https://gemeriahair.in/cdn/shop/files/website_logo.svg?v=1780555969&width=500,Uttar Pradesh,2026-09-29T22:48:29.008102+00:00
13f808bec21e818b,https://tripmachinecompany.com/,"[""mail@tripmachinecompany.com"", ""swati@tripmachinecompany.com""]","[""+919416869778"", ""+919560030305""]","{""Facebook"": [""https://facebook.com/tripmachinecompany""], ""Instagram"": [""https://instagram.com/tripmachineco""], ""YouTube"": [""https://youtube.com/@TripMachine""]}",,every inch of a trip machine company product is immaculately handcrafted for the love of motorcycling using the finest vegetable tanned leather.,https://tripmachinecompany.com/cdn/shop/files/Transparent_BG_White_Logo.png?v=1730803261&width=300,Haryana,2026-09-29T22:36:46.601762+00:00
24a7d0ae84f8485f,https://anjumodi.com/,"[""customercare@anjumodi.com""]","[""+918826448222"", ""+919315789463"", ""+919398089015""]","{""Facebook"": [""https://facebook.com/Anjumodiclothing""], ""Instagram"": [""https://instagram.com/anjumodi""], ""YouTube"": [""https://youtube.com/channel/UCY_qFwgtQyYWFGMi1YSp0Yw""]}",Apparel,,https://anjumodi.com/cdn/shop/files/anjumodi-logo_d45df1bd-6554-4580-8995-4fa1fd2cd5ed.png?v=1614732077,Delhi,2026-09-29T22:37:28.328755+00:00
2aaf2510daecd6ba,https://fausto.in/,"[""support@fausto.in""]","[""+911141132777"", ""+919625703614""]","{""Facebook"": [""https://facebook.com/people/Fausto-Online/100088909885910""], ""Instagram"": [""https://instagram.com/fausto_online""], ""X"": [""https://x.com/FaustoOnline""], ""YouTube"": [""https://youtube.com/channel/UC7h7xRTtpcE0bs38_itK5uQ""]}",Footwear,"Shop our incredible range of affordable footwear for both men and women. With the best styles delivered to your door, you’ll be thrilled by the price!",https://fausto.in/cdn/shop/files/Fausto-logo_1_2a487d0d-b76b-4460-ae4c-b688297d4af5.png?height=45&v=1723204282,Uttar Pradesh,2026-09-29T22:37:45.717395+00:00
34c367eaece3cd72,https://99bookscart.com/,"[""crwalapi@gmail.com"", ""info@99bookscart.com""]","[""+918660813817"", ""+919019158183""]","{""Facebook"": [""https://facebook.com/99bookscart""], ""Instagram"": [""https://instagram.com/99bookscart""], ""YouTube"": [""https://youtube.com/@99bookscart""]}",,,https://99bookscart.com/cdn/shop/files/99bookscart.avif?v=1763491352&width=500,Karnataka,2026-09-29T22:38:07.349933+00:00
3b2ffa9d3a90120e,https://www.crazybulk.in/,"[""care@crazybulk.in""]","[""+911246790440""]","{""Facebook"": [""https://facebook.com/crazybulkofficial""], ""Instagram"": [""https://instagram.com/ajayspaul07"", ""https://instagram.com/andrewengland88"", ""https://instagram.com/bharat_raj_official"", ""https://instagram.com/burakanpalta"", ""https://instagram.com/claireaves_ifbb_figure_pro"", ""https://instagram.com/crazybulk"", ""https://instagram.com/dannilevyfit"", ""https://instagram.com/gennabell_fit"", ""https://instagram.com/iampraveenpurena"", ""https://instagram.com/joselindasilva"", ""https://instagram.com/karishma_parker"", ""https://instagram.com/kevinpoolefitness"", ""https://instagram.com/liammcaleese"", ""https://instagram.com/missgemlj"", ""https://instagram.com/mouyiefitness"", ""https://instagram.com/nandiniraj63"", ""https://instagram.com/nelsonlopespt"", ""https://instagram.com/nevedhxetquar"", ""https://instagram.com/nicole_toan"", ""https://instagram.com/ozzyedelman"", ""https://instagram.com/prateekjain_lovemachine"", ""https://instagram.com/sanjay7513"", ""https://instagram.com/shredded_jagadish"", ""https://instagram.com/theayanrc"", ""https://instagram.com/thetushar_""], ""X"": [""https://x.com/crazy_bulk""]}",,,,Haryana,2026-09-29T22:38:16.366642+00:00
42970abc4710193d,https://fitday.in/,"[""care@fitday.in"", ""mourya@fitday.in""]","[""+918790540023"", ""+919989109090""]","{""Facebook"": [""https://facebook.com/FitdayIndia""], ""Instagram"": [""https://instagram.com/fitday.india""]}",,,https://fitday.in/cdn/shop/files/Fitday-Logo-Final-removebg-preview_115x.png?v=1722595062,Telangana,2026-09-29T22:38:37.059038+00:00
6617d6fba36eae85,https://haroldelectricals.com/,"[""abhishek@haroldelectricals.com"", ""accounts@haroldelectricals.com"", ""haroldelectricals@gmail.com"", ""logistics@haroldelectricals.com"", ""support@haroldelectricals.com"", ""support@haroldelectricalss.com""]","[""+12706122277"", ""+917827716672"", ""+917982372039"", ""+918826097894"", ""+919289911975"", ""+919971772611"", ""+919999254544""]","{""Facebook"": [""https://facebook.com/haroldElectronics""], ""Instagram"": [""https://instagram.com/harold.electricals""]}",Home & living,"One stop shop for all your lighting and home decore needs. We deal in ceiling lights for false ceiling, hanging lights, chandeliers, outdoor LED wall lights, flood lights etc. Checkout our latest range for living room ceiling lights, hallway lights, decorative and fancy lights for home. 2 Year on site warranty.",https://haroldelectricals.com/cdn/shop/files/harold_logo_200px_150x.png?v=1738179680,Delhi,2026-09-29T22:49:12.607372+00:00
6e1872f908a20833,https://pureandsure.in/,"[""care@pureandsure.in"", ""info@pureandsure.in""]","[""+9118001210369"", ""+919513918410""]","{""Facebook"": [""https://facebook.com/pureandsure.in""], ""Instagram"": [""https://instagram.com/pureandsure.in""]}",Food & nutrition,"Buy 100% Certified Organic Indian products online. Pure & Sure offers healthy, eco-friendly food from trusted organic farms across India.",https://pureandsure.in/cdn/shop/files/P_S_logo-01-01.png?v=1721213879,Karnataka,2026-09-29T22:40:34.916565+00:00
7f55f200374d9e35,https://chicnutrix.com/,"[""connect@chicnutrix.com"", ""connect@chicnutrix.com.in""]","[""+917208995969"", ""+918657549138""]","{""Facebook"": [""https://facebook.com/Chicnutrixindia""], ""Instagram"": [""https://instagram.com/chicnutrix""], ""X"": [""https://x.com/chicnutrix""], ""YouTube"": [""https://youtube.com/channel/UC-zhimxph-BNmQYWlBAwwkg""]}",Food & nutrition,Innovative nutrition supplements company to bring world class supplements to India to lead an active lifestyle. Trusted by millions for everyday nutrition goals.,https://chicnutrix.com/cdn/shop/files/horizontalLogo.png?v=1786612765&width=600,Maharashtra,2026-09-29T22:41:15.648834+00:00
92fb13afb985bb6e,https://golchhait.com/,"[""git@golchhait.com""]","[""+918041146173"", ""+919845048112""]","{""Facebook"": [""https://facebook.com/GolchhaComputers""], ""Instagram"": [""https://instagram.com/golchhait""], ""X"": [""https://x.com/GolchhaIT""], ""YouTube"": [""https://youtube.com/channel/UCKg6LuMb0wbLeiyoqLQrYBA""]}",Electronics,IT | Pro Audio | Pro Video | Logitech & Rode Official Partner,https://golchhait.com/cdn/shop/files/Asset_2.png?v=1770474339&width=240,Karnataka,2026-09-29T22:42:22.905659+00:00
ac49f3dda6a65472,https://thelagaadi.com/,"[""care@thelagaadi.com""]","[""+919116665818""]","{""Facebook"": [""https://facebook.com/thelagaadi""], ""Instagram"": [""https://instagram.com/thelagaadi""], ""X"": [""https://x.com/ThelaGaadi""]}",,"Welcome to Thela Gaadi – your destination for unique and thoughtfully crafted socks, handkerchiefs, eye masks, tote bags, and gift boxes. Discover high-quality, stylish essentials designed to add a touch of charm to everyday life and make perfect gifts for any occasion.",https://thelagaadi.com/cdn/shop/files/Thelagaadi_High_Resolution_Logo.png?v=1686551890&width=280,Rajasthan,2026-09-29T22:43:43.353241+00:00
af3b20b413d2ebff,https://purenutrition.in/,"[""anjali@purenutrition.me"", ""customercare@purenutrition.me"", ""orders@purenutrition.me""]","[""+9118001209882"", ""+918850813323"", ""+918976020310"", ""+919820798784""]","{""Facebook"": [""https://facebook.com/purenutritionindia""], ""Instagram"": [""https://instagram.com/purenutrition_in""], ""X"": [""https://x.com/PureNutritionMe""], ""YouTube"": [""https://youtube.com/channel/UC6J90GWNvR3DewlM0X6oAcQ""]}",Food & nutrition,"Shop for herbs product such as weight management , joint health ,immune support , fitness supplements. These products are 100% natural and cruelty free.",https://purenutrition.in/cdn/shop/files/PN_Natural_treasures_logo.webp?v=1754976988&width=600,Maharashtra,2026-09-29T22:43:52.265376+00:00
b22a52cc6735e50d,https://artoftimeindia.com/,"[""clientrelations@artoftimeindia.com""]","[""+912226426241"", ""+912226433696"", ""+919773233333""]","{""Facebook"": [""https://facebook.com/artoftimeindia""], ""Instagram"": [""https://instagram.com/artoftimeindia""], ""X"": [""https://x.com/artoftime_india""], ""YouTube"": [""https://youtube.com/channel/UC6RXvPwIcjT7RHlrCZZDwxg""]}",Watches & eyewear,"Shop your favourite luxury watches from the comfort of your home | Official retailer for Cartier, IWC Schaffhausen, Panerai, Jaeger-LeCoultre, Roger Dubuis, Montblanc, Breguet, Blancpain, Omega, Breitling, HYT, Bell & Ross | 100% authentic & original product which come along with manufacturer's warranty",https://artoftimeindia.com/cdn/shop/files/AOT_logo1200x628_6e5a907c-3a03-4487-afdb-a5b6d6710b1e_135x.png?v=1614369135,Maharashtra,2026-09-29T22:44:09.411119+00:00
d2c8ed873edb94f0,https://goodricketea.com/,"[""feedback@goodricke.com""]","[""+919073601144"", ""+919326516075""]","{""Facebook"": [""https://facebook.com/Goodricke""], ""Instagram"": [""https://instagram.com/goodricketea""], ""X"": [""https://x.com/goodricketea""], ""YouTube"": [""https://youtube.com/user/GoodrickeTeas""]}",Coffee & tea,"Explore the best quality teas by Goodricke. Order now the exclusive Indian teas from tea gardens. Shop now from the widest variety of high quality exclusive teas like Darjeeling tea, Assam tea, single estate tea, Green Tea, white tea, flush tea, moonlight tea, Oolong Tea, summer flush tea, spring flush tea, Black tea,",https://goodricketea.com/cdn/shop/files/logo_190x.webp?v=1654594967,West Bengal,2026-09-29T22:45:26.900254+00:00
ee60a3ed4414b62b,https://aaranyaa.in/,"[""vikram@vedic-natural.com""]","[""+919910388586""]","{""Facebook"": [""https://facebook.com/AaranyaaSkinCare""], ""Instagram"": [""https://instagram.com/aaranyaa_""], ""YouTube"": [""https://youtube.com/channel/UCOdlTNnvNQcRQFZIBMTVbUg""]}",Hair care,"Aaranyaa offers Ayurvedic skincare and haircare products, specially formulated with natural botanicals and authentic Ayurvedic extracts for the best results.",https://aaranyaa.in/cdn/shop/files/Aaranyaa-logo-02_80x.png?v=1744363664,Uttar Pradesh,2026-09-29T22:50:55.922213+00:00
fa80928bb845ef68,https://snackible.com/,"[""munch@snackible.com""]","[""+919920335511""]","{""Facebook"": [""https://facebook.com/snackible""], ""Instagram"": [""https://instagram.com/greenredaj"", ""https://instagram.com/snackible""], ""LinkedIn"": [""https://linkedin.com/company/snackible""], ""X"": [""https://x.com/snackible""], ""YouTube"": [""https://youtube.com/channel/UCLANQUYMTrbS5KWh1KAzO-w""]}",Food & nutrition,"Snackible is a healthy snacks company bidding to revolutionise the snacking industry, by delivering unique, healthy, and tasty snacks, anywhere in India!",https://snackible.com/cdn/shop/files/Snackible_green-transparent_bg_1_1ddd120b-e52a-4933-bb3e-5fc29df6ee49.png?v=1660713185&width=1080,Maharashtra,2026-09-29T22:47:45.018200+00:00
042194ef5b6a1964,https://bumsonthesaddle.com/,"[""escalations@bumsonthesaddle.com"", ""support@bumsonthesaddle.com""]","[""+918047183232""]",{},,"India's Largest Online Store for fully built bicycles, apparel, spares and accessories. High-quality parts for MTB, Road, City & Touring bikes. Massive Selection, Best Prices, Easy Returns, Cash On Delivery and Expert Rider Support.",https://bumsonthesaddle.com/cdn/shop/files/logo.png?v=1613522993&width=600,Karnataka,2026-09-29T22:35:32.069879+00:00
70866a77b1b0282b,https://onlineprasad.com/,"[""admin@onlineprasad.com"", ""contact@onlineprasad.com"", ""customerservice@onlineprasad.com"", ""gm@onlineprasad.com""]",[],"{""Facebook"": [""https://facebook.com/onlineprasad""], ""X"": [""https://x.com/onlineprasad""]}",,"OnlinePrasad.com connects you to your faith. We offer & home deliver prasad from 50+ temples. We also deliver authentic items such as Rudraksha, yantras, etc",https://onlineprasad.com/cdn/shop/t/5/assets/logo.png?v=148466450613129238331757414827,West Bengal,2026-09-29T22:49:34.940927+00:00
04ceb64a4e92c02e,https://www.shivanandnarresh.com/,"[""contact@shivanandnarresh.com"", ""customercare@shivanandnarresh.com""]","[""+919810234629"", ""+919810237715"", ""+919810277844"", ""+919820003419"", ""+919958966488""]","{""Facebook"": [""https://facebook.com/shivanandnarresh""], ""Instagram"": [""https://instagram.com/shivanandnarresh""]}",Home & living,"Discover the world of SHIVAN & NARRESH with the finest holiday wear for women & men in masterful cuts, unrivalled prints & luxurious details for momentous getaways. From swim, resort, cruise, safari to ski - experience the Art of Holidays!",https://www.shivanandnarresh.com/cdn/shop/files/SN_logo.png?v=1701342794&width=320,Haryana,2026-09-29T22:35:34.118465+00:00
067de43ba1dc60ee,https://www.rosemoore.co.in/,"[""customercare@rosemoore.co.in"", ""info@rosemoore.co.in"", ""support@rosemoore.co.in""]","[""+911244889988"", ""+919899868608""]","{""Facebook"": [""https://facebook.com/Rosemoorehomefragrances""], ""Instagram"": [""https://instagram.com/rosemooreindia""], ""X"": [""https://x.com/rosemooreindia""]}",Beauty & fragrance,"Official Rosemoore Home fragrance Brand In India - Rosemoore, established in 2007, is an English Home Fragrance brand and has been hugely successful across the UK and Europe and is now becoming a brand of choice in India as well. It was brought into India by Renaissance Creations Pvt. Ltd.",https://www.rosemoore.co.in/cdn/shop/files/new_65x.png?v=1689419146,Haryana,2026-09-29T22:35:32.067572+00:00
06a3b1018ca410d7,https://www.sweedesi.com/,"[""support@sweedesi.com""]","[""+917272848989""]","{""Facebook"": [""https://facebook.com/SweetsfromOrigin""], ""Instagram"": [""https://instagram.com/sweedesi.india""], ""X"": [""https://x.com/Sweedesi1""], ""YouTube"": [""https://youtube.com/channel/UC7Hg7u4xBNMVMhSU8lLHcBg""]}",,"Shop authentic Indian sweets & festive hampers online at SweeDesi. Enjoy Jaipur Ghewar, Pyaz Kachori, Agra Petha & Dalmoth, Mathura Peda, exclusive Laddus, Indori Namkeen, Bakarwadi & Orange Barfi—delivered fresh from origin to your doorstep with express shipping. Perfect for every celebration.",https://www.sweedesi.com/cdn/shop/files/SweeDesi_100x.png?v=1736249988,Rajasthan,2026-09-29T22:35:34.118465+00:00
096470592e9fab92,https://friendsdiaper.in/,"[""carrers@nobelhygiene.com"", ""help@nobelhygiene.com"", ""kamal.johari@nobelhygiene.com"", ""kartik.johari@nobelhygiene.com"", ""pragun.dogra@nobelhygiene.com"", ""vishal.m@nobelhygiene.com""]","[""+9118002660640"", ""+912269114400"", ""+917738067980"", ""+919136912968""]","{""Facebook"": [""https://facebook.com/FriendsDiaper""], ""Instagram"": [""https://instagram.com/friendsadultdiaper""], ""X"": [""https://x.com/FriendsDiaper""], ""YouTube"": [""https://youtube.com/channel/UCaYS8ohGcklLnmTa6yVoq4g""]}",Baby & maternity,Friends Diapers are the best adult diapers for men and women who are looking for a premium quality adult diaper to manage their incontinence. Buy your adult diaper now!,https://cdn.shopify.com/s/files/1/0256/0861/8029/files/Friends-logo_144x.png?v=1587724647,Maharashtra,2026-09-29T22:35:37.115860+00:00
0c25fe502fa0e17e,https://themortalsoul.com/,"[""support@themortalsoul.com""]","[""+917494971431""]","{""Facebook"": [""https://facebook.com/themortalsoul""], ""Instagram"": [""https://instagram.com/themortalsoulofficial""]}",,"Buy Paintings Online - Explore our online collection of best quality wall art and hand paintings. Our collection includes Boho Art, Canvas Paintings, Abstract Paintings, Music Album Posters, Movie Posters and more.",https://themortalsoul.com/cdn/shop/files/The_Mortal_Soul_Logo_ea4ae658-5acb-4293-9802-690a4772a818.png?v=1657631007&width=600,Delhi,2026-09-29T22:48:34.197428+00:00
0c28cabc298482e2,https://www.satratraders.co.in/,"[""support@satratraders.co.in""]","[""+918291589912"", ""+919372756432""]","{""Facebook"": [""https://facebook.com/satra.traders""], ""Instagram"": [""https://instagram.com/satra.traders""], ""YouTube"": [""https://youtube.com/channel/UC1UJM2ZqoTXm0YrOYaN5R9Q""]}",Jewellery,"Find high-quality jewelry making supplies at wholesale prices at Satra Traders. We offer a wide variety of beads, charms, findings, and more. Fast shipping & excellent customer service.",https://www.satratraders.co.in/cdn/shop/files/logo_200x.webp?v=1744447855,Maharashtra,2026-09-29T22:36:03.507395+00:00
0ccf9e06f2be4329,https://merchantmarine.co.in/,"[""shalini@powermarine.in"", ""support@merchantmarine.co.in"", ""vimal@powermarine.in""]","[""+919342247896""]",{},,,https://merchantmarine.co.in/cdn/shop/files/Untitled_design_60_e89a1dc7-f144-40b8-9bbe-606f074453ee.png?v=1745798396,Karnataka,2026-09-29T22:36:05.322823+00:00
0d728ffb5d4bf693,https://www.voganow.com/,"[""director@voganow.com"", ""logistics@voganow.com"", ""marketing@voganow.com"", ""sales@voganow.com""]","[""+918031338219"", ""+918699007809"", ""+918699007874""]","{""Facebook"": [""https://facebook.com/voganowstore""], ""Instagram"": [""https://instagram.com/brunexbareskin""], ""X"": [""https://x.com/voganow""], ""YouTube"": [""https://youtube.com/channel/UCPTx3y4R1Dx0UJetNwrvCBA""]}",,"Experience luxury with leather at Voganow. Explore pure leather jackets, shoes, wallets, belts, bags, mobile cover & more. Personalize your products. Order now!",https://www.voganow.com/cdn/shop/files/voga-now.png?v=1662621978&width=600,Punjab,2026-09-29T22:36:05.478384+00:00
11c7c899724fd422,https://www.dheu.in/,"[""dheu.in/dheuonline@gmail.com"", ""dheuonline@gmail.com"", ""info@dheu.in""]","[""+918420031006""]","{""Facebook"": [""https://facebook.com/dheucalcutta""], ""Instagram"": [""https://instagram.com/dheu_calcutta""], ""X"": [""https://x.com/dheu_calcutta""], ""YouTube"": [""https://youtube.com/channel/UClWAykQyVaf7LzJrEhGOgFw""]}",Apparel,"Boutique Dheu: The best Ethnic Boutique in Kolkata and online destination for Couple collection, Handcrafted saree, Silk saree, Jewellery and more. Top Designer & Bengali Fashion Boutique! Best Punjabi Dhuti Store in Kolkata, Wedding Dhoti Kurta for Men",https://www.dheu.in/cdn/shop/files/DHEU_PUJA_LOGO_1_90x.jpg?v=1789534461,West Bengal,2026-09-29T22:36:25.028266+00:00
12229b00fbe72039,https://bigflex.in/,"[""admin@bigflex.in"", ""info@bigflex.in"", ""support@bigflex.in""]","[""+919819111876""]","{""Facebook"": [""https://facebook.com/bigflexindia""], ""Instagram"": [""https://instagram.com/bigflex.in""]}",Health & wellness,BigFlex Lifescience Pvt Ltd,https://bigflex.in/cdn/shop/files/big-flex-logo.png?height=50&v=1688208276,Maharashtra,2026-09-29T22:36:25.064668+00:00
12a0cf536b0b91ee,https://freakins.com/,"[""business@freakins.com"", ""support@freakins.com"", ""wecare@freakins.com""]",[],{},,,https://freakins.com/cdn/shop/files/f_-_evolved_Black.png?height=35&v=1782466818,Gujarat,2026-09-29T22:36:25.058633+00:00
15247a3ed655db86,https://www.novanova.in/,"[""nidhi@briohospitality.com"", ""reach@novanova.in"", ""satish@briohospitality.com""]","[""+918433633273""]","{""Facebook"": [""https://facebook.com/itsnovanova""], ""Instagram"": [""https://instagram.com/itsnovanova""]}",Food & nutrition,"As Nova Nova, we make absolutely sure that our commitment to quality never wavers and that we are constantly seeking out the things that make food exciting. We’ve loved everything we’ve discovered this far, so why stop looking?",https://www.novanova.in/cdn/shop/files/nn-logo-straight-tr_b24cf1a8-e389-41cb-a715-4b9fcca72785.png?v=1779261411&width=180,Maharashtra,2026-09-29T22:36:44.686665+00:00
171467a30bba27a0,https://lilgoodness.com/,"[""support@lilgoodness.com""]","[""+918971958284""]","{""Facebook"": [""https://facebook.com/lilgoodnessofficial""], ""Instagram"": [""https://instagram.com/lilgoodnessofficial""], ""LinkedIn"": [""https://linkedin.com/in/damanbir-singh-a0807715"", ""https://linkedin.com/in/harsha1985""], ""X"": [""https://x.com/LilGoodnesslive""]}",,,https://lilgoodness.com/cdn/shop/files/New_Logo_130x.png?v=1678164481,Karnataka,2026-09-29T22:36:48.890554+00:00
18664112b3ba98e0,https://thebetterhome.com/,"[""compliance@thebetterhome.com"", ""hello@thebetterhome.com"", ""support@globalbees.com""]","[""+919266496660"", ""+919625740740""]","{""Facebook"": [""https://facebook.com/makeitthebetterhome""], ""Instagram"": [""https://instagram.com/thebetter.home""], ""X"": [""https://x.com/the_betterhome""], ""YouTube"": [""https://youtube.com/channel/UCBfCRw_ucvV4dMmgf6_8-IQ""]}",Home & living,"Discover high-quality home essentials, kitchenware, and on-trend decor at TheBetterHome.com. Shop functional, stylish products for every room – upgrade your space today! Enjoy fast shipping with trust – Shop Now!",https://thebetterhome.com/cdn/shop/files/Layer_2_a6a44dc2-d9c8-4f3b-a7d6-d940f8993ac4.svg?v=1724931695&width=600,,2026-09-29T22:37:01.143337+00:00
1ce3bed7771c6ebf,https://tasarika.in/,"[""shoptasarika@gmail.com""]","[""+919313971308""]","{""Facebook"": [""https://facebook.com/people/Tasarika-Couture/61585201060555""], ""Instagram"": [""https://instagram.com/tasarika_couture""], ""YouTube"": [""https://youtube.com/@tasarika_couture""]}",Apparel,Cadiant Shopify Template with multiple layouts and styles allows you to create different structures and satisfies any specific requirements for different kinds of business.,https://tasarika.in/cdn/shop/files/Rectangle_68_1-removebg-preview.png?v=1768996818&width=240,Gujarat,2026-09-29T22:37:11.652550+00:00
1e65a8865d42164f,https://flyo.shoes/,"[""customercare@flyo.shoes"", ""lakhanivardaangroup@gmail.com""]","[""+911294032572""]","{""Facebook"": [""https://facebook.com/flyoshoes""], ""Instagram"": [""https://instagram.com/flyoshoes""]}",Footwear,"Explore shoes online for men, women, and kids at FLYO. Shop casual, sports, formal, adventure and school styles with shipping across India.",https://flyo.shoes/cdn/shop/files/flyo_logo.png?v=1732182462&width=140,Haryana,2026-09-29T22:37:15.502439+00:00
212dedd88577df91,https://faithandpatience.co.in/,"[""faithpatience.willdo@gmail.com"", ""hello@faithandpatience.co.in""]","[""+917852855002"", ""+919983111400""]","{""Facebook"": [""https://facebook.com/faithandpatience.shop"", ""https://facebook.com/meeoowclub""], ""Instagram"": [""https://instagram.com/dr.fundamental_skin_lab"", ""https://instagram.com/faith_patience_beauty"", ""https://instagram.com/meeoow_club""], ""LinkedIn"": [""https://linkedin.com/company/faith-and-patience""], ""YouTube"": [""https://youtube.com/@MeeoowClub"", ""https://youtube.com/@faithpatience2437""]}",Skincare,"Makeup that breathes, waxing that doesn’t hurt, skincare that heals — Faith & Patience is India’s first beauty house for real Indian skin. Powered by Faith & Patience Beauty, Meeoow Club, and Dr. Fundamental — we create gentle, effective beauty that truly cares.",https://faithandpatience.co.in/cdn/shop/files/F_P_Logo_1.png?v=1755161339,Rajasthan,2026-09-29T22:37:17.500411+00:00
22b5fc70e19b797e,https://www.littlebird.in/,"[""contact@littlebird.in""]","[""+911140846271""]","{""Instagram"": [""https://instagram.com/littlebirdindia""]}",Home & living,"LittleBird strives to provide high-quality baby products that cater to the modern family, from cribs and bedding to playtime & beyond. Discover our range of baby products today!",https://www.littlebird.in/cdn/shop/files/Logo_Littlebird-01.png?v=1630749413&width=1681,Delhi,2026-09-29T22:37:20.102780+00:00
291aa37eb5c4c241,https://www.fabunora.com/,"[""support@fabunora.com""]","[""+916378328677""]","{""Facebook"": [""https://facebook.com/fabunora""], ""Instagram"": [""https://instagram.com/fabunora.com_""], ""Pinterest"": [""https://pinterest.com/homefeed""]}",Gifts & personalization,"Fabunora is the Leading Online Gifting Store in India to make customized gift shopping for any occasion easy that is unique, personalized and thoughtful. Gift an emotion and capture the most beautiful memories of your life. Your loved ones definitely deserve to be showered in love with surprises as fine as ours.",https://cdn.shopify.com/s/files/1/0530/5909/2670/files/Untitled_design-removebg_170x.png?v=1661833708,Rajasthan,2026-09-29T22:37:41.374787+00:00
298e035867efcb19,https://lamansh.in/,"[""arunjain6050@gmail.com"", ""care@lamansh.in""]","[""+917726912365"", ""+918302548251"", ""+918619550223""]","{""Facebook"": [""https://facebook.com/shopatlamansh.in""], ""Instagram"": [""https://instagram.com/lamansh.in"", ""https://instagram.com/lamansh_in"", ""https://instagram.com/trunkdot.in_""], ""YouTube"": [""https://youtube.com/channel/UCH_SyxTWE9H3w1cBUgJ5hBA""]}",Jewellery,"Brand of Artificial Floral & Shells Jewellery for Haldi , Mehendi & Baby Shower Festive & Wedding Event Decoration for Indian Weddings Return & Welcome Gifts for Guests Plus many more collections are available Shop Best quality Wedding Giveaways & Return Gifts for bridesmaid",https://lamansh.in/cdn/shop/files/1610478096037_3d860207-fbcc-406f-8bbe-87ba0394d868_250x_2x_1_380x.png?v=1738616903,Rajasthan,2026-09-29T22:37:39.241916+00:00
2a33d7d67c5b04e3,https://kronokare.com/,"[""corporate@kronokare.com"", ""hotel@kronokare.com"", ""info@kronokare.com"", ""retail@kronokare.com"", ""shop@kronokare.com""]","[""+911140197191"", ""+917701884364"", ""+918800260747""]","{""Facebook"": [""https://facebook.com/KronokareCosmetics""], ""Instagram"": [""https://instagram.com/kronokare""], ""YouTube"": [""https://youtube.com/@kronokareshop""]}",Skincare,"Borne of an Indo-French heritage, Kronokare offers easy and multi-purpose skin care which are fast-working and deliver long-lasting results.",https://kronokare.com/cdn/shop/files/www.kronokare.com.png?v=1764221132&width=220,Delhi,2026-09-29T22:37:37.226811+00:00
2aab5aa18deb28cd,https://www.sonalfashion.com/,"[""sonalfashionjewelry@gmail.com""]","[""+919677259007"", ""+919940069595""]","{""Facebook"": [""https://facebook.com/sonalfashionjewelery""], ""Instagram"": [""https://instagram.com/sonalfashion""], ""X"": [""https://x.com/sonaljewelry""]}",Jewellery,"With an unending list of Fashion jewellery and Silver jewellery every day we create pieces that define the spirit of beautiful you and this is the reason why buying our imitation jewellery in chennai is unlike anything else. See you on the other side,with our best imitation & fashion jewellery in chennai.",https://www.sonalfashion.com/cdn/shop/t/8/assets/logo_sonal.png?v=76146734864459224091590173277,Tamil Nadu,2026-09-29T22:37:41.375927+00:00
2d2c9ac178baf69a,https://www.indianartvilla.in/,"[""care1@indianartvilla.in""]","[""+918094254611""]","{""Facebook"": [""https://facebook.com/indianartvilla""], ""Instagram"": [""https://instagram.com/indianartvilla""], ""X"": [""https://x.com/indianartvilla""], ""YouTube"": [""https://youtube.com/c/IndianArtVilla""]}",Home & living,"Buy pure copper & brass utensils online from India's leading manufacturer. 10 lakh+ customers, handcrafted in India. Shop drinkware, cookware & gifting.",https://www.indianartvilla.in/cdn/shop/files/bold_logo_png_1_5fb1d908-d349-401b-9ccf-d10de93b5c5b_150x.png?v=1757072080,Rajasthan,2026-09-29T22:37:53.878427+00:00
327619678452077d,https://bombucha.in/,"[""connect@bombucha.in""]","[""+917400081781"", ""+917982750081""]","{""Facebook"": [""https://facebook.com/bombucha.in""], ""Instagram"": [""https://instagram.com/bombucha.in""], ""YouTube"": [""https://youtube.com/channel/UCmWW6qHVIz6nq1k6fI3MK2A""]}",,"Kombucha made in Bombay - Bombucha. Shop Bombucha’s handcrafted fermented foods & kombuchas made with real ingredients. Naturally probiotic, gut-friendly, and full of flavor.",https://bombucha.in/cdn/shop/files/logo_3970f66f-bd73-40ae-8a48-e8cb6ab01a2f.png?v=1703264950&width=600,Maharashtra,2026-09-29T22:48:41.634407+00:00
3481c388564dbcec,https://pashtush.in/,"[""care@pashtush.com"", ""info@pashtush.com"", ""info@pashtush.in"", ""pranav@ntshawls.com"", ""wholesale@pashtush.com""]","[""+917719621780"", ""+919877792618""]","{""Facebook"": [""https://facebook.com/pashtush""], ""Instagram"": [""https://instagram.com/pashtush""]}",,"Shop For Pashmina Shawls for Women. Mens Shawls. Worldwide delivery. Merino Wool-Shawls, Stoles Scarfs, Kashmiri Embroidery Shawls & Mens Lohis. Handmade Shawls & Natural Fibre.",https://pashtush.in/cdn/shop/files/pashtush_logo_2_copy-_black_0e1d7170-7781-4ee6-8c17-de8d797c351a.png?v=1759213481&width=300,Punjab,2026-09-29T22:38:06.431742+00:00
38a903a8b4eab55e,https://ojolife.in/,[],"[""+918588883355"", ""+919811070605""]","{""Facebook"": [""https://facebook.com/ojolife.in""], ""Instagram"": [""https://instagram.com/ojolifestyle""]}",,Order healthy food online with OJO Life & get it delivered to your doorstep. Reach your weight loss and health goals with diet meal plans curated by expert nutritionists.,https://ojolife.in/cdn/shop/files/Ojo_Logo_1.svg?v=1728927853,Delhi,2026-09-29T22:38:13.836824+00:00
3bbddbd63646c4db,https://cartrends.in/,"[""support@cartrends.net""]","[""+918044475952"", ""+918851035733""]","{""Facebook"": [""https://facebook.com/cartrends.in""], ""Instagram"": [""https://instagram.com/cartrendsspareparts""], ""LinkedIn"": [""https://linkedin.com/company/cartrends""], ""YouTube"": [""https://youtube.com/@cartrends-V""]}",,"#1 Online Source for Genuine, OE, & OEM Replacement Car Spare Parts. We support all car brands, including Audi, BMW, Chevrolet, Skoda, Ford, Maruti Suzuki, Hyundai, Nissan, Toyota, Volkswagen, and others.",,Rajasthan,2026-09-29T22:38:17.467581+00:00
3c6c996185709e58,https://www.moarmouz.com/,"[""dpo@moarmouz.com"", ""info@moarmouz.com"", ""support@moarmouz.com""]","[""+911204540911"", ""+919911139555""]","{""Facebook"": [""https://facebook.com/moarmouz""], ""Instagram"": [""https://instagram.com/shopmoarmouz""], ""LinkedIn"": [""https://linkedin.com/company/moarmouz""], ""X"": [""https://x.com/moarmouz""], ""YouTube"": [""https://youtube.com/@Moarmouz"", ""https://youtube.com/c/Moarmouz""]}",Phone accessories,"Premium accessories for MacBook, iPad & iPhone — hardshell cases, screen protectors, sleeves & USB-C essentials. Free shipping across India.",https://www.moarmouz.com/cdn/shop/files/MOARMOUZ_updated_logo_0bafc19c-0c71-471a-bb29-64ddec638a9f.svg?v=1779109999&width=1200,Delhi,2026-09-29T22:38:23.869403+00:00
3d5ba2f6c189947f,https://consciouschemist.com/,"[""consciouschemistsocial@gmail.com"", ""hello@consciouschemist.com""]","[""+918929934984"", ""+919319595771""]","{""Facebook"": [""https://facebook.com/consciouschemistindia""], ""Instagram"": [""https://instagram.com/consciouschemistindia""], ""X"": [""https://x.com/ccofficialindia""], ""YouTube"": [""https://youtube.com/@consciouschemistindia""]}",Skincare,"Trusted by thousands & featured on Shark Tank India, Conscious Chemist brings you highly effective skincare. Backed by science, loved by your skin. Shop now!",https://consciouschemist.com/cdn/shop/files/logo-conscious-chemist_3.png?v=1781163595&width=146,Delhi,2026-09-29T22:38:29.430364+00:00
453b1b8d31993512,https://ninobambino.in/,"[""contact@ninobambino.in"", ""kms@ninobambino.in""]","[""+919643358698""]","{""Facebook"": [""https://facebook.com/ninobambinoindia""], ""Instagram"": [""https://instagram.com/ninobambino.in""], ""X"": [""https://x.com/Ninobambino_IND""]}",Apparel,"Buy organic cotton baby and kids clothes (up to 5 years) online in India. Find soft, safe rompers, bodysuits, dresses, pajamas & more for preemies & newborns",https://ninobambino.in/cdn/shop/files/LOGO_PNG_FILE_250x.png?v=1702903606,Uttar Pradesh,2026-09-29T22:38:43.218772+00:00
45e17afdc2a1a5ae,https://www.boldfit.com/,[],"[""+917022398012"", ""+918043702806"", ""+919187201763""]","{""Instagram"": [""https://instagram.com/boldfit_official""], ""X"": [""https://x.com/Boldfit_India""], ""YouTube"": [""https://youtube.com/@boldfitofficial""]}",Apparel,We've got all thee sports you need,https://www.boldfit.com/cdn/shop/files/Untitled_design_2_31798a3e-cf3c-4079-87ad-42fe4e501387.png?v=1761127731&width=60,Karnataka,2026-09-29T22:38:54.784059+00:00
47640d0357772bb9,https://organiko.in/,"[""organikobl@organiko.in""]","[""+918779790568"", ""+919354882274""]","{""Facebook"": [""https://facebook.com/Organikobeautifyinglife""], ""Instagram"": [""https://instagram.com/tryorganiko""], ""X"": [""https://x.com/OrganikoBL""], ""YouTube"": [""https://youtube.com/@organikobeautifyinglife1248""]}",,"Organiko is a luxury skincare brand that makes 100% natural products with donkey milk. The products also include Ayurvedic and Cleopatra's Egyptian beauty ingredients. Organiko was started by Pooja Kaul in 2018, in Delhi. We believe in providing a better livelihood to the donkeys and donkey owners. www.organiko.in",https://organiko.in/cdn/shop/files/logo_o-01.svg?v=6949965620604193404,Delhi,2026-09-29T22:38:59.600723+00:00
48b3c88760641f50,https://gemopticians.com/,"[""customerservice@gemopticians.com""]","[""+919310062350""]","{""Facebook"": [""https://facebook.com/gemopticians.delhi""], ""Instagram"": [""https://instagram.com/gemopticians""], ""LinkedIn"": [""https://linkedin.com/company/gemopticians""]}",Watches & eyewear,"GEM OPTICIANS is a New Delhi-based leading luxury glasses store. We offer a wide range of designer and branded sunglasses like Chanel, Gucci, Burberry, Tom Ford, Prada and many more. Pan India free shipping with 7-day exchange policy.",https://gemopticians.com/cdn/shop/files/Gem_Brand_Main_Logo_with_Year_51f5e426-cb68-409b-b64a-b0da01e31a02_215x.png?v=1667892893,Delhi,2026-09-29T22:38:57.649567+00:00
4a3a7121b48e2d25,https://qurez.com/,"[""operations@qurez.com""]","[""+918076419048"", ""+919910038545""]","{""Facebook"": [""https://facebook.com/qurezforyou""], ""Instagram"": [""https://instagram.com/qurezforyou""], ""X"": [""https://x.com/qurezforyou""]}",Skincare,"Buy India’s top-rated sunscreen by Qurez. Our mineral and hybrid formulas offer SPF 50 PA++++ protection, are dermatologist-tested, oxybenzone & OMC-free, PETA-certified Vegan. Available in tinted & non-tinted sunscreen options. Water-resistant & safe for sensitive skin. No white cast suitable for all skin types.",https://qurez.com/cdn/shop/files/WhatsApp_Image_2024-06-27_at_15.42.56_bb8e7d9a.jpg?v=1719903990&width=1600,Haryana,2026-09-29T22:38:54.784059+00:00
4b43934d4bc204f4,https://halfrate.in/,"[""support@halfrate.in""]","[""+919899997318""]","{""Facebook"": [""https://facebook.com/halfrate.in""], ""Instagram"": [""https://instagram.com/halfrate.in""], ""X"": [""https://x.com/halfratei""], ""YouTube"": [""https://youtube.com/channel/UCndTMxPJEAQ7LT7eMzynowQ""]}",Home & living,"Best buy Mobiles Accessories, Cloths, Shoes, Tools, Hardware, Health products, Kitchenware, Gemstones, jewelry, Home utilities, Decorative, Fengshui, Religious Items, Appliances, Gifts and Lot more, from Top Brands Online. Buy now !!! Deals upto 80% off. Free Shipping on all items. Shipping all India Cheapest",https://halfrate.in/cdn/shop/files/Halfrate_logo_Half_Rate_Logo_300x.png?v=1696846308,Delhi,2026-09-29T22:39:15.377171+00:00
4c95d6d0c3fe1bf6,https://babyluv.in/,"[""privacy@babyluv.in"", ""sandeep.kumar@trucarekidz.com"", ""shop@babyluv.com"", ""shop@babyluv.in"", ""shop@toys4all.in""]","[""+919821942333"", ""+919999886763""]",{},Baby & maternity,,https://babyluv.in/cdn/shop/files/Baby-Luv-Final-Logo-1000x500px.png?v=1771307729&width=1500,,2026-09-29T22:39:30.226661+00:00
4f47f618715e07fe,https://www.zestpics.com/,"[""care@zestpics.com""]","[""+919676444486""]","{""Facebook"": [""https://facebook.com/zestpics""], ""Instagram"": [""https://instagram.com/zest.pics""], ""Pinterest"": [""https://pinterest.com/zestpics_in""], ""X"": [""https://x.com/zestpics""], ""YouTube"": [""https://youtube.com/c/zestpics""]}",Gifts & personalization,"Send Customized Gifts Online to India. Zestpics No.1 Personalized Gift Shop offers Birthday Gifts, Anniversary Gifts, Valentine's Day Gifts, Gifts for Mom, Gifts for Dad, Rakhi Gifts Delivery in India for Family & Friends at Lowest Price. Gift Ideas, Mobile Cases, Photo Mugs, Canvas, Calendars, Magnets, Unique Gifts.",https://www.zestpics.com/cdn/shop/files/zestpics-logo-2026.png?v=1790580268&width=500,Telangana,2026-09-29T22:39:32.054058+00:00
5804b1aa3d05d498,https://livealtlife.com/,"[""care@livealtlife.com"", ""care@livelatlife.com"", ""puru@altlifelab.com"", ""retail@livealtlife.com""]","[""+918068507722"", ""+919535127001""]",{},Food & nutrition,,https://livealtlife.com/cdn/shop/files/LiveAltlife_logo_new__170x38_188b4ea0-869e-473e-9b00-93549543d654_300x.svg?v=1784700494,Karnataka,2026-09-29T22:39:48.736947+00:00
58343bba2039e302,https://www.thenaturalwash.com/,"[""care@thenaturalwash.com"", ""marketing@thenaturalwash.com"", ""offlinesale@thenaturalwash.com""]","[""+917878780909""]","{""Facebook"": [""https://facebook.com/thenaturalwash""], ""Instagram"": [""https://instagram.com/thenaturalwash""], ""X"": [""https://x.com/thenaturalwash_""], ""YouTube"": [""https://youtube.com/channel/UCeJu1tMcEf9kc0hhJBdbMCg""]}",Skincare,"TNW - The Natural Wash is an online store for safe skincare, hair, lip & body care products. TNW products comprise of all natural ingredients handpicked directly from the Mother Nature.",https://www.thenaturalwash.com/cdn/shop/files/super7-logo-compressed.png?v=1786615489&width=600,Delhi,2026-09-29T22:39:34.786992+00:00
5d10803703aac5b7,https://scarters.com/,"[""support@scarters.com""]","[""+917768008800"", ""+918669115952""]",{},Bags & travel,"Simple and functional designs in carry & accessories | Backpacks, Messenger Bags, Deskspreads, Wallets | Free Shipping | COD Available",https://scarters.com/cdn/shop/files/Untitled-1.png?crop=center&height=800&v=1733205045&width=800,Maharashtra,2026-09-29T22:39:50.781634+00:00
61acab3495f02db1,https://rivora.in/,"[""admin@rivora.in"", ""sales@rivora.in""]",[],"{""Facebook"": [""https://facebook.com/rivora.in""], ""Instagram"": [""https://instagram.com/rivora.in""]}",Home & living,"Handcrafted Luxury Lifestyle Products , Home decor items, Kitchen gifts, wooden key holders, wooden fridge magnets, wooden serve ware, unique stylish products, gift for dad, wedding gifts, corporate gifts, Corporate gift supplier, Gifts online, unique gift items, gifts for mom, Best quality gifts, quality home accents",https://rivora.in/cdn/shop/files/rivora_logo_x44_crop_center.png?v=1621589026,Maharashtra,2026-09-29T22:49:12.607372+00:00
61eefa24ec1f8763,https://www.chococraft.in/,"[""customerservice@chococraft.com"", ""customerservice@chococraft.in"", ""info@chococraft.in""]","[""+16467625015"", ""+919821669229""]","{""Facebook"": [""https://facebook.com/chococraftindia""], ""Instagram"": [""https://instagram.com/chococraft_india""], ""LinkedIn"": [""https://linkedin.com/company/chococraft""], ""YouTube"": [""https://youtube.com/channel/UCalq3dLA7NaImEg_Dr6Y1gg""]}",Food & nutrition,"Shop the best chocolate gifts—personalized photo chocolates in elegant gift boxes. Custom chocolates, free India-wide shipping, delivered in 3-7 days.",https://www.chococraft.in/cdn/shop/files/logo_100x.webp?v=1747736181,Delhi,2026-09-29T22:40:01.768264+00:00
63ce8d2bd7fe6bc3,https://amberjaipur.com/,"[""info@amberjaipur.com""]","[""+919929750097""]","{""Facebook"": [""https://facebook.com/amberpinkcity""], ""Instagram"": [""https://instagram.com/amberjaipur""]}",Apparel,Designer children wear in bright colors and beautiful designs.,https://amberjaipur.com/cdn/shop/files/JA_Logo_white.png?v=1649663367&width=240,Rajasthan,2026-09-29T22:40:01.721601+00:00
65f7f40af144710f,https://www.fizzygoblet.com/,"[""abhinavmehra@me.com"", ""info@fizzygoblet.com"", ""rumana@fizzygoblet.com"", ""vidhya@fizzygoblet.com""]","[""+917715810514"", ""+917795378173"", ""+917892820321"", ""+918287306357"", ""+918368622805"", ""+918446801853"", ""+918688957319"", ""+918712372689"", ""+918971145497"", ""+919041608336"", ""+919137670169"", ""+919324959680"", ""+919398603497"", ""+919871050384"", ""+919920720239""]","{""Facebook"": [""https://facebook.com/fizzygoblet""], ""Instagram"": [""https://instagram.com/fizzygoblet""]}",Footwear,"Explore handcrafted footwear and bags at Fizzy Goblet. Shop designer ethnic juttis, mojaris, and loafers for women, men, and kids, blending style with comfort.",https://cdn.shopify.com/s/files/1/0215/3436/files/Logo_150x150_492fa74a-9127-40a2-9ac4-df8681b31398_500x.png,,2026-09-29T22:40:13.707421+00:00
67e8c8b1a33e35a2,https://www.teacurry.com/,"[""reach@teacurry.com"", ""support@teacurry.com"", ""tea@teacurry.com""]","[""+917982243005"", ""+918595218186""]","{""Facebook"": [""https://facebook.com/teacurry""], ""Instagram"": [""https://instagram.com/tea_curry""], ""X"": [""https://x.com/reachteacurry""], ""YouTube"": [""https://youtube.com/channel/UCsRd_ASzLEl5c98fAfcCgow""]}",Coffee & tea,"Enjoy the finest wellness tea blends. Buy all-natural, fresh, delicious teas directly from the source. Shop for unique wellness blends and chai mixes online on Teacurry. Get unique health blends for all your wellness needs including fertility, weight, PCOS, PCOD, skin, digestion, hair and many more.",https://cdn.shopify.com/s/files/1/0375/8781/2485/files/Logo_Black.jpg?v=1647950844,,2026-09-29T22:40:22.171018+00:00
69703e9f897706a7,https://the-next-decor.com/,"[""info@the-next-decor.com"", ""support@the-next-decor.com""]","[""+919587033444""]","{""Facebook"": [""https://facebook.com/thenextdecor""], ""Instagram"": [""https://instagram.com/the_next_decor""], ""Pinterest"": [""https://pinterest.com/thenextdecor""], ""YouTube"": [""https://youtube.com/channel/UCzKT-N7cpXI8Rckvr3Qrfyg""]}",Home & living,Our decorations & home decor products are the difference you seek. We bring beauty to your home and light up your world.,https://the-next-decor.com/cdn/shop/files/logo_dbeeca71-981e-4a3f-8713-b77be502b882.png?v=1630583149&width=600,Rajasthan,2026-09-29T22:40:28.111853+00:00
69b8513368affe38,https://etchcraftemporium.in/,"[""etchcraftonline@gmail.com"", ""sales@etchcraftemporium.in""]","[""+919818151452""]","{""Facebook"": [""https://facebook.com/etchcraftemporium""], ""Instagram"": [""https://instagram.com/etchcraftemporium.in""], ""YouTube"": [""https://youtube.com/@etchcraftemporium""]}",,"Browse our exclusive collection of watches, jewellery and other personalised accessories that represent you. Secure payment. Cash on delivery. Free shipping.",https://cdn.shopify.com/s/files/1/0015/4638/7531/files/etchcraft_emporium_logo_without_bg_white.png?v=1774985102,Delhi,2026-09-29T22:40:32.749243+00:00
6dc1a89775cc3582,https://www.razorveda.in/,"[""care.razorveda@gmail.com""]","[""+919217162093"", ""+919319135065"", ""+919650121669""]","{""Facebook"": [""https://facebook.com/people/Razorveda-India/100088394829037""], ""Instagram"": [""https://instagram.com/razorvedaindia""], ""X"": [""https://x.com/RazorvedaI69535""], ""YouTube"": [""https://youtube.com/channel/UCKPyecYyCa9eFFadmSBE4WQ""]}",,"Razorveda is a Delhi-based company specialized in breast, intimate & personal care products. Clinically proven & dermatologically tested.",https://www.razorveda.in/cdn/shop/files/Untitled_design.png?v=1647448185&width=400,Delhi,2026-09-29T22:40:36.226994+00:00
6e8c2c4161b07e28,https://vastramay.com/,"[""care@vastramay.com"", ""contactus@vastramay.com"", ""hr@vastramay.com""]","[""+918017887419"", ""+919007097419""]","{""Facebook"": [""https://facebook.com/login.php"", ""https://facebook.com/vastramay""], ""Instagram"": [""https://instagram.com/vastramay""], ""YouTube"": [""https://youtube.com/channel/UCaHeZW-zzX3tJl5Ve3UcrLQ""]}",Apparel,"Shop Vastramay — India's premium ethnic wear brand since 2015. Browse 6,000+ kurta sets, sherwanis, Nehru jackets & Indo-western outfits for men & boys. Free shipping. Order now!",https://vastramay.com/cdn/shop/files/Vastramay_Logo-01_9a6e1ed8-a77a-42a7-a8ac-892d51cc834c.webp?v=1790338756&width=420,Maharashtra,2026-09-29T22:40:34.936750+00:00
7029d6769ee05a4d,https://healthyhey.com/,"[""info@healthyhey.com""]","[""+917303030101""]","{""Facebook"": [""https://facebook.com/healthyhey""], ""Instagram"": [""https://instagram.com/healthyheynutrition""]}",,,https://cdn.shopify.com/s/files/1/2181/1153/files/HealthyHey_Logo_copy_86173c7f-c162-48ef-9240-06fa82fed1ce.jpg?v=1780889714,Maharashtra,2026-09-29T22:40:34.933751+00:00
705a53afbeaafff2,https://ethnicity.in/,"[""compliance@ethnicity.in"", ""sharewithus@ethnicity.in""]","[""+919429692401""]",{},Apparel,"An exclusive store with a unique blend of vintage and new-age contemporary Indian Wear for Women, Men, and Kids.",https://ethnicity.in/cdn/shop/files/image_-_2025-11-17T125433.720.png?v=1763369750&width=600,Maharashtra,2026-09-29T22:40:34.942752+00:00
75549ae780041ff7,https://kazeliving.com/,"[""customercare@kskt.in""]","[""+919568372538""]","{""Facebook"": [""https://facebook.com/kazeliving""], ""Instagram"": [""https://instagram.com/kazeliving""]}",Food & nutrition,"Gourmet marketplace delivering healthier food alternatives. Shop exotic fruits and vegetables, groceries, artisanal bakery, dairy, and snacks. Delivered fresh to your doorstep in Delhi NCR.",https://kazeliving.com/cdn/shop/files/logo_1_1.png?v=1781702064,,2026-09-29T22:40:54.973660+00:00
75c6fca4d86f23b2,https://www.bonsoir.co.in/,"[""contact@bonsoir.co.in""]","[""+919711303035"", ""+919999237300""]","{""Facebook"": [""https://facebook.com/Bonsoirsuits""], ""Instagram"": [""https://instagram.com/bonsoirindia""], ""YouTube"": [""https://youtube.com/channel/UC7nu3y-F9n2X5hsm8HN8nCw""]}",Apparel,Step into luxury in men’s fashion. Experience an exquisite range of Indian ethnic and Formal wear.,https://www.bonsoir.co.in/cdn/shop/files/Bonsoir_logo_jpg.jpg?crop=center&height=160&v=1723264336&width=300,Uttar Pradesh,2026-09-29T22:40:54.959430+00:00
75fa5190b427c8c8,https://fpsstore.in/,"[""info@freshproduce.co.in""]","[""+919212550463"", ""+919643334972"", ""+919899014693"", ""+919958972972""]","{""Facebook"": [""https://facebook.com/FreshproduceShoppe""], ""Instagram"": [""https://instagram.com/freshproduceshoppe""], ""Pinterest"": [""https://pinterest.com/freshproduceshoppe""], ""X"": [""https://x.com/freshproduceshoppe""]}",,,https://fpsstore.in/cdn/shop/files/logo-fresh-produce-shoppe.png?v=1638218270,Delhi,2026-09-29T22:40:56.973720+00:00
7a5d0237deb44269,https://vedaayurvedics.com/,"[""mail@vedaayurvedics.com""]",[],"{""Facebook"": [""https://facebook.com/vedaayurvedicssocial""], ""Instagram"": [""https://instagram.com/vedaayurvedicsindia""]}",,,https://vedaayurvedics.com/cdn/shop/files/veda_logo_115x.png?v=1628860399,Kerala,2026-09-29T22:40:48.742297+00:00
7b458543f1ce6438,https://www.bownbee.com/,"[""care@bownbee.com"", ""care@bownbee.com.com"", ""sales@bownbee.com""]","[""+919289510077"", ""+919311326670""]","{""Facebook"": [""https://facebook.com/bownbeekids""], ""Instagram"": [""https://instagram.com/bownbee""]}",Apparel,"Shop vibrant ethnic wear for kids at BownBee! Discover girls' lehnga cholis, party frocks, and boys' kurta sherwanis. Perfect for styling kids the Indian way.",https://www.bownbee.com/cdn/shop/files/New_Edited_Logo_BownBee.png?v=1683729512&width=1620,Haryana,2026-09-29T22:40:56.975848+00:00
7db4f945fbbb24e0,https://pettikadai.in/,"[""info@pettikadai.in"", ""support@pettikadai.in""]","[""+917904897326"", ""+918056676577""]","{""Facebook"": [""https://facebook.com/Pettikadaionline""], ""Instagram"": [""https://instagram.com/pettikadaionline""]}",Food & nutrition,Pettikadai is the brand for bringing our native and traditional sweets or snacks to people across globe. Anywhere / Anyone from world can buy traditional sweets online & native sweets online.,https://pettikadai.in/cdn/shop/files/Logo_WithoutBG_2.webp?height=80&v=1783356097,,2026-09-29T22:41:09.121215+00:00
7f2f876c101cfb51,https://outcasts.in/,"[""support@outcasts.in""]","[""+919217288859"", ""+919667752922""]","{""Facebook"": [""https://facebook.com/people/Outcast-clothing/100086060782507""], ""Instagram"": [""https://instagram.com/outcast_india""], ""X"": [""https://x.com/Outcastclothin""]}",Apparel,"Discover the latest in women’s fashion at OUTCAST! Shop stylish western dresses, bold tops, club party outfits, winter wear, and everything to stay on trend.",https://outcasts.in/cdn/shop/files/logo_outcast_1.png?v=1735300677&width=520,Uttar Pradesh,2026-09-29T22:40:59.457336+00:00
7fded5f7270a7b98,https://mycarmesi.com/,"[""care@mycarmesi.com"", ""customercare@purplle.com"", ""grievanceid@purplle.com"", ""legal@purplle.com""]",[],"{""Instagram"": [""https://instagram.com/mycarmesi""]}",,"Shop Carmesi period care, intimate hygiene and grooming products, including sanitary pads, period panties, razors, deodorants and more for women.",https://mycarmesi.com/cdn/shop/files/Homepage_Logo_eea77d3f-a672-4148-86d7-4a24b227975e.png?v=1672230279&width=300,Maharashtra,2026-09-29T22:41:10.741143+00:00
7ff8441e9bcb8730,https://oliveplanet.in/,"[""customerservice@oliveplanet.in""]","[""+917338188233""]","{""Facebook"": [""https://facebook.com/OlivePlanet""], ""Instagram"": [""https://instagram.com/olive_planet""], ""X"": [""https://x.com/oliveplanet""], ""YouTube"": [""https://youtube.com/channel/UCZjGxAzDOzwwdHvvapp3Tzg""]}",Apparel,"Shop military uniforms, caps, t-shirts, patches, tactical gear & more at Olive Planet—India’s trusted online army store. Perfect for armed forces & enthusiasts. Fast delivery with COD available nationwide.",https://oliveplanet.in/cdn/shop/files/OP_Mini_Logo_256x.png?v=1641296614,Karnataka,2026-09-29T22:41:21.738528+00:00
80d13096671f4a83,https://paperfields.in/,"[""hello@paperfields.in"", ""info@paperfields.in""]","[""+919920801011""]","{""Facebook"": [""https://facebook.com/Paperfields.Stationery""], ""Instagram"": [""https://instagram.com/paperfields""], ""YouTube"": [""https://youtube.com/@paperfields8114""]}",,,,Maharashtra,2026-09-29T22:41:13.270214+00:00
80d7d024cdeb40f3,https://vissconext.com/,"[""ecommerce@vissco.com"", ""support@vissconext.com""]","[""+912243330300"", ""+912243330333""]","{""Facebook"": [""https://facebook.com/vissconext""], ""Instagram"": [""https://instagram.com/vissconext""], ""YouTube"": [""https://youtube.com/@VISSCORehabilitation""]}",,"Vissco is India’s most trusted manufacturer of orthopaedic supports, mobility aids & pain-relief solutions. Vissco Official Store – Vissconext.com",https://vissconext.com/cdn/shop/files/Vissco_Next_Header_Logo.webp?v=1786088328&width=150,Maharashtra,2026-09-29T22:41:24.164157+00:00
83caa573bb704a02,https://redesignsports.com/,"[""care@redesignsports.com"", ""info@redesignsports.com""]","[""+918901884444""]","{""Instagram"": [""https://instagram.com/redesign_sports""]}",Apparel,"ReDesign Performance Wear offer superior technology fabrics and fitting to enhance your performance. Shop compression tights, running shorts, gym apparel.",https://redesignsports.com/cdn/shop/files/REDESIGN_HEADER_TM_LOGO.png?v=1713692787,Delhi,2026-09-29T22:41:29.197479+00:00
885a54597341dfeb,https://flairglass.in/,"[""sales@flairglass.in""]","[""+918070037003""]","{""Facebook"": [""https://facebook.com/flairglass.in""], ""Instagram"": [""https://instagram.com/flairglass""], ""YouTube"": [""https://youtube.com/@flairglass7281""]}",,"Glass Wall Paintings, Glassware, Designer Tables, Custom Glass, Custom Mirrors and Much More. Anything but Glass.",https://flairglass.in/cdn/shop/files/Flairglass_New_Logo_High_Res.png?v=1684493433,Punjab,2026-09-29T22:41:34.013578+00:00
88c419cd875b4bd3,https://ponds.in/,"[""grievance.officer-privacy@unilever.com"", ""lever.care@unilever.com"", ""unilever.care@unilever.com""]","[""+18002024850"", ""+9118001022221"", ""+917669390000""]","{""Facebook"": [""https://facebook.com/PondsIndia""], ""Instagram"": [""https://instagram.com/pondsindia""], ""YouTube"": [""https://youtube.com/user/PondsIndia""]}",Skincare,"Shop official POND'S skincare in India: creams, serums, cleansers, lotions & talc for glowing skin. Explore bestsellers and new launches. Shop today online.",,,2026-09-29T22:41:37.178928+00:00
8baabb9cc727f74a,https://justyuhi.com/,"[""connect@justyuhi.com"", ""feedback@bellegirlifestyle.com"", ""feedback@bellegirllifestyle.com"", ""help@bellegirlifestyle.com"", ""help@bellegirllifestyle.com""]","[""+919168691258""]","{""Facebook"": [""https://facebook.com/BelleGirlLifeStyle""], ""Instagram"": [""https://instagram.com/justyuhi.store""], ""X"": [""https://x.com/bellegirlls""], ""YouTube"": [""https://youtube.com/channel/UCt-gZb4eW5yYobND4e9FSFw""]}",,"Explore the Wide collection of Quality Perfumes, deodorant, attars & personal care products from Indian to Imported Brands at Pocket-friendly price.",https://justyuhi.com/cdn/shop/files/Just_Yuhi_Logo_1274_x_317_px.svg?v=1753024629&width=600,Maharashtra,2026-09-29T22:41:55.692705+00:00
9109f79abb03098a,https://cottonworld.net/,"[""customercare@cottonworld.net"", ""hrcottonworld@gmail.com"", ""partners@cottonworld.net"", ""support@cottonworld.net""]","[""+919920916607""]","{""Facebook"": [""https://facebook.com/cottonworld""], ""Instagram"": [""https://instagram.com/cottonworldlive""], ""X"": [""https://x.com/CottonworldLive""]}",Apparel,"Cotton & Linen Clothing for Men & Women. Buy Cotton & Linen clothes at best price in India at Cottonworld. Natural Clothing, Shop Now!",https://cottonworld.net/cdn/shop/files/Group_1272.svg?height=28&v=1780147765,Maharashtra,2026-09-29T22:42:09.351640+00:00
92c0dc92a6c136dd,https://anveya.com/,"[""care@thriveco.in"", ""nodal@anveya.com""]","[""+13022615337"", ""+919205556325""]","{""Facebook"": [""https://facebook.com/anveyaliving""], ""Instagram"": [""https://instagram.com/anveyaliving""], ""YouTube"": [""https://youtube.com/@Anveyaliving""]}",,,https://anveya.com/cdn/shop/files/Anveya_logo_ee8d61b5-c2e0-4c9b-b8bb-f769a8f58fe1_230x.png?v=1786090637,Haryana,2026-09-29T22:42:16.231513+00:00
9467bc4040fb0934,https://shopwefab.com/,"[""chirag.dembla@live.com"", ""info@shopwefab.com"", ""sales@shopwefab.com""]","[""+919137813549""]","{""Facebook"": [""https://facebook.com/wefabtex""], ""Instagram"": [""https://instagram.com/wefabtex""], ""LinkedIn"": [""https://linkedin.com/company/wefab""], ""X"": [""https://x.com/wefabtex""], ""YouTube"": [""https://youtube.com/@wefab4188""]}",Fabrics & craft supplies,"India's First Online Store with Domestic and Worldwide Shipping for Interfacing Products and All types of Interfacing,Lining, Fusible & Non Fusible Interlining, Non Woven Fabrics,Net Fabrics with consistent best quality since 50 Years . We provide Best Discounted Price for Bulk & Wholesale Orders .",,Maharashtra,2026-09-29T22:42:27.761939+00:00
94a99c2846340670,https://godesi.in/,"[""welovetalking@godesi.in""]","[""+918904271453"", ""+919353756891""]","{""Facebook"": [""https://facebook.com/Godesifoods""], ""Instagram"": [""https://instagram.com/godesi_foods""]}",Food & nutrition,"Authentic DESi sweets, treats & snacks!",https://godesi.in/cdn/shop/files/Logo_ceb4465f-cbd2-4a4a-a274-30e65f3640c9_120x.png?v=1662541508,Karnataka,2026-09-29T22:42:28.053853+00:00
951c6841d4cf55c4,https://sukkhi.com/,"[""care@sukkhi.com""]","[""+918657025071"", ""+918657025072"", ""+918657025073"", ""+918657025074"", ""+918767778791""]","{""Facebook"": [""https://facebook.com/sukkhijewellery""], ""Instagram"": [""https://instagram.com/sukkhi_jewellery""]}",Jewellery,"Sukkhi Fashion Jewellery- Buy Indian Ethnic and Fashion Jewellery Online- Buy Tempel Jewellery, Necklace Sets, Bangles, Rings, Mangalsutras, Earrings Online",https://sukkhi.com/cdn/shop/files/Sukkhi_Logo_White.png?v=1768551415&width=260,Maharashtra,2026-09-29T22:42:30.074221+00:00
96058bd1ec24dbd8,https://www.jrbillionaire.com/,"[""info@jrbillionaire.com"", ""juniorbillionaire@gmail.com""]","[""+917208836029"", ""+919136666603""]","{""Facebook"": [""https://facebook.com/juniorbillionaireindia""], ""Instagram"": [""https://instagram.com/juniorbillionaire""], ""YouTube"": [""https://youtube.com/@juniorbillionaire6318""]}",Toys & games,"Shop fun, educational toys, games & unique gifts for kids at Junior Billionaire. Discover creative learning products, return gifts & premium toys designed to spark imagination and joy.",https://www.jrbillionaire.com/cdn/shop/files/JRB_LOGO_3.png?v=1777989526&width=600,Maharashtra,2026-09-29T22:42:38.525476+00:00
996c63bc689bfb1c,https://reflexions.in/,"[""info@reflexions.in"", ""support@reflexions.in""]","[""+919726056364""]","{""Facebook"": [""https://facebook.com/reflexions.in""], ""Instagram"": [""https://instagram.com/reflexions.in""], ""YouTube"": [""https://youtube.com/@reflexionsunisexsalon""]}",,"Discover a wide range of 100% genuine hair and beauty products at Reflexions.in. We offer a curated selection of top brands including Kerastase, Olaplex, L'Oreal Professionnel, De Fabulous, Floractive, Skeyndor, Geske and more. Shop now for high-quality products that will leave you looking and feeling your best",https://reflexions.in/cdn/shop/files/Reflexions_Logo_320x132_3f746f60-781e-408a-90f5-3a51a5140d49.png?v=1687862815&width=360,Gujarat,2026-09-29T22:42:50.210468+00:00
99e2f1841a6b0a54,https://naturesbox.in/,"[""info@naturesbox.in""]","[""+916301949616"", ""+919000006330""]","{""Facebook"": [""https://facebook.com/naturesbox.in""], ""Instagram"": [""https://instagram.com/naturesbox.in""], ""X"": [""https://x.com/NaturesBoxin""], ""YouTube"": [""https://youtube.com/channel/UC5zHJGDSdoNgbiiGgF0psrA""]}",,"Best and beyond organic food products, turmeric and honey in purest form without any additives and preservatives.",https://naturesbox.in/cdn/shop/files/naturesbox-logo_bb6fc971-6bb7-40c6-8943-cecf063080c3_2048x2048.png?v=1630589945,Telangana,2026-09-29T22:42:45.122865+00:00
9aa3d38bb8b3dbf0,https://roshniboutiques.com/,"[""cs@roshniboutiques.com""]","[""+917019795576"", ""+917676271096""]","{""Facebook"": [""https://facebook.com/roshniboutiqueindia""], ""Instagram"": [""https://instagram.com/roshniboutiquebangalore""], ""YouTube"": [""https://youtube.com/channel/UCgpLYNtX_-bXVJC8fVrawag""]}",Apparel,"Roshini boutique is Bangalore's best Online shopping site for the most delinquent and trendy women's fashion clothes, bags, and other accessories at affordable prices. Shop online now to get amazing deals on your favorite apparel.",https://roshniboutiques.com/cdn/shop/files/RB-LOGO.png?v=1626317476&width=170,Karnataka,2026-09-29T22:42:45.122865+00:00
9eb6b92bd0c46113,https://www.villain.in/,"[""hi@villain.com"", ""hi@villain.in""]","[""+919099170088""]","{""Facebook"": [""https://facebook.com/villainlife.official""], ""Instagram"": [""https://instagram.com/villainlife.official""], ""YouTube"": [""https://youtube.com/@villainlife.official""]}",Beauty & fragrance,"Best long lasting perfume for men, perfect for every occasion. 6 to 8 hours of wear, IFRA certified fragrance, tuned for Indian skin and Indian heat",https://www.villain.in/cdn/shop/files/by_BRN.ME.webp?v=1779958348&width=600,Haryana,2026-09-29T22:42:47.590820+00:00
a1a98ff8b71c50e0,https://wingreensworld.com/,"[""help@stelcoregroup.com"", ""support@wingreens.in""]","[""+918800793638""]","{""Facebook"": [""https://facebook.com/wingreensworld""], ""Instagram"": [""https://instagram.com/wingreensworld""], ""YouTube"": [""https://youtube.com/channel/UC4xYopcwD1_wwTsxF8EKDrw""]}",Food & nutrition,Wingreens World is the one-stop online shop for delicious foods and beverages. Explore Wingreens World to get your order delivered to your doorstep.,https://wingreensworld.com/cdn/shop/files/wingreens-logo.png?height=250&v=1676263955,Haryana,2026-09-29T22:43:13.666516+00:00
a1e739dc7f78485b,https://www.mypoojabox.in/,"[""info@mypoojabox.com"", ""orders@mypoojabox.com""]","[""+918010188881"", ""+918010288882"", ""+918010588885""]","{""Facebook"": [""https://facebook.com/MyPoojaBox""], ""Instagram"": [""https://instagram.com/mypoojabox""]}",Home & living,"Shop beautiful home decor items online, festive gifts for Diwali, Karwa Chauth, Rakhi, Ganesh Chaturthi and weddings. MyPoojaBox is an online puja store offering puja & hawan samagri, healing crystals, salt lamps, eco friendly ganpati idols, diyas, urlis, face rollers, tealight holders and more made in India products.",https://www.mypoojabox.in/cdn/shop/files/Clip_path_group_96x.svg?v=1776260611,Delhi,2026-09-29T22:43:02.583024+00:00
a442f46361a15b9c,https://unitedbycycling.com/,"[""mail@unitedbycycling.com"", ""support@unitedbycycling.com""]","[""+918943966663"", ""+918943966665""]","{""Facebook"": [""https://facebook.com/unitedbycycling""], ""Instagram"": [""https://instagram.com/unitedbycycling""], ""X"": [""https://x.com/unitedbycycling""], ""YouTube"": [""https://youtube.com/@unitedbycycling""]}",Bicycles & cycling,"Run by cyclists, for cyclists. Shop bicycles, components, accessories and tools from top brands like Shimano and Cannondale at India's best online cycling store",https://unitedbycycling.com/cdn/shop/files/UBC_logo.png?height=65&v=1768202875,Kerala,2026-09-29T22:43:07.809639+00:00
a594be73f59629e2,https://seikowatches.co.in/,[],[],"{""Facebook"": [""https://facebook.com/seiko.in""], ""Instagram"": [""https://instagram.com/seikoindia""], ""LinkedIn"": [""https://linkedin.com/company/seiko-india""], ""X"": [""https://x.com/SeikoIndia""], ""YouTube"": [""https://youtube.com/@SeikoIndiaOfficial""]}",Watches & eyewear,"Buy Seiko Watches in India. Over 130 years of craftsmanship, that make each of these watches incredibly reliable, available now at official online India store.",https://seikowatches.co.in/cdn/shop/files/Seiko-01_logo_91421694-d456-4cd4-b610-9b4c5f231260_500x.png?v=1680781852,Maharashtra,2026-09-29T22:43:05.341735+00:00
a61c1fc3b273b9be,https://www.proaim.com/,"[""sales@proaim.be"", ""sales@proaim.ca"", ""sales@proaim.com"", ""sales@proaimusa.com""]","[""+17785541018"", ""+32477843327"", ""+918283902255""]","{""Facebook"": [""https://facebook.com/proaimglobal.store""], ""Instagram"": [""https://instagram.com/proaimglobal""], ""YouTube"": [""https://youtube.com/c/ProaimGlobal""]}",Photography & filmmaking,"Quality Professional Camera Stabilizers, Video Cranes & Jibs, Camera Sliders, Cinema Dollies, Shoulder Rigs & Must Have Videography Accessories - Your Partner In Moviemaking Since 1997. Designed for Videomakers, Filmmakers & Camera Operators. 100% Money Back Guarantee. 100% Client Satisfaction.",https://www.proaim.com/cdn/shop/files/logo_200x80.webp?v=1669704537,Chandigarh,2026-09-29T22:43:17.875846+00:00
a627942843367a02,https://uptownie.com/,"[""customercare@uptownie.com"", ""customerservice@uptownie101.com""]","[""+918068635857"", ""+919711887220"", ""+919831906819"", ""+919874026556""]","{""Facebook"": [""https://facebook.com/uptownie""], ""Instagram"": [""https://instagram.com/uptownie101""], ""YouTube"": [""https://youtube.com/channel/UCAf6wFHps2YHEJcXKVrRy_Q""]}",Apparel,"Shop trendy women's clothing at Uptownie. Dresses, tops, co-ords & more starting ₹499. Free shipping on orders ₹999+. Made in India with love since 2015.",https://uptownie.com/cdn/shop/files/uptownie_logo_updated_v3_2048x2048.png?v=1652706765,West Bengal,2026-09-29T22:43:19.510797+00:00
a8ecba632eea0402,https://aiwo.com/,"[""legal@aiwo.com"", ""privacy@aiwo.com"", ""security@aiwo.com"", ""support@aiwo.com""]","[""+918682086820""]","{""Instagram"": [""https://instagram.com/aiwohealth""]}",Health & wellness,"Your all-in-one destination for advanced health screenings, tailored supplements, and revitalising therapies to enhance health & energy.",https://aiwo.com/cdn/shop/files/aiwo_1200.png?v=1737702671&width=5760,Tamil Nadu,2026-09-29T22:43:26.840831+00:00
ab1886ec4b132409,https://www.wrapcart.com/,"[""support@wrapcart.com""]",[],"{""Facebook"": [""https://facebook.com/shopify""], ""Instagram"": [""https://instagram.com/wrap_cart""]}",,"Mobile skins for 500+ phone models. India's leading mobile skin & laptop skin manufacturer. Samsung Mobile Skins, Vivo Mobile Skins, Oppo Mobile Skins, Apple Mobile Skins, Realme Mobile Skins, Poco Mobile Skins, Moto Mobile Skins etc. Best Laptop Skins & MacBook skins in India. Best mobile skins in India.",https://www.wrapcart.com/cdn/shop/files/WrapCart_R_57f4574c-0dec-409c-9d9e-9db897010145.webp?v=1772706055&width=500,Maharashtra,2026-09-29T22:43:43.222825+00:00
af0017acb832aba3,https://www.indianleathercraft.com/,"[""info@indianleathercraft.com"", ""skydweller316@gmail.com""]","[""+919987773578""]","{""Facebook"": [""https://facebook.com/indianleatherkraft""], ""Instagram"": [""https://instagram.com/indian_leather_craft""], ""Pinterest"": [""https://pinterest.com/indian_leather_craft""], ""YouTube"": [""https://youtube.com/@indian_leather_craft""]}",Bags & travel,Indian leather craft | Buy Handmade & Handstitched Leather Goods-India Shop India's largest collection of handmade & hand stitched leather goods made in finest quality leather by single leather artisan with immaculate attention to details.Handcrafted leather goods designed to exponentially enhance and suit your style.,https://www.indianleathercraft.com/cdn/shop/files/logo.png?v=1737853881&width=600,Maharashtra,2026-09-29T22:43:53.181902+00:00
af44502a9dab5592,https://noorchikankari.in/,"[""noorchikankari@gmail.com""]","[""+912522299737"", ""+919664660021""]","{""Facebook"": [""https://facebook.com/noorchikankari.in""], ""Instagram"": [""https://instagram.com/noorchikankari""]}",Apparel,"Feel comfortable, look stunning and be the best version of you! Shop Noor Chikankari for must-haves including Chikankari Dresses, Kurtas, Pants, Kurta & Pant sets, Chikankari Tops and more. Free shipping throughout India!",,,2026-09-29T22:43:52.254966+00:00
af5a94957ce2d84a,https://mamicha.in/,"[""care@mamicha.in""]","[""+911147095802"", ""+917303169675"", ""+919810586589""]","{""Facebook"": [""https://facebook.com/mamichaofficial""], ""Instagram"": [""https://instagram.com/mamicha.in""]}",Apparel,"Explore Mamicha’s Ready to Ship collection featuring daily wear, casual wear, office wear and party wear. Comfortable, fashionable and made for stylish you.",https://mamicha.in/cdn/shop/files/green_logo-03_1_1_8c83454e-ff61-4b28-9b5a-a06a3c4c4d65.png?v=1753015313&width=160,Delhi,2026-09-29T22:43:58.713995+00:00
b4ca81e373c3dc45,https://houseofmakeup.com/,"[""support@houseofmakeup.com""]","[""+918454097173""]","{""Facebook"": [""https://facebook.com/HouseOfMakeupIndia""], ""Instagram"": [""https://instagram.com/houseofmakeupofficial""], ""LinkedIn"": [""https://linkedin.com/company/houseofmakeup-com""], ""YouTube"": [""https://youtube.com/@houseofmakeupofficial""]}",Beauty & fragrance,Buy best quality beauty products online from House of Makeup. Buy cosmetics and makeup online at best price only at House of Makeup. Enjoy Free India Shipping on orders over INR 499.,https://houseofmakeup.com/cdn/shop/files/Logo_white_website_2f86c5f3-fb98-4d90-bc8c-0e51965ab89b.png?height=60&v=1780181323,Maharashtra,2026-09-29T22:50:23.835118+00:00
b525e2eb6fb2af9a,https://mmtacoustixonline.com/,"[""enquiry@mmtacoustix.com"", ""support@mmtacoustixonline.com""]","[""+917011417571"", ""+917011437951"", ""+917703811369"", ""+917703811878"", ""+919267904880"", ""+919310224085"", ""+919318428398"", ""+919625124963""]",{},,"Permanent sound isolation to improved sound quality. MMT Acoustix is a professional brand for certified soundproofing & acoustic panels for walls, ceiling, floor, windows and doors.",https://mmtacoustixonline.com/cdn/shop/files/Logo-MMT-white-PNG-2024.png?v=1745656483&width=600,Delhi,2026-09-29T22:44:21.354976+00:00
b9a6bc3955688173,https://www.chameeandpalak.in/,"[""chameeandpalak@gmail.com"", ""info@chameeandpalak.in""]","[""+918097667687"", ""+918591287592""]","{""Facebook"": [""https://facebook.com/Chameeandpalakofficial""], ""Instagram"": [""https://instagram.com/chameeandpalak""]}",Apparel,"Buy custom bridal lehenga, gowns, cocktail saree, palazzos and many more.",https://www.chameeandpalak.in/cdn/shop/files/c_p_logo.png?v=1617363657&width=185,Maharashtra,2026-09-29T22:44:26.062479+00:00
bd61cb906685cf6c,https://cregx.com/,"[""support@cregx.com""]",[],"{""Facebook"": [""https://facebook.com/cregx""], ""Instagram"": [""https://instagram.com/cregx_app""], ""LinkedIn"": [""https://linkedin.com/company/cregx""], ""X"": [""https://x.com/cregx_app""]}",,Make engaging sales and promotional videos in one click with cregx.com templates. India's first online video ad maker allows you to create live-action ...,https://cregx.com/cdn/shop/t/36/assets/cregx-logo.png?v=98230570893178731341743682814,Telangana,2026-09-29T22:44:28.847614+00:00
c188b3fb60b9aba3,https://happykid.in/,"[""happykidonlinesales@gmail.com""]","[""+919072686111"", ""+919946330533""]","{""Facebook"": [""https://facebook.com/happykid.in""], ""Instagram"": [""https://instagram.com/happykid.in""], ""YouTube"": [""https://youtube.com/c/happykidbabycare""]}",,Check out our unique & trendy products that will make your daily life better. Shop from over 100+ unique products and categories.,https://happykid.in/cdn/shop/files/logo_website-01-01_150x.png?v=1767801566,Kerala,2026-09-29T22:44:38.508750+00:00
c29fd4a81690c9a3,https://honeyandspice.in/,"[""business@bonneterre.in"", ""hello@honeyandspice.in""]","[""+919945869813""]","{""Facebook"": [""https://facebook.com/HoneyandSpiceIndia""], ""Instagram"": [""https://instagram.com/honeyandspiceindia""], ""LinkedIn"": [""https://linkedin.com/company/honey-and-spice""], ""YouTube"": [""https://youtube.com/@honeyandspice2715""]}",Food & nutrition,"Buy from Honey and Spice store, Premium Raw Honeys, Mono-floral Honeys, All-natural spices, A2 Desi Cow Ghee, Apple Cider vinegar, Honey Rose Gulkand, Premium freeze dried Coffee and many more straight from nature products. At Honey and Spice we travel across the country to bring you the best of Nature's produce.",https://honeyandspice.in/cdn/shop/files/Untitled_design_19_b8ca564c-c45a-4251-8740-fb5b6ef923de.png?v=1773138732,Karnataka,2026-09-29T22:44:35.716633+00:00
c7cf944ff15ab723,https://www.goldentipstea.in/,"[""info@goldentipstea.in""]","[""+911141609835"", ""+911141609836"", ""+913322830029"", ""+913322830030"", ""+913346025681"", ""+919319938822""]","{""Facebook"": [""https://facebook.com/goldentipstea""], ""Instagram"": [""https://instagram.com/goldentipsindia""], ""LinkedIn"": [""https://linkedin.com/company/9415229""], ""X"": [""https://x.com/GoldenTipsTea""], ""YouTube"": [""https://youtube.com/channel/UCDZg8O-cFahvhlg5mzOfouQ""]}",Coffee & tea,"Shop the widest collection of the world's finest teas from pure & fresh Organic Loose Darjeeling Teas to Green matcha tea powder from Japan, oolong from China & more.",https://www.goldentipstea.in/cdn/shop/files/Logo_3_480x.jpg?v=1614317817,Delhi,2026-09-29T22:45:00.527046+00:00
ca6eaed6a18d0ad1,https://www.coloressence.com/,"[""care@coloressence.com"", ""socialmedia@coloressence.com"", ""support@coloressence.com""]","[""+919205444171"", ""+919811201021"", ""+919811201337""]","{""Facebook"": [""https://facebook.com/coloressenceofficial""], ""Instagram"": [""https://instagram.com/coloressenceofficial""], ""YouTube"": [""https://youtube.com/c/Coloressence""]}",Beauty & fragrance,"Buy Cosmetics And Beauty Products Online From Coloressence, the best beauty shopping destination for Indian skin tones. ✔ Free Shipping* ✔ Cash on Delivery ✔ 100% Genuine Products.",https://www.coloressence.com/cdn/shop/files/W_logo_white_1.png?v=1782912802&width=320,Delhi,2026-09-29T22:45:02.342800+00:00
cac6d373c34b8c3f,https://sethiwatch.com/,"[""care@sethiwatch.com""]","[""+917217629402"", ""+917428895494"", ""+919220446224""]","{""Instagram"": [""https://instagram.com/sethiwatch""]}",Watches & eyewear,"Buy branded watches online in India at Sethi Watch. Explore premium watches for men and women from top brands like Titan, Casio, Seiko, Guess and more at best prices.",https://sethiwatch.com/cdn/shop/files/logo_3.jpg?v=1785010024&width=600,,2026-09-29T22:45:00.510026+00:00
cad8860a02efc824,https://aaheli.com/,"[""care@aaheli.com""]","[""+918764445555""]","{""Instagram"": [""https://instagram.com/aaheli""]}",Apparel,Aaheli is an online store for women that sells designer apparel for modern Indian women. Shop online now to get amazing deals on your favorite apparel.,https://aaheli.com/cdn/shop/files/Asset_1_5793f455-927c-4ce7-8c9c-50ed4d2d68e1_2_79x.png?v=1744452272,Rajasthan,2026-09-29T22:45:11.491982+00:00
cadb37485cf2cf75,https://manaayurvedam.com/,"[""info@manaayurvedam.com"", ""manaayurvedamofficial@gmail.com"", ""manaayurvedamservice@gmail.com"", ""maplindia.info@gmail.com"", ""urstrulyvish@gmail.com""]","[""+918019912323"", ""+918121311111""]","{""Instagram"": [""https://instagram.com/manaayurvedam""], ""YouTube"": [""https://youtube.com/channel/UCvv07hzJ-ytC9RtB_tqiUHA""]}",Health & wellness,Mana Ayurvedam is South India's Biggest & Fastest Growing Chain in Herbal Brand. Our Company Provides Wide Range of Herbal & Ayurvedic Products. 100% Safe & Effective. Ayush Certified Products. 100% Ayurvedic Products.,https://manaayurvedam.com/cdn/shop/files/logo_170x.jpg?v=1710420330,Telangana,2026-09-29T22:45:05.208407+00:00
cbbacbaa070b0308,https://outhouse-jewellery.com/,"[""careers@outhouse-jewellery.com"", ""customercare@outhouse-jewellery.com"", ""press.media@outhouse-jewellery.com""]","[""+918800522111""]","{""Instagram"": [""https://instagram.com/outhousejewellery""], ""LinkedIn"": [""https://linkedin.com/company/outhouse-jewellery-worldwide""]}",Jewellery,"Outhouse is the leading luxury store for jewellery and bags. Discover the designer rings, earrings, necklaces, bracelets, & bags, crafted with elegance and style.",https://outhouse-jewellery.com/cdn/shop/files/Outhouse_Logo.png?v=1681478765&width=360,,2026-09-29T22:45:16.219781+00:00
cef8c19bf5b76ccc,https://nyumi.com/,"[""hello@nyumi.com"", ""press@nyumi.com""]","[""+918291155181""]","{""Facebook"": [""https://facebook.com/hellonyumi""], ""Instagram"": [""https://instagram.com/hellonyumi""], ""YouTube"": [""https://youtube.com/@hellonyumi""]}",Food & nutrition,"Get your daily dose of nutrition with vitamin gummies! Nyumi offers clinically proven gummies for hair, skin, sleep and iron. Shop now! Enjoy Free shipping and delivery in 3 days.",https://nyumi.com/cdn/shop/files/logo-min.png?v=1737029227,Maharashtra,2026-09-29T22:45:14.593937+00:00
cf14b9f4d54d4867,https://odhni.com/,"[""admin@odhnisarees.com"", ""info@odhni.com"", ""online@odhni.com""]","[""+918588880000"", ""+919599742042"", ""+919650122042"", ""+919876543210""]","{""Facebook"": [""https://facebook.com/odhniworld""], ""Instagram"": [""https://instagram.com/odhniworld""], ""YouTube"": [""https://youtube.com/@ODHNIWorld""]}",Apparel,"Buy the latest traditional designer sarees, bridal & party wear lehengas, dresses, gowns & kurtis at Odhni. Visit our stores in Pitampura, Kohat Enclave, and Laxmi Nagar or explore our website today!",https://odhni.com/cdn/shop/files/Final_Odhni_Logo-min_140x_2x_aa21f6f5-a479-42df-b875-19baf5dd0952.jpg?format=webp&height=81&v=1784910297,Delhi,2026-09-29T22:50:29.508124+00:00
d0083647fc5a6773,https://www.aristobrat.in/,"[""wizards@aristobrat.in""]","[""+918861111098"", ""+918884977008""]","{""Facebook"": [""https://facebook.com/aristobratindia""], ""Instagram"": [""https://instagram.com/aristobratindia""], ""X"": [""https://x.com/aristobratindia""]}",Apparel,"We make clothes to look effortlessly smart by bringing versatile wardrobe essentials in colors and styles that can mix and match, to make your life easier. A permanent collection of zero-compromise pieces, their stories uncovered and told.",https://www.aristobrat.in/cdn/shop/files/Aristobrat_Logo_2022_Website_White.png?v=1653531699&width=512,Karnataka,2026-09-29T22:50:29.640374+00:00
d11b0fbd623804ff,https://storyathome.com/,"[""care@storyathome.in"", ""onlinesales3@storyathome.in""]","[""+918278988888"", ""+918511116305""]","{""Facebook"": [""https://facebook.com/storyathome""], ""Instagram"": [""https://instagram.com/storyathomeindia""], ""LinkedIn"": [""https://linkedin.com/company/elite-decor-private-limited-india""], ""YouTube"": [""https://youtube.com/c/STORYATHOME""]}",Home & living,"Upgrade your home with Story@Home, your one-stop shop for premium home furnishings in India. Shop blackout curtains, bohemian curtains, king & queen-size bedsheets, cotton bedsheets, bed covers, mattress protectors, dohars, AC quilts, blankets, towels, carpets, rugs, doormats, sofa covers, cushion covers & trolley bags",https://storyathome.com/cdn/shop/files/312854268_488112343343841_9174979543106618261_n-removebg-preview_2_1_355b1ea9-75a7-43fa-8fe1-038d81ba4493_130x.svg?v=1686554602,Gujarat,2026-09-29T22:45:29.083360+00:00
d3f7153bce84bc24,https://shopalso.in/,"[""alooktostandout@gmail.com""]","[""+919057361924""]","{""Facebook"": [""https://facebook.com/shopalso.in""], ""Instagram"": [""https://instagram.com/also.in""]}",Jewellery,"We are a Home Grown Brand - Made in Indian offering the best of quality and the Best Price. We Believe growing the Community should grow with us, We Support the Local Skilful craftsmanship and Deliver the best that could make your overall look that stands out.",https://shopalso.in/cdn/shop/files/DC16F75A-CE9B-4C1C-9DFA-BB67AAAABDDB_2f8d8e4c-ac2e-41c6-935f-340a5dd8a614_95x.png?v=1632078895,Rajasthan,2026-09-29T22:45:32.679130+00:00
d47c16dec330bb1e,https://www.vanivrtti.com/,"[""contact@vanivrtti.com""]","[""+917975421640"", ""+919380877857""]","{""Facebook"": [""https://facebook.com/vanivrtti""], ""Instagram"": [""https://instagram.com/vanivrtti""], ""X"": [""https://x.com/VaniVrtti""], ""YouTube"": [""https://youtube.com/channel/UCgfpyJVLV67zGjc5_p-31sA""]}",Apparel,"Vani Vrtti offers designer handloom saris, showcasing unique design language. Explore our premium handloom collection of Gopalpur Tussar Silk, Mulberry Silk, and Cotton sarees, meticulously handwoven for a comfortable and stylish drape. Empowering Odisha's weavers, one sari at a time.",https://www.vanivrtti.com/cdn/shop/files/Website_Header_10_Years.png?v=1783489203&width=950,Karnataka,2026-09-29T22:45:29.683091+00:00
d921dda691da0a05,https://www.biobasics.org/,"[""e.orders@biobasics.org""]","[""+919629122246"", ""+919952468040""]","{""Facebook"": [""https://facebook.com/biobasicsin""], ""Instagram"": [""https://instagram.com/biobasicsin""], ""LinkedIn"": [""https://linkedin.com/company/bio-basics""], ""X"": [""https://x.com/biobasicsindia""], ""YouTube"": [""https://youtube.com/channel/UCK7uSCyQzdBQ9TH8Y7BbLBw""]}",Food & nutrition,Bio Basics is your trusted online organic grocery store where you can buy our full range of healthy and organic food products!,https://www.biobasics.org/cdn/shop/files/BB_Logo-black.png?v=1695285929&width=240,Tamil Nadu,2026-09-29T22:45:52.430338+00:00
db27c73dca01c088,https://cottonsandsatins.com/,"[""care@cottonsandsatins.com"", ""hello@cottonsandsatins.com""]","[""+919267987235""]","{""Facebook"": [""https://facebook.com/cottonsandsatins""], ""Instagram"": [""https://instagram.com/cottonsandsatins""]}",Home & living,"Explore premium range of fabrics, cushions, bedding, tableware, table linen, decor and more at Cottons and Satins. Order Now!",https://cottonsandsatins.com/cdn/shop/files/CNS-logo_79dd5f7c-b9f8-482a-97e2-863c559e02f5.png?v=1726479102&width=385,Delhi,2026-09-29T22:45:45.566562+00:00
db49aa9d07aba159,https://superbikestore.in/,"[""info@superbikestore.in"", ""sbkstore.in@gmail.com""]","[""+919937059000"", ""+919973059000""]","{""Instagram"": [""https://instagram.com/soamjena"", ""https://instagram.com/superbikestore.in""]}",,"Superbikestore.in offers one of the best selections of motorcycle gear in India. Buy helmets, jackets, parts, tires &amp; more online in India for a great price!",https://superbikestore.in/cdn/shop/files/sbk-logo_ddb00555-c52e-470d-ae0e-57c20f55c3d7.png?v=1659363450,Odisha,2026-09-29T22:45:49.643138+00:00
dd2eb7c7cf31e62a,https://4700bc.com/,"[""hello@4700bc.com""]","[""+919911470022""]","{""Facebook"": [""https://facebook.com/4700bcgourmetsnacks""], ""Instagram"": [""https://instagram.com/4700bc_""], ""X"": [""https://x.com/4700BC_""], ""YouTube"": [""https://youtube.com/channel/UCi2th4nTUXHV6ngupGWDNeA""]}",Food & nutrition,"Welcome to the Future of Snacking! 4700BC offers a wide range of snacks including Gourmet Popcorn, Crunchy Corn, Protein Pops, Chips, Sweet Corn and more! COD available. Free shipping. Up to 50% off. Hurry and stock up on your party & movie night essentials! Indulge in guilt-free binging with 4700BC Gourmet Snacks!",https://4700bc.com/cdn/shop/files/4700BC_logo_new.png?v=1775633052&width=600,Delhi,2026-09-29T22:45:54.869399+00:00
de4f867a561859c1,https://lemillindia.com/,"[""customercare@lemill.in"", ""designers@lemill.in"", ""press@lemill.in""]","[""+918591907690""]","{""Facebook"": [""https://facebook.com/lemillindia""], ""Instagram"": [""https://instagram.com/lemill""], ""X"": [""https://x.com/LeMill_India""]}",Apparel,"Welcome to Le Mill, India's only multi-brand luxury fashion house. Shop international and homegrown luxury apparel & accessories. Take a deep dive into our blog, home to our ideas and inspirations; stay updated on all things fashion, art, design and lifestyle.",https://lemillindia.com/cdn/shop/files/Le_Mill_copy_2_a083f1a4-efeb-4911-b45a-a45a6d978848_120x@2x.png?v=1661088980,Maharashtra,2026-09-29T22:45:51.664490+00:00
e327cc93af0062b5,https://marcloire.com/,"[""care@marcloire.com""]","[""+918595645768"", ""+919289909822""]","{""Facebook"": [""https://facebook.com/MarcLoireWorld""], ""Instagram"": [""https://instagram.com/marcloire""], ""X"": [""https://x.com/marcloire""]}",Footwear,Discover the latest trends in women's footwear at Marcloire. Shop online for stylish and fashionable footwear designed exclusively for women. Explore now!,https://marcloire.com/cdn/shop/files/marc_logo.png?v=1777481172&width=540,Delhi,2026-09-29T22:46:10.915006+00:00
e4be38ff8d8a24fc,https://www.romsons.in/,"[""info@romsons.in"", ""nfo@romsons.in""]","[""+917070701513""]","{""Facebook"": [""https://facebook.com/romsonsofficial""], ""Instagram"": [""https://instagram.com/romsonsofficial""], ""LinkedIn"": [""https://linkedin.com/company/romsons-group-of-industries""], ""X"": [""https://x.com/romsonsofficial""]}",Baby & maternity,"Shop online for baby care, women care, health care products, Adult Diapers, Baby Wipes, Underpads, Face Mask, Blood Pressure Monitor, Kids Nebulizers",https://www.romsons.in/cdn/shop/files/Asset_1_170x.png?v=1645182939,Delhi,2026-09-29T22:46:13.645681+00:00
e51bd8e0dcb8f26d,https://www.pathpavers.com/,"[""email-gurdeep@pathpavers.co"", ""himanshu@pathpavers.co"", ""info@trailsofindia.com"", ""johnsonissac@pathpavers.co"", ""operations@pathpavers.co"", ""sales@pathpavers.in"", ""siddharth@pathpavers.co""]","[""+911140347535"", ""+919205044822"", ""+919205859393"", ""+919205952288"", ""+919667991688"", ""+919891122401"", ""+919999707076""]","{""Facebook"": [""https://facebook.com/pathpavers""], ""Instagram"": [""https://instagram.com/pathpavers""], ""YouTube"": [""https://youtube.com/@throttle_itch"", ""https://youtube.com/channel/UCeII8dooEkhEZove3ahIN4w""]}",Car & motorcycle accessories,"Premium riding gear, helmets, tyres & Pre-owned Motorcycles — trusted by riders across Delhi NCR and beyond. Two stores. One mission: safer, smarter rides. Stores in Delhi and gurugram. Fast shipping across India. Trusted by riders since 2016.",https://www.pathpavers.com/cdn/shop/files/path_pavers_logo_text.png?v=1619029940&width=600,,2026-09-29T22:46:22.603938+00:00
e60b5984b6ee490f,https://www.originone.in/,"[""blacknomilk@originone.in"", ""shopping@originone.in"", ""sunnysideup@originone.in""]","[""+919811510755""]","{""Facebook"": [""https://facebook.com/originonestore""], ""Instagram"": [""https://instagram.com/originonestore"", ""https://instagram.com/pushkarthakur"", ""https://instagram.com/youraccount""], ""Pinterest"": [""https://pinterest.com/originonestore""]}",Stationery & art,"Luxury stationery, handmade rugs, and design objects made for the modern global nomad. Shop notebooks, planners, travel stationery, personalized gifts, and more. Worldwide shipping available!",https://www.originone.in/cdn/shop/files/OriginOneLineLogoBlackWhite_cd5014b4-9861-40f7-9bb1-c0f1ca733a13.png?v=1670012438&width=800,Delhi,2026-09-29T22:50:32.268747+00:00
e788293bf457e69a,https://www.tearaja.in/,"[""support@tearaja.com""]","[""+918100100108""]","{""Instagram"": [""https://instagram.com/tearajaindia""], ""YouTube"": [""https://youtube.com/@tearajaindia""]}",Coffee & tea,"Shop premium Indian teas at Tearaja — curated blends of chai, herbal infusions, wellness teas & gift boxes. Free shipping & fast delivery in India.",https://www.tearaja.in/cdn/shop/files/TEARAJA_LOGO_R_b847f6c7-831d-41ab-b3db-8d734dc3aca4.png?height=92&v=1740845563,West Bengal,2026-09-29T22:46:26.445222+00:00
e9760f2787de5d8e,https://www.perona.com/,"[""bengaluruairport@perona.com"", ""connect@perona.com"", ""dlfavenue@perona.com"", ""support@perona.com""]","[""+911148053111"", ""+911244114119"", ""+918047406315"", ""+919910012544""]","{""Facebook"": [""https://facebook.com/weareperona""], ""Instagram"": [""https://instagram.com/weareperona""], ""YouTube"": [""https://youtube.com/@weareperona""]}",Apparel,Shop Luxury Clothing and Premium Leather Accessories for men and women from our exclusive Perona Fashion Collection. Elegant designs crafted with perfection! Buy Now!,https://www.perona.com/cdn/shop/files/perona_logo.webp?v=1728476941&width=215,,2026-09-29T22:46:21.007563+00:00
e9b78b861ac42cd3,https://himalayaoptical.com/,"[""corporate@himalayaoptical.com"", ""info@himalayaoptical.com""]","[""+919147105204"", ""+919147389444""]","{""Facebook"": [""https://facebook.com/HimalayaOpticalEyewear""], ""Instagram"": [""https://instagram.com/himalaya_optical""], ""LinkedIn"": [""https://linkedin.com/company/himalaya-optical""], ""X"": [""https://x.com/OpticalHimalaya""], ""YouTube"": [""https://youtube.com/channel/UCW5oO34wEHsbyncKj7d9xIQ""]}",Watches & eyewear,"Buy Prescription Eyeglasses, Branded Eyewear Designer Frames & Sunglasses for men & women online from India's Biggest Store. Free Shipping All Over India.",https://himalayaoptical.com/cdn/shop/files/Sundays_logo_With_Sunglass.png?v=1771658585,West Bengal,2026-09-29T22:46:35.899807+00:00
e9cec86f51325d1c,https://vibewithmoi.in/,"[""mail@vibewithmoi.com""]","[""+918866186000"", ""+919904275556""]","{""Facebook"": [""https://facebook.com/moi.vibe""], ""Instagram"": [""https://instagram.com/moi.vibe""], ""Pinterest"": [""https://pinterest.com/vibewithmoi""]}",Jewellery,"Indulge in the essence of timeless elegance, the luxury of handcrafted, the power of design and connection of storytelling through our everyday fine jewellery, filtered through India’s rich history. Wear your MOI everyday!",https://vibewithmoi.in/cdn/shop/files/logo_2_360x.png?v=1641279947,Gujarat,2026-09-29T22:46:43.160859+00:00
ea426c712c716e53,https://www.neonia.in/,"[""hello@neonia.in""]",[],{},Bags & travel,"Neonia makes India-inspired, embroidered bags for the modern woman's everyday wardrobe. Functional silhouettes, bold design, never boring. Each bag is handmade by skilled artisans and built for real life —your commute, your office, your weekend. Free shipping on all prepaid orders across India. Green not greenwashed.",,Haryana,2026-09-29T22:46:39.176393+00:00
ea8d8401a255b07f,https://ringke.co.in/,"[""info@exaktheit.in""]","[""+918291604064""]","{""Facebook"": [""https://facebook.com/ringkeindia""], ""Instagram"": [""https://instagram.com/ringke_india""], ""X"": [""https://x.com/ringkeindia""], ""YouTube"": [""https://youtube.com/channel/UCeuXnbpF-Hv6ZSl6aNHcYDQ""]}",Stationery & art,"Ringke is company established in 2003. Ringke was started on the idea of trying to help users eliminate their everyday problems with their smartphones, notebooks, and other IT products. Our goal is to recognise and find a solution to our customer's needs.",https://cdn.shopify.com/s/files/1/0037/7798/6630/files/loogo_Ringke_jpg.jpg?v=1786611609,Tamil Nadu,2026-09-29T22:46:50.839036+00:00
ebf83f814729bfd4,https://thesummerhouse.in/,"[""friends@thesummerhouse.in"", ""love@thesummerhouse.in"", ""thegoodfolk@thesummerhouse.in""]","[""+917892525916"", ""+918050414566""]","{""Facebook"": [""https://facebook.com/thesummerhouselife""], ""Instagram"": [""https://instagram.com/thesummerhouse.in""]}",Apparel,"The Summer House designs beautiful clothes for small occasions — dates, dinners, art evenings, and social moments that invite compliments.",https://thesummerhouse.in/cdn/shop/t/291/assets/Crown2.svg?v=75629588721040243631751874759,Karnataka,2026-09-29T22:46:43.799930+00:00
f0a4aee15e9c4d0c,https://unniyarcha.com/,"[""care@unniyarcha.com""]","[""+918071188884"", ""+918527218333""]","{""Facebook"": [""https://facebook.com/UnniyarchaJewelry""], ""Instagram"": [""https://instagram.com/unniyarchajewelry""], ""X"": [""https://x.com/unniyarchajewel""], ""YouTube"": [""https://youtube.com/@UnniyarchaSilverJewellery""]}",Jewellery,"Celebrate tradition with thoughtfully crafted 925 silver jewellery. Explore Unniyarcha's collection of timeless designs for everyday wear, gifting, and special occasions.",https://unniyarcha.com/cdn/shop/files/Unniyarcha_1_logo.png?v=1613790313&width=726,Haryana,2026-09-29T22:47:05.017297+00:00
f15b48b1c2e98e1b,https://www.dyou.co/,"[""careers@dyou.co"", ""customercare@dyou.co"", ""globalsales@dyou.co"", ""marketing@dyou.co"", ""support@dyou.co""]","[""+918452030868""]","{""Facebook"": [""https://facebook.com/dyou.official""], ""Instagram"": [""https://instagram.com/dyou.co""], ""LinkedIn"": [""https://linkedin.com/company/dyouindia""], ""YouTube"": [""https://youtube.com/@dyou_co""]}",,"Discover the best skincare products backed by years of research. Suitable for all skin types – oily skin, dry skin, sensitive skin, combination skin. Unique formulations designed to address multiple skin concerns. Products are vegan, cruelty-free, fragrance-free and pregnancy-safe. Shop online at best prices.",https://www.dyou.co/cdn/shop/files/asxasa.png?v=1780567467&width=1595,Maharashtra,2026-09-29T22:47:02.567496+00:00
f344a4b5925e556f,https://stylemake.co.in/,"[""support@stylemake.co.in""]","[""+917548822255""]","{""Facebook"": [""https://facebook.com/profile.php?id=100068638515018""], ""Instagram"": [""https://instagram.com/stylemakeinc""], ""YouTube"": [""https://youtube.com/@stylemake""]}",Apparel,"StyleMake is an ultimate destination to buy Viviscal, Kirkland, Hair building fibers, Natrol Biotin with cash on delivery and online payment option anywhere in India including Chennai, Mumbai, Pune, New Delhi, Kolkata, Hyderabad and Bangalore",https://stylemake.co.in/cdn/shop/files/Style-make-design-logo127X160px.png?v=1613671863&width=600,Tamil Nadu,2026-09-29T22:50:49.071128+00:00
f37cf34e3f1253a0,https://mycosiq.com/,"[""care@mycosiq.com"", ""inlabsofficial@gmail.com""]","[""+919310970875""]","{""Facebook"": [""https://facebook.com/mycosiq""], ""Instagram"": [""https://instagram.com/mycosiq""], ""LinkedIn"": [""https://linkedin.com/company/mycosiq""], ""X"": [""https://x.com/mycosiq""], ""YouTube"": [""https://youtube.com/channel/UCMwzVMqHeYSZh3bfGUvANPQ""]}",Skincare,CosIQ offers science-backed affordable skincare products that cater to various skin types & concerns. Online shopping for high-quality skincare products made easy.,https://cdn.shopify.com/s/files/1/0612/3143/1929/files/logo2.png?v=1692333897,Delhi,2026-09-29T22:47:20.530449+00:00
f62251e245ea7ec7,https://perfumepalace.in/,"[""info@perfumepalace.in"", ""infoperfumepalace24@gmail.com"", ""plktmehra@gmail.com""]","[""+917042556504"", ""+917428703775"", ""+918376976540"", ""+919599330978"", ""+919599330982""]",{},Beauty & fragrance,"Discover premium perfumes for men and women at Perfume Palace. Shop top fragrance brands, gift sets, deodorants & more. Free shipping on orders across India.",https://perfumepalace.in/cdn/shop/files/Perfume_Palace_logo_Final2.png?v=1666518798&width=321,Uttar Pradesh,2026-09-29T22:47:42.778668+00:00
f666a89b5eda7ba2,https://www.thehimalayanorganics.in/,"[""global@thehimalayanorganics.in"", ""sales.support@thehimalayanorganics.in"", ""support@thehimalayanorganics.in""]","[""+12135100821"", ""+9118008337005"", ""+919770840466""]","{""Facebook"": [""https://facebook.com/shopify"", ""https://facebook.com/thehimalyanorganics""], ""Instagram"": [""https://instagram.com/shopify"", ""https://instagram.com/the_himalayan_organics""], ""LinkedIn"": [""https://linkedin.com/company/the-himalayan-organics""], ""YouTube"": [""https://youtube.com/@HimalayanOrganics""]}",,"Explore Vlado's Himalayan Organics curated selection of vegan and cruelty-free products. Find eco-conscious alternatives for your lifestyle and make ethical choices effortlessly. Shop now for a healthier, greener, more compassionate world!",https://www.thehimalayanorganics.in/cdn/shop/files/HO_logo_b2d5426b-556c-4156-be2a-ac3911dbf9d4.png?v=1787381426&width=216,Madhya Pradesh,2026-09-29T22:47:34.693580+00:00
f7aed9dc82d0e636,https://www.josmostudio.com/,"[""info@josmostudio.com""]","[""+913525684593"", ""+917820890019"", ""+918779565446""]","{""Facebook"": [""https://facebook.com/josmostudio""], ""Instagram"": [""https://instagram.com/josmostudio""]}",Home & living,An award winning furniture design brand based in Goa. We specialize in design and manufacturing of high quality furniture for residential and commercial projects all over India.,https://www.josmostudio.com/cdn/shop/files/Josmo_Logo-min_1_1.svg?v=1729175288&width=600,Goa,2026-09-29T22:47:42.621499+00:00
fae0b171da22546f,https://hophead.co.in/,"[""contact@hophead.co.in"", ""info@hophead.co.in"", ""info@hophead.media""]","[""+919004254957""]","{""Facebook"": [""https://facebook.com/HopHead.apparels""], ""Instagram"": [""https://instagram.com/hophead.apparel""]}",Apparel,"Looking to Buy Men Streetwear Clothing Online in India? Visit Hop Head Now, Call at +91-9004254957, Online Shopping Stores For Hoodies, T Shirts, Sorts, Tees, etc.",https://hophead.co.in/cdn/shop/files/hophead_1200x1200_1.png?height=72&v=1765534385,Maharashtra,2026-09-29T22:47:53.075444+00:00
fede16db976d63a7,https://chosenstore.in/,"[""grievance.officer@chosenstore.in"", ""privacy@chosenstore.in"", ""support@chosenstore.in"", ""support@chosestore.in""]","[""+917845787473"", ""+919384000411""]","{""Facebook"": [""https://facebook.com/chosenstoreindia""], ""Instagram"": [""https://instagram.com/chosen_by_dermatology""], ""YouTube"": [""https://youtube.com/channel/UCDkzQBxDhEnvJFiv5iIOlUw""]}",Hair care,"Skin and hair care that fits your life - trusted by dermatologists, built for youthful living. At CHOSEN, we care for your skin, hair, and health - backed by science, built for longevity, made for you.",https://chosenstore.in/cdn/shop/files/chosen-logo2026-new.svg?v=1788502062&width=500,Tamil Nadu,2026-09-29T22:48:12.392672+00:00
58bfad7e601922b3,https://www.artcraft.co.in/,"[""info@artcraftdecor.com""]","[""+919990737679""]","{""Facebook"": [""https://facebook.com/ArtCraftIndia""], ""Instagram"": [""https://instagram.com/art_craft_decor""], ""LinkedIn"": [""https://linkedin.com/in/abhishek-mittal-1bb56556""], ""YouTube"": [""https://youtube.com/@mittalbrass""]}",,,https://www.artcraft.co.in/cdn/shop/files/new_Logo.png?v=1708332201&width=50,Haryana,2026-09-29T22:39:46.637743+00:00
7c079eaca107b70f,https://shriandsam.com/,"[""info@shriandsam.com""]","[""+918199898904""]","{""Facebook"": [""https://facebook.com/OfficialShriandSam""], ""Instagram"": [""https://instagram.com/shriandsam""], ""YouTube"": [""https://youtube.com/channel/UC0NQSHx9bK_viKYNUf-X3cA""]}",Home & living,"Shri & Sam, India's leading premium brand in kitchenware products. Buy online kitchenware products @ best price - cutlery, cookware | Best DIWALI gifts...",https://shriandsam.com/cdn/shop/files/shri_and_sam_logo_280_by_80.png?v=1693306723&width=280,,2026-09-29T22:40:54.041550+00:00
947d50091050bf19,https://kurlon.com/,"[""customercare@kurlon.com"", ""onlineorders@kurlon.com""]","[""+918088904792"", ""+918150000103""]","{""Facebook"": [""https://facebook.com/Kurlon""], ""Instagram"": [""https://instagram.com/kurlon_limited""], ""X"": [""https://x.com/KurlonLimited""], ""YouTube"": [""https://youtube.com/channel/UCxKBDZJcuTrpuvWZNuRpbIw""]}",Home & living,"Kurlon is India’s top mattress brand. Buy coir, foam, and spring mattresses online for a better sleep experience.",https://kurlon.com/cdn/shop/files/Logo-06_260x-1-removebg-preview.png?v=1723610683,,2026-09-29T22:42:27.745634+00:00
99f253b725f849e5,https://www.g-pet.in/,"[""customercare@g-pet.in"", ""inquiry@chemcogroup.com"", ""inquiry@g-pet.in""]","[""+911800221777"", ""+912222821777"", ""+919004354301""]","{""Facebook"": [""https://facebook.com/gpetindia""], ""Instagram"": [""https://instagram.com/gpetindia""], ""Pinterest"": [""https://pinterest.com/gpetindia""], ""X"": [""https://x.com/gpetindia""]}",Home & living,"G-PET Water & Fridge Bottles, Containers, Flask Double Wall Steel Bottle, GPET Manufacture Silvassa India",https://www.g-pet.in/cdn/shop/files/G-PET_Round_Logo.png?v=1615321853,Maharashtra,2026-09-29T22:42:48.360087+00:00
a149a0dba59c18ad,https://www.dashanddot.com/,"[""customercare@dashanddot.com""]","[""+918860434111"", ""+918860437111""]","{""Facebook"": [""https://facebook.com/thedashanddot""], ""Instagram"": [""https://instagram.com/thedashanddot""]}",Apparel,"New collection LIVE NOW! Contemporary fashion for women and men—co-ords, dresses, shirts, tops, pants, jackets, skirts & jumpsuits. Bold prints, global cuts. India & worldwide shipping.",https://www.dashanddot.com/cdn/shop/files/Untitled_2000_x_1000_px.png?v=1743858381&width=600,Uttar Pradesh,2026-09-29T22:42:57.683925+00:00
c9cc23604d0434e0,https://maybellindia.com/,"[""support@maybellindia.com""]","[""+919962118181""]","{""Facebook"": [""https://facebook.com/Maybell.Chennai""], ""Instagram"": [""https://instagram.com/maybell_india""]}",Apparel,"Shop stylish Indian ethnic wear for women & kids at Maybell – Skirt & Top Sets, Nightwear, Kurtas, Tunics, Kurta Sets, Kids Skirt Sets & more. Worldwide shipping available.",https://maybellindia.com/cdn/shop/files/logo_hires_1_copy.png?v=1629371908&width=300,Tamil Nadu,2026-09-29T22:45:01.747255+00:00
cca4333b540ebdfb,https://sochu.in/,"[""chevohra@cordiformstudios.com""]","[""+919175076248"", ""+919921069922""]","{""Facebook"": [""https://facebook.com/sochuseries""], ""Instagram"": [""https://instagram.com/sochuseries""], ""YouTube"": [""https://youtube.com/@SochuSeries""]}",Books & education,Sochu is a Children's Book Series & TV Series By Chetan Vohra. Through Sochu we aim to celebrate the process of thinking and feeling!,https://sochu.in/cdn/shop/files/Sochu-Logo-_NEW_-Rectangle_65a298db-98d7-485e-b9f8-b3d604417c25.png?v=1733469370&width=600,Maharashtra,2026-09-29T22:45:13.323922+00:00
e096c2a5f419adf1,https://www.indiahempandco.com/,"[""connect@indiahempandco.com"", ""jayanti@indiahempandco.com"", ""shalini@indiahempandco.com""]","[""+919886082200"", ""+919886082206""]","{""Facebook"": [""https://facebook.com/indiahempandco""], ""Instagram"": [""https://instagram.com/indiahempandco""], ""YouTube"": [""https://youtube.com/@indiahempandco.8439"", ""https://youtube.com/channel/UCndRmG6HZMmXuJtD8d_-92g""]}",Food & nutrition,"Nourish Your Mind, Body & Soul with Our Products. Free Shipping and India Wide Delivery with Best Pricing and Deals.",https://www.indiahempandco.com/cdn/shop/files/b-ihc_412x.png?v=1676632442,Karnataka,2026-09-29T22:50:27.415636+00:00
e4402e254b8fe298,https://doodlage.in/,"[""info@doodlage.in"", ""team@doodlage.in""]","[""+919354138478""]","{""Facebook"": [""https://facebook.com/doodlage""], ""Instagram"": [""https://instagram.com/doodlageofficial""], ""YouTube"": [""https://youtube.com/channel/UCQuvF38telL7SnR-0SIm-kA""]}",Apparel,"India's most loved eco-fashion label. Upcycled, recycled & zero waste season-less styles. Made to order pieces. Fair-wage production. Customization is available. Shipping worldwide.",https://doodlage.in/cdn/shop/files/LOGO-VECTOR-2.png?v=1681288141&width=3399,Delhi,2026-09-29T22:46:10.542740+00:00
f411ecd496acc4d2,https://guniaa.com/,"[""grievances@guniaa.com"", ""support@guniaa.com""]","[""+918496004444""]","{""Facebook"": [""https://facebook.com/guniaafashions""], ""Instagram"": [""https://instagram.com/guniaafashions""], ""LinkedIn"": [""https://linkedin.com/company/guniaa-fashions""], ""YouTube"": [""https://youtube.com/channel/UCAO9CBCBWp7PenZaBj8vGeA""]}",Apparel,"GUNIAA ! Exclusive PLUS SIZE FASHION Brand , Sizes from XS to 12XL. GUNIAA is one of India's fastest growing brands, Buy Plus Size & Digital Printed Clothing, Premium Plus Size Fashion for Every Body",https://guniaa.com/cdn/shop/files/GUNIAA_FRONT_LOGO_New_Mobile-1_2bc6717c-39e0-4516-8777-7ea4e118fe88.png?v=1775808395&width=260,Karnataka,2026-09-29T22:47:27.227147+00:00
f82520ae9ef62143,https://www.forever52.in/,"[""care@forever52.in""]","[""+9118008892052""]","{""Facebook"": [""https://facebook.com/forever52india""], ""Instagram"": [""https://instagram.com/forever52india""], ""X"": [""https://x.com/forever52india""], ""YouTube"": [""https://youtube.com/@Forever52India""]}",Skincare,"Buy Cosmetic Products, Skincare & Beauty Products online from Forever52. The most renowned cosmetic brands with a high range of fashion & make-up products.",https://www.forever52.in/cdn/shop/files/final_static_logo-03_a43308e6-b295-4861-9df5-a82723c6d6cf.png?height=50&v=1772193221,Maharashtra,2026-09-29T22:47:51.515453+00:00
0a7b840076d34b02,https://manetain.in/,"[""info@manetain.in"", ""support@manetain.in""]","[""+918971690503""]","{""Facebook"": [""https://facebook.com/themanetainstore""], ""Instagram"": [""https://instagram.com/manetainofficial""]}",Hair care,"Shop the best curly hair products in India at Manetain. From sulphate-free shampoos to curl creams and styling gels, your complete wavy & curly hair care routine starts here. Explore nourishing hair care products that moisturise, define curls, and control frizz for all hair types.",https://manetain.in/cdn/shop/files/mt-logo-cropped.png?v=1719850883&width=1920,Maharashtra,2026-09-29T22:35:42.669823+00:00
12843833d89e6653,https://www.barbox.in/,"[""sales@barbox.in"", ""support@barbox.in""]","[""+917021461642"", ""+918976062861""]","{""Facebook"": [""https://facebook.com/barbox.india""], ""Instagram"": [""https://instagram.com/barbox.india""], ""LinkedIn"": [""https://linkedin.com/in/pratik-goyal-4799925a""], ""YouTube"": [""https://youtube.com/channel/UCljPXzFMvbts-9vzcWEBv0g""]}",,"India's premium home bar brand — bartender kits, cocktail shakers, whiskey glasses & portable bar sets. Free prepaid shipping, COD & 1-year warranty.",https://www.barbox.in/cdn/shop/files/barbox_logo_white_500x.png?v=1664352749,Maharashtra,2026-09-29T22:36:29.016211+00:00
3f548c81fc092dfc,https://upfluen.com/,"[""hello@upfluen.com"", ""support@upfluen.com""]",[],"{""Facebook"": [""https://facebook.com/Upfluencom-109137433898888""], ""Instagram"": [""https://instagram.com/upfluen.com_official""]}",,"Your favourite influencers understand more about you than you’d know. They know what you like and dislike and they understand your problems with the products you find in the market. With Upfluen.com, they can now bring you the products you truly need, as if your closest friends were building them for you.",https://upfluen.com/cdn/shop/files/logo_thin_6a3d2a93-99f8-480c-affd-62abaadc5d10_140x.png?v=1613695286,Karnataka,2026-09-29T22:38:31.527537+00:00
4a4622ca14f1f5e6,https://www.homeheartbrands.com/,"[""homehearttextilesco@gmail.com"", ""info@homeheartindia.com""]","[""+919810666021""]","{""Facebook"": [""https://facebook.com/homeheartindia""], ""Instagram"": [""https://instagram.com/homeheartbrands""]}",Home & living,"Discover handcrafted quilts, table linens, curtains, and home decor by Home Heart Brands. Elevate your living spaces with timeless, artisan-made home textiles from India.",https://www.homeheartbrands.com/cdn/shop/files/HHB-Logo2.png?v=1751525574&width=600,Delhi,2026-09-29T22:49:09.175601+00:00
e245725cb80885f9,https://www.muezart.in/,"[""support@muezart.in""]","[""+916009880053"", ""+916909364104""]","{""Facebook"": [""https://facebook.com/MuezartYarnIndia""], ""Instagram"": [""https://instagram.com/muezartindia""], ""YouTube"": [""https://youtube.com/channel/UCFJY4gXuBDle6WRXTdz-kwA""]}",Fabrics & craft supplies,"Muezart - an online yarn store selling knitting, crochet, and weaving Eri Silk Yarns & Fibers from Meghalaya,India for all makers out there. A luxurious Vanya silk for any season, it is soft, non-itchy, warm & cool. Natural dyed using plant and mineral based ingredients that is gentle on nature.",https://www.muezart.in/cdn/shop/files/muezart-logo-3x3_png_140x.png?v=1709655684,Meghalaya,2026-09-29T22:46:08.518089+00:00
ecb76e88912850dc,https://gambol.in/,"[""info@gambol.in"", ""support@gambol.in""]","[""+916353536612"", ""+917600772278"", ""+917863072278"", ""+918849736824""]","{""Facebook"": [""https://facebook.com/gambolsports""], ""Instagram"": [""https://instagram.com/gambol_sports""], ""YouTube"": [""https://youtube.com/@gambol4324""]}",Footwear,Barefoot Shoes India | Minimalistic Footwear | Vibram Five Fingers India | Training Shoes online | Running Shoes | Sports Goods online India | Luna Sandals India | Footwear Experts,https://gambol.in/cdn/shop/files/Group_2114_small.png?v=1747644406,Gujarat,2026-09-29T22:46:52.857038+00:00
fd41654188d78484,https://hakoba.in/,"[""care@hakoba.in"", ""hakobacare@gmail.com"", ""houseofhakoba@gmail.com""]","[""+919820256336""]","{""Facebook"": [""https://facebook.com/hakobaindia""], ""Instagram"": [""https://instagram.com/hakobaindia""], ""LinkedIn"": [""https://linkedin.com/company/hakobaindia""], ""Pinterest"": [""https://pinterest.com/hakobaindia""], ""X"": [""https://x.com/hakobaindia""]}",Apparel,"Our finest hakoba fabric brings timeless charm to every hakoba dress. Made from soft, durable hakoba material, it offers comfort, elegance, and beautiful detailing for all your fashion needs",https://hakoba.in/cdn/shop/files/Hakoba_Logo_2_600x.jpg?v=1634536293,Gujarat,2026-09-29T22:48:00.615582+00:00
fe79abff82fd447d,https://www.vibrance.co.in/,"[""hello@treasuretales.in""]","[""+919073850000""]","{""Facebook"": [""https://facebook.com/vibrance.co.in""], ""Instagram"": [""https://instagram.com/vibrance.co.in""], ""YouTube"": [""https://youtube.com/@treasuretales105""]}",Gifts & personalization,"Vibrance is your one-stop shop for unique and meaningful gifts! Discover creative giftshop treasures, spiritual gifts to uplift the soul, personalized stamps for a touch of individuality, and fun party drinking games to spice up your celebrations!",https://www.vibrance.co.in/cdn/shop/files/butterfly.pdf_Website.png?v=1735825162&width=600,West Bengal,2026-09-29T22:48:15.177119+00:00
1223213c81d77e23,https://varanga.in/,"[""care@varanga.co.in"", ""care@varanga.in""]","[""+919727067000"", ""+919727068000""]","{""Facebook"": [""https://facebook.com/Varanga-2008367166051742""], ""Instagram"": [""https://instagram.com/varanga_official""]}",Apparel,"Buy Designer Kurtas for Women online. Explore our collection of festive kurtas, fusion Kurta, daily wear Kurtas and Kurta Sets online at Varanga.",https://varanga.in/cdn/shop/files/PNG_LOGO_1_1.png?v=1754459703&width=300,Delhi,2026-09-29T22:36:30.167679+00:00
14efca00f221a59c,https://www.tealandterra.com/,"[""info@tealandterra.com"", ""tealandterra@naturalthings.org""]","[""+919818383407""]","{""Facebook"": [""https://facebook.com/tealterraofficial""], ""Instagram"": [""https://instagram.com/tealandterra""], ""X"": [""https://x.com/TealTerra""], ""YouTube"": [""https://youtube.com/channel/UCExT-RDttXp9SpTcY68_ugA""]}",Skincare,"Online Organic Skin Care Products & Natural Beauty Products Store India, 100% Chemical FREE - Teal and Terra.",https://www.tealandterra.com/cdn/shop/files/logo.png?v=1614299343,,2026-09-29T22:36:42.245840+00:00
3f331205742d2466,https://www.justwatches.com/,"[""jw.support@tenxcommerce.com"", ""southex.delhi@timexworld.in""]","[""+912268353125"", ""+919870588944""]","{""Facebook"": [""https://facebook.com/JWbyTimexGroup""], ""Instagram"": [""https://instagram.com/justwatches_timexgroup""], ""X"": [""https://x.com/justwatches_in""], ""YouTube"": [""https://youtube.com/channel/UCzBVw__zC80eNyXWq7wTaZw""]}",Watches & eyewear,"Exquisite collection of Timex, Guess, Versace, Gc, Aston Martin and more. Buy watches online at JUST WATCHES - Use Code WELCOME10 for 10% off on first purchase",https://www.justwatches.com/cdn/shop/files/Just_wathes_logo_PNG.png?v=1772173688&width=350,Maharashtra,2026-09-29T22:38:26.608527+00:00
4556d1379ffe0ea1,https://www.fixderma.com/,"[""support@fixderma.com""]","[""+911244117419"", ""+919999979839""]","{""Facebook"": [""https://facebook.com/fixdermaindia""], ""Instagram"": [""https://instagram.com/fixderma.skincare""], ""YouTube"": [""https://youtube.com/@fixderma.skincare""]}",Skincare,Don’t miss the Offer ✨5% on prepaid order offer on prepaid✨ Shop today.,,Haryana,2026-09-29T22:38:48.152918+00:00
582cf0ea111ca160,https://uberlyfe.com/,"[""hello@uberlyfe.com""]","[""+918595495073""]","{""Facebook"": [""https://facebook.com/UberLyfe""], ""Instagram"": [""https://instagram.com/uberlyfe""], ""LinkedIn"": [""https://linkedin.com/company/uberlyfe""]}",Home & living,"One-stop shop for sofa cum beds — pull-out, click-clack, L-shape, storage & more. Full customization at our Bangalore centre, NEXT DAY delivery in 6 cities",https://uberlyfe.com/cdn/shop/files/Logo-Uberlyfe_26cef99e-c059-4ea2-8308-fe59546223ce_456x.png?v=1672038590,Delhi,2026-09-29T22:39:48.738948+00:00
624c544c0497ce1c,https://sassafras.in/,"[""bulk@sassafras.in"", ""franchise@sassafras.in"", ""grievance@sassafras.in"", ""marketing@sassafras.in"", ""support@sassafras.in""]","[""+911141169981"", ""+912245634164""]","{""Facebook"": [""https://facebook.com/sassafrasindia""], ""Instagram"": [""https://instagram.com/sassafrasindia""], ""LinkedIn"": [""https://linkedin.com/company/sassafrasfashion""], ""YouTube"": [""https://youtube.com/@sassafrasindia""]}",Apparel,"Online shopping for women fashion in India. Buy trendy jeans, tops, dresses, jeggings, shorts, skirts, and more. Affordable styles, fast delivery, free shipping, COD, and easy returns across India.",https://sassafras.in/cdn/shop/files/Sassafras_Text_Logo_ORIGINAL_2015_380x_e40aa4ec-4ceb-4174-874d-2cfd02b83114-removebg-preview_1_390x.png?v=1685112210,Haryana,2026-09-29T22:40:08.109140+00:00
8a903b9e8c219afe,https://toffeecoffeeroasters.com/,"[""nandini@toffeecoffeeroasters.com"", ""toffeecoffeeroasters@gmail.com""]","[""+917304228438"", ""+917506105116"", ""+919108769735""]","{""Facebook"": [""https://facebook.com/toffeecoffeeroasters""], ""Instagram"": [""https://instagram.com/toffeecoffeeroasters""], ""X"": [""https://x.com/RoastersToffee""]}",Coffee & tea,"Toffee Coffee Roasters brings you fresh single estate 100% Arabica coffee beans, roasted with care, from the finest estates across Asia.",https://toffeecoffeeroasters.com/cdn/shop/files/Untitled_design__75_-removebg-preview_x97@2x.png?v=1690458985,Karnataka,2026-09-29T22:41:49.477387+00:00
a54f45f37d6be677,https://eumeworld.com/,"[""customercare@eumeworld.com"", ""usa@eumeworld.com""]","[""+917021121250"", ""+918169471379"", ""+918355876930"", ""+918355897460"", ""+918355915209"", ""+918356094206"", ""+918448490933"", ""+918591261113"", ""+918779695560"", ""+919321366003"", ""+919473574489"", ""+919561565624"", ""+919819541403"", ""+919833133111""]","{""Facebook"": [""https://facebook.com/eumeworld""], ""Instagram"": [""https://instagram.com/eumeworld""], ""X"": [""https://x.com/eumeworld_""], ""YouTube"": [""https://youtube.com/channel/UCrlu294g_k6vFDVNh4oYuYA""]}",Bags & travel,"Welcome to EUME! Explore innovative, stylish travel bag designed for everyday commuters and jetsetters. Experience comfort, and sustainability today!",https://eumeworld.com/cdn/shop/files/EUME_BLACK.png?height=60&v=1768216337,Maharashtra,2026-09-29T22:43:08.114801+00:00
a65932a027b7a531,https://www.herbs4sure.com/,"[""herbs4sure@gmail.com""]","[""+911244385895""]","{""Facebook"": [""https://facebook.com/herbs4sure""], ""Instagram"": [""https://instagram.com/herbs4sure""]}",Health & wellness,"An Official e-Store For Ayurvedic & Herbal Skin Care Body Care Beauty Products Headquartered In Gurgaon, Looking For 100% Natural, Ayurvedic, Cruelty free Unani Science holistic beauty and wellness Products.",https://www.herbs4sure.com/cdn/shop/files/INSTA_POSTS_4_360x.png?v=1711084061,Haryana,2026-09-29T22:43:14.412366+00:00
b9b945469ea8bad5,https://www.poochmate.com/,"[""contactus@poochmate.com""]","[""+919650197999""]","{""Facebook"": [""https://facebook.com/poochmate_india""], ""Instagram"": [""https://instagram.com/poochmate_india""]}",Apparel,"Best dog beds online in India. Buy Dog Travel Beds, Dog Beds, Dog Harness & more. PoochMate offers a premium range of pet products in India. High-quality dog beds, with cotton & linen covers & hypoallergenic filling. Breathable dog collars & harnesses.",https://www.poochmate.com/cdn/shop/files/PM_logo-01.png?v=1616726759&width=600,Delhi,2026-09-29T22:44:29.738151+00:00
d38623be16b16356,https://thedapperman.in/,"[""info@thedapperman.in""]","[""+919990995764""]","{""Facebook"": [""https://facebook.com/TheDapperManIN""], ""Instagram"": [""https://instagram.com/thedapperman.in""]}",Footwear,"The Dapper Man is a lifestyle and menswear brand India providing handcrafted luxury shoes, men's accessories, neck ties, bow ties, lapel flower pin, pocket squares Best quality men's shoes in India, Handcrafted leather shoes India, Best men's accessories India, men's tie India, Men's neck tie India",https://thedapperman.in/cdn/shop/files/TDM-new-white_d1365705-b6ea-4f96-b7f5-5d55dbb65bb1.png?v=1630539954&width=235,Haryana,2026-09-29T22:50:32.268747+00:00
d71cbbca7c5a6f4b,https://studiogkw.com/,"[""info@gkwretail.com"", ""support@gkwretail.com""]","[""+918929311366""]","{""YouTube"": [""https://youtube.com/@GKWRetail""]}",Home & living,"Discover Studio GKW, your premier online furniture store in India. Explore a vast collection of stylish sofas, beds, sofa beds, and dining chairs. Enhance your space with our office essentials, coffee tables & home decor items. Find your perfect pieces today with easy online shopping and free home delivery options!",https://studiogkw.com/cdn/shop/files/studio_gkw_nerw_logo_hopify_website_1.png?v=1762590212&width=600,Delhi,2026-09-29T22:45:41.397432+00:00
ed6e9f05048e9675,https://tweeinone.com/,"[""info@tweeinone.com"", ""marketing@tweeinone.com"", ""orders@tweeinone.com"", ""support@tweeinone.com"", ""tweewebsite@gmail.com""]","[""+916260610328"", ""+919827777737""]","{""Facebook"": [""https://facebook.com/TweeInOne""], ""Instagram"": [""https://instagram.com/tweeinone""], ""YouTube"": [""https://youtube.com/@tweeinone2254""]}",Apparel,"Explore the future of sustainable fashion with TWEE IN ONE's unique reversible and convertible clothing. Embrace eco-friendly, versatile designs that transform your style and reduce your carbon footprint. Our innovative collections for women and kids offer the perfect blend of functionality, style, and sustainability.",https://tweeinone.com/cdn/shop/files/tweeLogo.webp?v=1701245615&width=600,Maharashtra,2026-09-29T22:46:53.580234+00:00
192ba1ff795d3228,https://brownsaltbakery.com/,"[""hello@brownsaltbakery.com""]","[""+917506540736""]",{},Food & nutrition,"Brownsalt Bakery is one of the best Online Bakery Shops in India. Selling delicious & lip-smacking cakes, granola, cookies & more online.",https://brownsaltbakery.com/cdn/shop/files/Brownsalt_Logo_Black-01_1_4_1.png?v=1694679291&width=90,Maharashtra,2026-09-29T22:36:54.676585+00:00
2b273c06957084d7,https://www.harlaarts.com/,"[""harlaarts@gmail.com"", ""jadabendrabarua+import1_valj@gmail.com"", ""minakshi09@gmail.com"", ""pravinkhambalkar88@gmail.com"", ""priyankajalaj@gmail.com"", ""sunshinemomsblog@gmail.com"", ""support@harlaarts.com""]","[""+916304259171"", ""+919958674439""]","{""Facebook"": [""https://facebook.com/harlaarts""], ""Instagram"": [""https://instagram.com/harlaarts""]}",Plants & gardening,"Transform your house into a haven with Harla Arts. Shop premium ceramic planters designed to inspire and bring joy to your everyday life. Find the perfect plant pot for your house plants at Harla Arts. Sustainable and stylish, our planters are crafted with love for plants and the planet.",https://www.harlaarts.com/cdn/shop/files/Logo_Name_Olive_2048x2048.png?v=1710511482,Telangana,2026-09-29T22:37:49.112423+00:00
3e6904574c47d91e,https://www.alzibacares.com/,[],"[""+917622840111"", ""+917859878997"", ""+919104687855"", ""+919104687955""]","{""Facebook"": [""https://facebook.com/alzibacaresofficial""], ""Instagram"": [""https://instagram.com/alzibacares""], ""YouTube"": [""https://youtube.com/@alzibacares""]}",Skincare,"ALZIBA CARES offers vitamin and antioxidant rich personal care products. Guarantees paraben, toxin, and chemical-free products. Shop 100% organic face, skin, hair, and body care products.",https://www.alzibacares.com/cdn/shop/files/alziba_logo_90x.png?v=1654518926,Gujarat,2026-09-29T22:38:29.675565+00:00
493293fd6e27f10d,https://www.mouldindia.in/,"[""info@mouldindia.in""]","[""+912223512917"", ""+912235661281"", ""+919819360461""]","{""Facebook"": [""https://facebook.com/Mouldindia.in""], ""Instagram"": [""https://instagram.com/mould.in""]}",Home & living,"Luxury & quality home decor, unique objects, and sculptures for gifting and home decor. Created in Europe and curated by us, we offer a wide range of showpieces, artifacts, and accessories for all gifting occasions and home decor. Our collections include world-famous artists Romero Britto and Guillermo for chino.",https://www.mouldindia.in/cdn/shop/files/white_logo_transparent.png?v=1710946763&width=2371,Maharashtra,2026-09-29T22:39:04.165513+00:00
4d1bd15f751ba4a8,https://viha.online/,"[""vihachennai@gmail.com""]","[""+918825861822""]","{""Facebook"": [""https://facebook.com/viha""], ""YouTube"": [""https://youtube.com/@anithapushpavanamkuppusamyviha""]}",Apparel,"Viha.online offers all pooja items, handmade organic soaps, traditional rice varieties, Jewelry Collection, Vastu Products, Karungali Products, Gomathi Chakra, Gift Articles and Home appliances at best price. We home deliver all Viha Online Products across the world from Viha Showroom at Raja Annamalai Puram, Chennai.",https://viha.online/cdn/shop/files/VIHA_FINAL_LOGO_2_250x.jpg?v=1613739660,Tamil Nadu,2026-09-29T22:39:16.862378+00:00
870a323f181cf45d,https://cahoot.in/,"[""support@cahoot.in"", ""support@campussutra.com""]","[""+918970919047"", ""+919900008413""]","{""Facebook"": [""https://facebook.com/cahootin""], ""Instagram"": [""https://instagram.com/cahoot.in""]}",Apparel,"Shop effortless, trend-driven men's clothing made in India. Discover shirts, trousers, and jackets. Enjoy 7-day easy returns & Express Delivery",https://cahoot.in/cdn/shop/files/Cahoot_Logotype_Logo_1_Blue_on_White.png?height=50&v=1781078942,Karnataka,2026-09-29T22:41:37.812022+00:00
b4410fd87d690b32,https://bokitta.in/,"[""care@bokitta.in"", ""cs@bokitta.net""]","[""+919886446667""]",{},Apparel,"BOKITTA's Online Hijab Store offers fashionable, ready to wear & pinless hijabs for Muslim women and children. Shop plain & print instant hijabs online in chiffon, silk & more",https://bokitta.in/cdn/shop/files/logo_200x_7b30afc2-c2d8-45f4-8217-87b7d9f605d7.png?v=1775539355&width=600,Karnataka,2026-09-29T22:44:19.074302+00:00
e595851bf259e445,https://justhuman.co.in/,"[""justhuman@swanrose.co""]","[""+919650634441""]","{""Facebook"": [""https://facebook.com/justhumanindia""], ""Instagram"": [""https://instagram.com/justhumanindia""]}",Hair care,"Discover clean beauty products powered by neurocosmetic science. Shop skincare, hair care and personal care solutions designed for fast results and everyday wellbeing.",https://justhuman.co.in/cdn/shop/files/JH_Logo_2025_White.png?height=50&v=1745903051,Delhi,2026-09-29T22:46:13.618323+00:00
f1e3c95cd61896c3,https://www.vinusto.in/,"[""care@viraasat.in""]","[""+919711622559""]","{""Facebook"": [""https://facebook.com/Vinusto""], ""Instagram"": [""https://instagram.com/vinusto""], ""LinkedIn"": [""https://linkedin.com/company/viraasat-ventures-private-limited""], ""X"": [""https://x.com/Vinusto""]}",Apparel,"Shop Indian Designer Clothing, Lehenga Sets, Wedding Sarees, Anarkali Suits, Kurtas & Fabrics Designed for Women. Our Products are Handcrafted using Authentic & Handwoven Fabrics Sourced from Certified Weavers in Handloom Clusters of India.",https://www.vinusto.in/cdn/shop/files/55a1db41-dfbd-4600-b6d1-888f7139f8d9_150x.png?v=1729318333,Uttar Pradesh,2026-09-29T22:47:19.962323+00:00
f4387b3ff93c29b2,https://somethingsbrewing.in/,"[""hello@somethingsbrewing.in"", ""sales@somethingsbrewing.in"", ""support@somethingsbrewing.in""]","[""+919240083540"", ""+919611309091""]","{""Facebook"": [""https://facebook.com/smthingsbrewing""], ""Instagram"": [""https://instagram.com/smthingsbrewing""], ""LinkedIn"": [""https://linkedin.com/company/somethings-brewing-india""], ""X"": [""https://x.com/Somethingsbrwng""], ""YouTube"": [""https://youtube.com/c/SomethingsBrewing""]}",Coffee & tea,"Something's Brewing sells coffee machines, grinders, brewers and accessories from 25 plus brands online and at its Bengaluru and Surat stores, across India.",https://somethingsbrewing.in/cdn/shop/files/SB.in_Final_Logo_with_tagline_17f1a9b8-0e6b-4336-9843-3bf63a4bc335.png?v=1614394092&width=90,,2026-09-29T22:47:33.883672+00:00
f4eeac907274ac7d,https://www.shopethnos.com/,"[""help@shopethnos.com""]","[""+918920219596""]","{""Facebook"": [""https://facebook.com/shopethnos""], ""Instagram"": [""https://instagram.com/shopethnos""], ""Pinterest"": [""https://pinterest.com/shopethnos""]}",Apparel,"Ethnos brings you the best in Indian ethnic fashion. We have stylish collections of sarees, salwar suits lehenga, anarkalis, kurti and kurta's. We deliver authentic, handpicked and mesmerizing collection of ethnic wear.",https://www.shopethnos.com/cdn/shop/files/Ethnos_Branding_transparent.webp?v=1705777417&width=280,Delhi,2026-09-29T22:47:30.333150+00:00
1dddc3deccead74b,https://www.punjabitraditionaljewellery.com/,"[""ptjcare@gmail.com""]","[""+919914721111""]","{""Facebook"": [""https://facebook.com/punjabijewellery""], ""Instagram"": [""https://instagram.com/punjabijewellery""], ""Pinterest"": [""https://pinterest.com/punjabijewellery""]}",Jewellery,"Punjabi Jewellery 2018 Latest Designs. Buy Bridal Churra, Kalira, Punjabi Jewellery Sets, India Jewellery, Kundan & Jadau Sets, Punjabi Neckace Set Online. Best Pricing for Traditional Jewellery Online. Wedding Kalira & Custom Churra Buy Online. Punjabi Giddha Style and Wedding Kalire Worldwhide Shipping.",https://www.punjabitraditionaljewellery.com/cdn/shop/files/Asset_1dollar.png?v=1780998498&width=500,Punjab,2026-09-29T22:37:03.871757+00:00
461f300a42a11ccb,https://www.burgerbaeclothing.com/,"[""superheroes@burgerbaeclothing.com""]","[""+917711993343""]","{""Instagram"": [""https://instagram.com/burger.bae""]}",Apparel,We are a sustainable streetwear clothing brand. Our vision is to diminish the line between high end fashion and streetwear to create a more unified clothing line!,https://www.burgerbaeclothing.com/cdn/shop/files/jucy_logo.pdf.png?v=1773343731,Punjab,2026-09-29T22:38:46.060918+00:00
4cee2121a5644188,https://leathersubculture.com/,"[""contact@leathersubculture.com"", ""info@leathersubculture.com""]","[""+919602219363""]","{""Facebook"": [""https://facebook.com/subculture.india""], ""Instagram"": [""https://instagram.com/maharaja_of_india"", ""https://instagram.com/subculture.india""], ""LinkedIn"": [""https://linkedin.com/in/randhirpratapsingh""], ""X"": [""https://x.com/subculture_in""], ""YouTube"": [""https://youtube.com/channel/UC1uFPs53UDpwB9GYffQNs6Q""]}",Intimate wellness,"Subculture creates handcrafted leather, latex and metal objects exploring identity, intimacy and self expression through contemporary design and exceptional craftsmanship.",https://cdn.shopify.com/s/files/1/0584/7829/7268/files/Logo_V2.svg?v=1750620637,Rajasthan,2026-09-29T22:39:35.070237+00:00
4e88890738a4bee6,https://viseartofficial.in/,"[""care.viseartofficial@gmail.com""]","[""+9118008903502"", ""+917291956156""]","{""Facebook"": [""https://facebook.com/viseartofficial""], ""Instagram"": [""https://instagram.com/viseartofficialindia""], ""YouTube"": [""https://youtube.com/channel/UCTfpnbM3cDjc1iTWSKbpbSQ""]}",Beauty & fragrance,"Shop the Beauty, Makeup and Cosmetic Products Online at Viseart India. Find the best Foundation, Concealer, Mascara, Eyeshadow, Brow Pencil or Lipstick for your enhanced look.",https://viseartofficial.in/cdn/shop/files/va-logo-footer-updated_8099c733-97d0-4ea9-b730-e5b0f1b1ca02.png?v=1613552292,Maharashtra,2026-09-29T22:39:21.474601+00:00
5ff1a36ce1ce76e2,https://sanatan.in/,"[""support@sanatan.in""]","[""+917392087309"", ""+917905769586""]","{""Facebook"": [""https://facebook.com/profile.php?id=100071826218914"", ""https://facebook.com/sevasanatan""], ""Instagram"": [""https://instagram.com/sanatan.in""], ""LinkedIn"": [""https://linkedin.com/company/sanatan-in""], ""X"": [""https://x.com/sanatanIN_""], ""YouTube"": [""https://youtube.com/@sevasanatan""]}",,"Make your puja more delightful with the largest collection of Spiritual and Pooja Essentials. Explore Gita Press Books, Pooja Clothes, Pooja Bartan, Pooja Samagri, Malas, Bhajan Essentials & Spiritual Books in more than 15 languages with India’s largest Sanatan Online Store and get it delivered to your home. Shop Now.",https://sanatan.in/cdn/shop/files/sanatan_logo_e1320949-9c1d-4058-b702-7376ce1a427a_300x@2x.png?v=1690370124,Uttar Pradesh,2026-09-29T22:39:57.605422+00:00
60366d548745cd16,https://theformularx.com/,"[""charan@theformularx.com"", ""support@theformularx.com""]","[""+919311920364"", ""+919311920365""]","{""Facebook"": [""https://facebook.com/theformularx""], ""Instagram"": [""https://instagram.com/theformularx""]}",Skincare,"Developed by Scientists and trusted by Dermatologists, The Formularx Dermocosmetics is India's No.1 Barrier Care Brand for Sensitive Skin. Explore our skincare range of Skin Barrier Repairing Ceramide Moisturizers, Broad spectrum Sunscreens, and Sensitive Skin Friendly Serums designed to deliver visible results.",https://theformularx.com/cdn/shop/files/brand_logo_33.png?v=1783510332&width=600,Uttar Pradesh,2026-09-29T22:40:00.877889+00:00
a895bc7f9473295a,https://street9.com/,"[""care@street9.com"", ""support@street9.com""]","[""+919310786565""]","{""Facebook"": [""https://facebook.com/profile.php?id=61555541138669""], ""Instagram"": [""https://instagram.com/street9com""]}",Apparel,"Online fashion shopping store for women clothes in India. Buy women's clothing, handbags, jewellery, bags at Street9.",https://street9.com/cdn/shop/files/street9-logo_811c1b5a-68bb-4ef6-a393-d7ef5d9c3c90_300x.png?v=1661428266,Uttar Pradesh,2026-09-29T22:43:25.962020+00:00
ad29d39c3b87c8c8,https://desitoys.in/,"[""contactus@desitoys.in""]","[""+912249749188"", ""+919326376384""]","{""Facebook"": [""https://facebook.com/desitoysindia""], ""Instagram"": [""https://instagram.com/desitoysindia""], ""LinkedIn"": [""https://linkedin.com/company/desi-toys""], ""X"": [""https://x.com/desitoysindia""], ""YouTube"": [""https://youtube.com/channel/UCJ9Qdg-04pPTEQDxqa47H1w""]}",Toys & games,"Explore a wide range of kids' toys online in India. Discover traditional Indian toys, including Made in India options. Buy toys online with ease.",https://desitoys.in/cdn/shop/files/desi_toys_logo_no_outline_png.png?crop=center&height=160&v=1743401768&width=160,Maharashtra,2026-09-29T22:43:47.707883+00:00
cb4d3ccd54abc698,https://mittalteas.com/,"[""info@mittalteas.com"", ""nikita@mittalteas.com""]","[""+33658138314"", ""+911141520402"", ""+919958417528"", ""+919958487875""]","{""Facebook"": [""https://facebook.com/mittalteas""], ""Instagram"": [""https://instagram.com/mittalteas""], ""YouTube"": [""https://youtube.com/channel/UCRHClQjzhsYXLMYDnlWpTiA""]}",Coffee & tea,"Discover delicious premium teas online from a trusted B2B Indian tea supplier. Explore quality teas for businesses, carefully sourced for consistency and global markets.",https://mittalteas.com/cdn/shop/files/e84cd971-a727-435c-879b-4953ad9fa18e_9394bc7e-b685-4749-aa48-ea332fa34e61.png?v=1686589144&width=774,Delhi,2026-09-29T22:45:06.779119+00:00
cb5f283a26755ea6,https://pinkcowfashions.com/,"[""admin@pinkcowfashions.com"", ""info@pinkcow.co.in"", ""info@pinkcowfashions.com""]","[""+919969074272""]","{""Facebook"": [""https://facebook.com/pinkcowdresses""], ""Instagram"": [""https://instagram.com/pinkcowfashion""]}",,Pinkcow Designs Private Limited,https://pinkcowfashions.com/cdn/shop/files/PINK_COW_LOGO-01_85x.png?v=1615019366,Maharashtra,2026-09-29T22:45:10.939593+00:00
1992ef7e72e76b7f,https://artisante.in/,"[""customercare@artisante.in"", ""customerservice@artisante.in""]","[""+918976962278""]","{""Facebook"": [""https://facebook.com/Artisanteofficial""], ""Instagram"": [""https://instagram.com/artisante_official""]}",Food & nutrition,"We introduce you to our curated range of luxe chocolates - flavoured, dark, single origin, caramelized and more - and an alluring range of delectable hot chocolate and mocha products.",https://artisante.in/cdn/shop/files/Artisante_Fine_Foods_Copper_2207f752-6a52-449e-b891-119ddf41b1b8_200x.png?v=1633345775,,2026-09-29T22:36:54.869985+00:00
1f644a074a038f87,https://lilpicks.in/,"[""care@lilpicks.in""]","[""+919611719434""]","{""Facebook"": [""https://facebook.com/lilpickscouture""], ""Instagram"": [""https://instagram.com/lilpickscouture""]}",Apparel,Lilpicks Couture crafts one of the best dresses for your little one. It aims to pay close attention to craftsmanship and intricacy with which the designs are chosen.,https://lilpicks.in/cdn/shop/files/lilpicks-logo_7df7af98-ceb4-4201-9fc7-7893a41ce9ac_500x.png?v=1613766160,Delhi,2026-09-29T22:48:29.008102+00:00
24468c41c792cb82,https://www.fridaycharm.com/,"[""care@fridaycharm.com""]","[""+918070177188""]","{""Facebook"": [""https://facebook.com/fridaycharm.in""], ""Instagram"": [""https://instagram.com/fridaycharm""], ""Pinterest"": [""https://pinterest.com/fridaycharm""], ""YouTube"": [""https://youtube.com/@fridaycharm"", ""https://youtube.com/channel/UCWgCcPBnszxsRfERqdh1Wzg""]}",Beauty & fragrance,Shop from a trusted original perfume store online offering authentic fragrances for men and women at best prices across India with fast delivery | FridayCharm,https://www.fridaycharm.com/cdn/shop/files/new_logo_2020_ceb3da91-b9ef-4ebb-b475-557adea75dfb.png?v=1630548263&width=520,Maharashtra,2026-09-29T22:37:23.282177+00:00
3529c888b538a692,https://tablecompany.co/,"[""support@tablecompany.co""]","[""+919035754596"", ""+919980777001""]","{""Instagram"": [""https://instagram.com/tablecompany.co""]}",Home & living,,https://tablecompany.co/cdn/shop/files/Table_company_Secondary_logo-11_150x.png?v=1773336155,,2026-09-29T22:38:04.782330+00:00
4ba617ec6ddb3c55,https://www.ordinaree.com/,"[""care@ordinaree.com""]","[""+917976174704""]","{""Facebook"": [""https://facebook.com/ordinareee""], ""Instagram"": [""https://instagram.com/ordinaree.in""], ""LinkedIn"": [""https://linkedin.com/company/ordinaree""], ""YouTube"": [""https://youtube.com/channel/UC7k0kcYPe0HnP9tphq0QKbQ""]}",Apparel,"Discover the latest trends for women's fashion, online. Find stylish jumpsuits, dresses, tops, and more. New-season trends at the best price.",https://cdn.shopify.com/s/files/1/0106/4897/7444/files/Ordinaree-Logo-new-dark.png?v=1775743082,Rajasthan,2026-09-29T22:39:16.175526+00:00
544a6a1d790804ac,https://www.artinci.com/,"[""team@artinci.com""]","[""+918050119996""]","{""Facebook"": [""https://facebook.com/thesugarfreeketokafe""], ""Instagram"": [""https://instagram.com/artincisugarfree""], ""LinkedIn"": [""https://linkedin.com/company/artinci""], ""X"": [""https://x.com/artincisugarfre""], ""YouTube"": [""https://youtube.com/channel/UCqzN4nXcOodHDpLfTdBoLZg""]}",Food & nutrition,"India's #1 sugar-free mithai brand. Kaju Katli, Motichoor Ladoo, cakes & cookies — pure desi ghee, CFTRI-certified low GI. Shark Tank India S3. Free delivery.",https://www.artinci.com/cdn/shop/files/artinci-logo.png?v=1734930612&width=300,Karnataka,2026-09-29T22:39:35.586670+00:00
957f6a7f93f9ff38,https://gosvish.com/,"[""care@gosvish.com""]","[""+917829440077"", ""+918383003489""]","{""Facebook"": [""https://facebook.com/gosvish""], ""Instagram"": [""https://instagram.com/gosvish""]}",,"SVISH On-The-Go, a range for Personal Hygiene, is crafted to the minutest detail. Its formula is tailored with pharma companies after sampling thousands of essential oils for natural fragrances to create products that are functional and align with your lifestyle.",https://gosvish.com/cdn/shop/files/logo_dark.png?v=1614327408&width=360,Haryana,2026-09-29T22:42:21.613754+00:00
a39a3605f987e319,https://theater.xyz/,"[""dlf.summit@theater.xyz"", ""hello@theater.xyz""]","[""+916280662328"", ""+917888829402"", ""+918909395481""]","{""Instagram"": [""https://instagram.com/theater.xyz""]}",Bags & travel,,https://theater.xyz/cdn/shop/files/THEATER_e54c0fbf-0c72-4d83-9b33-952459496ee6.png?v=1700559448&width=600,,2026-09-29T22:43:00.465506+00:00
a91e887a3abb6435,https://bathoutlet.in/,"[""help@bathoutlet.in"", ""info@vardhmanceramics.com""]","[""+918104595226""]","{""Facebook"": [""https://facebook.com/bathoutlet.in""], ""Instagram"": [""https://instagram.com/bathoutlet.in""], ""Pinterest"": [""https://pinterest.com/bathoutlet2019""]}",,"Buy best sanitary ware fittings & sanitary items from top brands Indulge in the latest additions. from New Launches. New Launches. Buy Gold Color Wall Mount Toilet Seats, Bathroom Toilets, Water Closets Online In India.",https://bathoutlet.in/cdn/shop/files/Untitled_design_4_1.png?v=1669721862&width=373,Maharashtra,2026-09-29T22:43:35.661602+00:00
ae3d1995964cba34,https://invisiblebed.com/,"[""support@invisiblebed.co"", ""support@invisiblebed.com""]","[""+9118005470209"", ""+918047490909"", ""+918884240909"", ""+918884990909""]","{""Facebook"": [""https://facebook.com/invisibleBed.IB""], ""Instagram"": [""https://instagram.com/invisible.bed""], ""YouTube"": [""https://youtube.com/c/Invisiblebedindia""]}",Home & living,"Best wall bed & Murphy bed in India. Explore space-saving folding beds, motorized wall beds & WFH furniture with nationwide delivery. Folding Bed in Mumbai , Folding Bed in Hyderabad, Folding Bed in Bangalore, Folding Bed in Thane, Folding Bed in Pune, Wall Bed in Mumbai, Wall Bed in Bangalore, Wall Bed in Thane",https://invisiblebed.com/cdn/shop/files/invisiblebed_registered_logo_280x.jpg?v=1628084186,Karnataka,2026-09-29T22:43:47.714083+00:00
c37638537b4c5bfb,https://www.nabia.in/,"[""fashionneoma@gmail.com"", ""info@nabia.in""]","[""+917906158397"", ""+919315291108""]","{""Facebook"": [""https://facebook.com/Nabia.in""], ""Instagram"": [""https://instagram.com/nabia.in""]}",Apparel,"Nabia.in is an online shopping store for Islamic clothing. Buy Abaya, Hijab, Kaftan & more ready to wear modest Muslim dresses at most affordable prices.",https://www.nabia.in/cdn/shop/files/Logo_ca062ac5-02a6-436e-ba08-8512e3cf674f_70x.png?v=1692441528,Uttar Pradesh,2026-09-29T22:44:47.253620+00:00
c3d4846025123b0e,https://entertainmentstore.in/,"[""jarvis@entertainmentstore.in"", ""manager@entertainmentstore.in"", ""manager@getradical.in"", ""satish@getradical.in""]","[""+918041511492"", ""+919019796599"", ""+919145500202"", ""+919180209331""]",{},Apparel,"Entertainment Store is one India's largest official merchandise stores. We offer a super cool range of pop culture T-Shirts, Statues, Collectibles, Posters and more.",https://entertainmentstore.in/cdn/shop/files/Mascot_Logo_2.png?height=45&v=1782484664,,2026-09-29T22:50:31.152489+00:00
cd62a911976e95b2,https://www.kent.co.in/,"[""service@kent.co.in""]","[""+919278912345""]","{""Facebook"": [""https://facebook.com/KentROSystemsLtd""], ""Instagram"": [""https://instagram.com/kentrosystems""], ""X"": [""https://x.com/KENTrosystems""], ""YouTube"": [""https://youtube.com/@KentROSystemsLtd""]}",Home appliances,"Kent RO Systems, a leading water purifier brand in India, offers advanced RO, UV, gravity & hydrogen-rich purifiers. Shop now or Book a Free Demo today.",https://www.kent.co.in/cdn/shop/files/kent-logo-w-hop_6b1a978e-f4cc-41d2-9030-785354ab9ea8.svg?v=1776233530&width=105,Uttar Pradesh,2026-09-29T22:45:29.065917+00:00
fc5188ee15078d1a,https://seelove.in/,"[""hello@seelove.in"", ""info@auranatural.in"", ""info@aurantural.in""]","[""+919137347321""]","{""Facebook"": [""https://facebook.com/seeloveindia""], ""Instagram"": [""https://instagram.com/seeloveindia""]}",Skincare,"Skincare powered by clean vegan ingredients created for modern day skincare problems. Explore our best-selling skincare solutions for barrier repair, hyper-pigmentation, acne, dullness and dryness. Dermatologist tested on Indian skin in Indian weather collections. Gentle Skincare thats kind to you & the environment.",https://seelove.in/cdn/shop/files/see-love-logo.png?v=1637643389&width=467,,2026-09-29T22:48:02.881062+00:00
5b2c63e66791c263,https://thepeppystore.in/,"[""support@thepeppystore.in"", ""thepeppystore29@gmail.com""]","[""+9118602331234"", ""+919321196846""]","{""Facebook"": [""https://facebook.com/thepeppystore.in""], ""Instagram"": [""https://instagram.com/thepeppystore.in""]}",Toys & games,"Shop India's largest diecast cars collection Hot Wheels, Bburago, Mini GT scale model cars & collectibles. 100% authentic, fast shipping across India.",https://thepeppystore.in/cdn/shop/files/TPS_logo_final_9e646311-cb32-4391-aa06-d252b44fbdeb.png?v=1728049277&width=2102,Maharashtra,2026-09-29T23:01:17.391480+00:00
2295e53290cd5445,https://vegandukan.com/,"[""contact@vegandukan.com""]","[""+919342487070"", ""+919742740040""]","{""Facebook"": [""https://facebook.com/vegandukan""], ""Instagram"": [""https://instagram.com/vegandukan""], ""YouTube"": [""https://youtube.com/@vegandukan""]}",Food & nutrition,"Plant-based curd, tofu, whitener, milk, grocery and Lifestyle Store exclusively for Vegan Products. Based in Bangalore, Delivering across India since 2019.",https://vegandukan.com/cdn/shop/files/VD_Website_Logos_c80cdcf7-2592-441f-981d-a3821863cc08.png?v=1698822908&width=600,Karnataka,2026-09-29T22:52:27.472688+00:00
2840efc04d31c5f4,https://www.wobblywalk.com/,"[""admin@wobblywalk.com""]","[""+918447048532"", ""+918826661012"", ""+919717172858""]","{""Facebook"": [""https://facebook.com/WobblyWalk""], ""Instagram"": [""https://instagram.com/thewobblywalk""], ""Pinterest"": [""https://pinterest.com/thewobblywalk""], ""X"": [""https://x.com/wobblywalk""], ""YouTube"": [""https://youtube.com/c/WobblywalkIndia""]}",Apparel,Designer maternity brand in India. We design Maternity Clothes to wear during and after pregnancy. Sizes available up to 5XL. Our nursing collection has easy breastfeeding access. Free Shipping & Returns.,https://www.wobblywalk.com/cdn/shop/files/maternity-logo2.png?v=1746099040&width=404,Uttar Pradesh,2026-09-29T22:52:59.302093+00:00
357b17748d0d824c,https://madebyhideous.com/,"[""admin@hideous.in"", ""hello@hideous.in"", ""info@hideous.in""]",[],"{""Facebook"": [""https://facebook.com/hideous.luxury""], ""Instagram"": [""https://instagram.com/hideousluxury""]}",Bags & travel,"Inspired by Japanese minimalism and their outlandish take on design, Hideous makes hand-stitched leather bags and accessories.",https://madebyhideous.com/cdn/shop/files/Hideous_Logo_Black_91f84bcd-ddd2-4631-9cd1-640ff7b4f44c.svg?v=1723554681&width=182,Haryana,2026-09-29T23:21:56.300277+00:00
4607ea721cbf19f6,https://www.octavius.in/,"[""info@octavius.in""]","[""+919313530035"", ""+919313530038"", ""+919990424400""]","{""Facebook"": [""https://facebook.com/OctaviusEmporium""], ""Instagram"": [""https://instagram.com/octavius.tea""], ""LinkedIn"": [""https://linkedin.com/company/octavius-tea""], ""YouTube"": [""https://youtube.com/channel/UCa3tzBLLeOt_w3aWcGWOlTA""]}",Coffee & tea,"Octavius offers premium Indian teas crafted from the finest leaves. Explore black. green, herbal and speciality teas for every tea lover.",https://www.octavius.in/cdn/shop/files/LOGO_PNG_BLACK_large.png?v=1717067030,Delhi,2026-09-29T22:58:23.993173+00:00
502b684b2e6ddfca,https://resanskrit.com/,"[""namaskar@resanskrit.com"", ""namskar@resanskrit.com"", ""resanskrit@gmail.com""]","[""+918668944907""]","{""Facebook"": [""https://facebook.com/resanskrit""], ""Instagram"": [""https://instagram.com/resanskrit""], ""X"": [""https://x.com/ReSanskrit""], ""YouTube"": [""https://youtube.com/@resanskrit_""]}",Apparel,"ReSanskrit is an attempt to bring pearls of wisdom from ancient Sanskrit to the modern world. Started as an Instagram channel in late 2016, we aim to shine a new light on Sanskrit with the help of our beautiful designs, well-written and researched content and our merchandise.",https://resanskrit.com/cdn/shop/files/ReSanskrit_Logo_205x.svg?v=1718363156,Maharashtra,2026-09-29T22:59:41.542038+00:00
5da4bae47e2a175b,https://www.tastynibbles.in/,"[""customercare@tastynibbles.in"", ""ecom@hic-abf.com""]","[""+919207700018""]","{""Facebook"": [""https://facebook.com/TastyNibblesOfficial""], ""Instagram"": [""https://instagram.com/tastynibblesfoods""], ""YouTube"": [""https://youtube.com/channel/UCrkD-XhulAyGsyrd4gYhXxQ""]}",,,https://www.tastynibbles.in/cdn/shop/files/Tasty_Nibbles_Logo_90x.png?v=1652340733,Kerala,2026-09-29T23:01:31.856872+00:00
85ce4d40d1deaa00,https://www.globalrepublic.in/,"[""contact@globalrepublic.in""]","[""+917428531799"", ""+918448490933""]","{""Facebook"": [""https://facebook.com/globalrepublicfashion""], ""Instagram"": [""https://instagram.com/globalrepublicfashions""], ""LinkedIn"": [""https://linkedin.com/company/global-republic""], ""X"": [""https://x.com/globalrepublicf""], ""YouTube"": [""https://youtube.com/@globalrepublicfashion""]}",Apparel,"Global Republic is India’s go-to fashion brand for modern women & men. Shop stylish co-ords, western wear, dresses, tops & winterwear—crafted for comfort, versatility & bold expression. Explore premium-quality clothing designed to fit every moment of your life.",https://www.globalrepublic.in/cdn/shop/files/GR.png?v=1754563579&width=600,Delhi,2026-09-29T23:07:45.851474+00:00
8fa14f84afa3cbc1,https://www.thirdwavecoffeeroasters.com/,"[""care@thirdwavecoffee.in"", ""orders@thirdwavecoffee.in"", ""roasters@thirdwavecoffee.in""]","[""+918047108111""]","{""Facebook"": [""https://facebook.com/thirdwavecoffeeindia""], ""Instagram"": [""https://instagram.com/thirdwavecoffeeindia""]}",Coffee & tea,Best coffee brands in India | Order best-selling coffee online | High quality 100% arabica Coffee | No preservatives | Delivered at your doorstep.,https://www.thirdwavecoffeeroasters.com/cdn/shop/files/TWC_logo_without_R-01.png?v=1695243143,Karnataka,2026-09-29T23:08:37.572263+00:00
a62c6da42e45c64c,https://mydiagnostics.in/,"[""contact@mydiagnostics.in"", ""contact@pytheoshealth.com"", ""info@mydiagnostics.in""]","[""+918047166161""]","{""Facebook"": [""https://facebook.com/mydiagnostics""], ""Instagram"": [""https://instagram.com/mydiagnostics_in""], ""X"": [""https://x.com/MyDiagnosticsIN""]}",Gifts & personalization,"MyDiagnostics provides Preventive Health Care Services and Longevity Diagnostics at home with high quality labs, Free home sample collection, online booking & Personalized wellness packages at affordable cost.",https://mydiagnostics.in/cdn/shop/files/MyD_logo_white.png?v=1734367976,Karnataka,2026-09-29T23:10:04.820732+00:00
c57165c282a1a4b3,https://www.aumnicrafts.in/,"[""support@aumnicrafts.com""]","[""+918800553979"", ""+919994945275"", ""+919994945291""]","{""Facebook"": [""https://facebook.com/AumniCrafts""], ""Instagram"": [""https://instagram.com/aumnicrafts""], ""X"": [""https://x.com/aumnicrafts""]}",,"The best and biggest online shop in India to buy beads, jewel supplies, DIY art & craft supplies, jewellery boxes, jewelry, sewing accessories, gifts and home decor products at wholesale prices.",https://www.aumnicrafts.in/cdn/shop/files/aumni-crafts-logo-388x93-registered_6fef93d5-5169-44fa-9589-b669ec284ab7_200x.png?v=1738938738,,2026-09-29T23:14:19.726688+00:00
f75ac5761bac45ff,https://freedomtree.in/,"[""askft@freedomtreedesign.com"", ""design.services@freedomtreedesign.com""]","[""+912248931793"", ""+917710973420"", ""+919649649364"", ""+919820918185""]","{""Facebook"": [""https://facebook.com/FreedomTree.HomeStore.DesignStudio""], ""Instagram"": [""https://instagram.com/freedomtreehome""], ""LinkedIn"": [""https://linkedin.com/company/freedom-tree-home-decor-design-studio""], ""YouTube"": [""https://youtube.com/channel/UCOOcsU8RFcgfCTJBhqRS-fw""]}",Home & living,"Shop designer handcrafted furniture, upholstery, textiles, curtains, cushions, rugs, lighting, handpainted ceramics and clothing at Freedom Tree - a modern online store for home decor and lifestyle, designed and made in India.",https://freedomtree.in/cdn/shop/files/FT_logo_abd5abae-9e5d-4527-8d95-5d041875ec4c_180x.png?v=1782195560,Maharashtra,2026-09-29T23:19:58.167698+00:00
0a93da895ccbcf23,https://chriscross.in/,"[""sales@chriscross.in""]","[""+918148960664""]","{""Facebook"": [""https://facebook.com/chriscrossshop""], ""Instagram"": [""https://instagram.com/chriscrossshop""], ""LinkedIn"": [""https://linkedin.com/company/chris-cross""], ""X"": [""https://x.com/chriscrossshop""]}",Apparel,"Chris Cross creates hobby-inspired apparel for bikers, drifters & adventurers. Ride, explore, and live your passion with our premium collection!",https://chriscross.in/cdn/shop/files/CC_Logo_512x512_8d642251-8589-4e54-957c-a59afe17cb90.png?v=1660893712&width=512,Tamil Nadu,2026-09-29T22:51:37.811401+00:00
1420cb119c9219a5,https://www.zwende.com/,"[""hello@zwende.com"", ""support@zwende.com""]","[""+918033172745"", ""+918047103188""]","{""Facebook"": [""https://facebook.com/zwendedesign""], ""Instagram"": [""https://instagram.com/zwendedesign""], ""YouTube"": [""https://youtube.com/@zwende""]}",,One-of-a-kind handcrafted products & artistic experiences from Indian makers and artists· Handcrafted products that are 100% customizable. Free Shipping Available. 365 Day Return.,https://www.zwende.com/cdn/shop/files/Zwende_Technologies_Pvt_Ltd._-_Logo.png?v=1716897290&width=300,Karnataka,2026-09-29T22:51:56.568646+00:00
50719be28f520533,https://www.bangalorewatchco.in/,"[""biz@bangalorewatchco.in"", ""corp@bangalorewatchco.in"", ""hello@bangalorewatchco.in"", ""pr@bangalorewatchco.in""]","[""+918042184307"", ""+919980081635""]","{""Facebook"": [""https://facebook.com/bangalorewatchco""], ""Instagram"": [""https://instagram.com/bangalorewatchco""], ""LinkedIn"": [""https://linkedin.com/company/bangalorewatchco""], ""YouTube"": [""https://youtube.com/channel/UCw70RCTSc4G0KOZZYanSzyA""]}",Watches & eyewear,"World-class automatic watches designed and assembled in Bangalore. Wear a conversation piece, wear a piece of home!",https://www.bangalorewatchco.in/cdn/shop/files/Bangalore_Logo_Color_Positive_PNG_RGB_250x.png?v=1614351635,Karnataka,2026-09-29T23:00:18.928820+00:00
618021171b723aa4,https://www.skinq.com/,"[""hello@skinq.com""]","[""+916366710966"", ""+918951292323""]",{},Skincare,"High-performance, math-inspired skincare for real skin concerns. Follow the process. Achieve visible results.",https://www.skinq.com/cdn/shop/files/Skinq_Logo_Black_1.png?v=1769858528&width=600,Haryana,2026-09-29T23:02:07.506221+00:00
685ae3b90ce664fa,https://www.spreadhome.com/,"[""customercare@spreadhome.com"", ""info@spreadhome.com""]","[""+911147019200""]","{""Facebook"": [""https://facebook.com/SPREADSPAIN""], ""Instagram"": [""https://instagram.com/spreadspain""]}",Home & living,"Visit our website Spreadhome.com to purchase 100% cotton bedding, including sheets, Doctor Pillow, Tencel Pillow, blankets, cushion covers, and Luxurious quality Bed-sheets.",https://www.spreadhome.com/cdn/shop/files/Spread_Home_Logo_150x.svg?v=1707109382,Delhi,2026-09-29T23:02:56.680255+00:00
89c2b10d5edd4a92,https://domanishoes.com/,"[""info@domanishoes.com""]","[""+911141069200"", ""+918282827112""]","{""Facebook"": [""https://facebook.com/modellodomani""], ""Instagram"": [""https://instagram.com/domanishoes""]}",Footwear,"Handcrafted men's footwear for weddings, corporate, and every occasion in between. Velvet slip-ons, Patina leather oxfords, Travel loafers, Embroidered juttis, and Made-to-order bespoke designs. Modern craftsmanship. Shipped worldwide. Est. 2012",https://domanishoes.com/cdn/shop/files/Logo_5c0280eb-987c-4b30-84e9-46991d23ec56.png?v=1780016622&width=130,Delhi,2026-09-29T23:08:05.268073+00:00
9992e63c24c807e6,https://cothas.com/,"[""customercare@cothas.com""]","[""+918067278600""]","{""Facebook"": [""https://facebook.com/cothascoffee""], ""Instagram"": [""https://instagram.com/cothas_coffee""], ""X"": [""https://x.com/CoffeeCothas""], ""YouTube"": [""https://youtube.com/channel/UCiTJOOLh7WaolaE4M-cQWzg""]}",Coffee & tea,Discover premium blends at Cothas Coffee Company. Shop now for the best coffee online. Perfect for every coffee lover!,https://cothas.com/cdn/shop/files/Cothas_Logo_d730e1f5-e29e-4118-acc6-a45b79ff4db1_400x.png?v=1734338668,Karnataka,2026-09-29T23:09:09.373773+00:00
b500963c4a619f8c,https://earthan.in/,"[""hello@earthan.in""]","[""+919772882309""]","{""Facebook"": [""https://facebook.com/earthan.in""], ""Instagram"": [""https://instagram.com/earthan.in""]}",Jewellery,"Shop handmade ceramics, block print home textiles & silver jewellery from Jaipur. Small batch, artisan made. Free shipping across India.",https://earthan.in/cdn/shop/files/logo_large.png?v=1740247706,Rajasthan,2026-09-29T23:13:12.795563+00:00
1fe7dad72191f67f,https://styleunion.in/,"[""compliance@nexonomniverse.com"", ""sharewithus@styleunion.in""]","[""+917304053032""]","{""Facebook"": [""https://facebook.com/Styleunion.in""], ""Instagram"": [""https://instagram.com/styleunion.in""], ""X"": [""https://x.com/styleunion_in""], ""YouTube"": [""https://youtube.com/@styleunion_in""]}",Apparel,"Explore a variety of fashion wear for men, women, & kids online. Shop your favorite and trendiest designs at best prices only on Style Union.",https://styleunion.in/cdn/shop/files/style_union_logo_d67a9003-5dd4-40cd-b8ef-4ff71db2bba0.svg?v=1754924140&width=1500,Maharashtra,2026-09-29T22:52:26.839040+00:00
21eb81b2865b7f8f,https://energyintelligence.in/,"[""ajayruhela@energyinelligence.in"", ""hello@energyintelligence.in"", ""swati@energyintelligence.in"", ""vaibhav@energyintelligence.in""]","[""+917004712808"", ""+918675976666""]","{""Facebook"": [""https://facebook.com/energyintelligence.in""], ""Instagram"": [""https://instagram.com/energy_intelligence""], ""X"": [""https://x.com/energyintelli""], ""YouTube"": [""https://youtube.com/channel/UCQR2DC9Lz8LRCocINVMp8OQ""]}",,"Don't let power cut interrupt Work from Home. Buy Power Backup Solutions (UPS) for WiFi, Laptop, Desktop, Monitor, TV. Our solutions are designed and built in India for the Indian tropical climate. Multiple configurations.",https://energyintelligence.in/cdn/shop/files/logo-power-keep-powering_9ee2d33c-970a-4d00-bac1-80733e126c11.jpg?v=1679023564&width=600,Uttar Pradesh,2026-09-29T22:52:27.490817+00:00
5cd1e23f04a83a00,https://truveli.in/,"[""online@truveli.in"", ""support@truveli.com"", ""support@truveli.in""]","[""+919512222077""]","{""Instagram"": [""https://instagram.com/truveli.in""]}",Home & living,"We Offers wide range of qualty products in Home and Kitchen, Home Decor, Hardware, Unique Products, Baby and Kids Product, and we also have Best bathroom accesories Collections at best price we also offer free Shipping on every Order",https://truveli.in/cdn/shop/files/images-removebg-preview.png?v=1784803671&width=600,Gujarat,2026-09-29T23:01:23.179934+00:00
bec9e2c0e3fe2a94,https://thelabellife.com/,"[""help@thelabellife.com"", ""legal@goatbrandlabs.com"", ""mary@thelabellife.com""]","[""+918047106223"", ""+919967194040""]","{""Facebook"": [""https://facebook.com/thelabellife""], ""Instagram"": [""https://instagram.com/thelabellife""], ""YouTube"": [""https://youtube.com/user/TheHomeLabel""]}",Apparel,TheLabelLife is a decade old contemporary fashion brand that creates transitional hero pieces made to last—accented with elevated details.,https://thelabellife.com/cdn/shop/files/TLL_logo_white-01_b30f931e-ee69-4e5e-bfe9-2c0ff0434862.webp?height=126&v=1771583537,Karnataka,2026-09-29T23:13:58.294971+00:00
d698cbad1dce972b,https://givernutrition.com/,"[""marketing@givernutrition.com"", ""support@givernutrition.com""]","[""+917990257007""]","{""Instagram"": [""https://instagram.com/giver.nutrition""], ""YouTube"": [""https://youtube.com/@givernutrition9387""]}",Food & nutrition,"Giver Nutrition is India’s first speciality health supplement company focused on Mental Health, Sleep Health, and Essential Health.",https://givernutrition.com/cdn/shop/files/Group_1.png?v=1621403720,Gujarat,2026-09-29T23:15:48.844294+00:00
d77236c074825f81,https://truesouth.in/,"[""harish@truesouth.in"", ""sales@truesouth.in"", ""support@truesouth.com"", ""support@truesouth.in""]","[""+917022129996"", ""+918041686996"", ""+919900866996""]","{""Facebook"": [""https://facebook.com/truesouthindia""], ""Instagram"": [""https://instagram.com/truesouthindia""], ""YouTube"": [""https://youtube.com/@truesouthindia""]}",Coffee & tea,"Coffee planters by heart since 1905. Driven by a love for the world’s favourite beverages with a focus on innovation. Visit to explore and choose from a wide range of coffees, teas and cold mixes.",https://truesouth.in/cdn/shop/files/Asset_1_3x_57d2dcb1-5abd-425c-be41-153ee80f8f5f_65x.png?v=1695790687,Karnataka,2026-09-29T23:15:42.244371+00:00
ecf747a3dfcebbb3,https://eatanytime.in/,"[""cs@eatanytime.in"", ""orders@eatanytime.in""]","[""+918268000456""]","{""Facebook"": [""https://facebook.com/eatanytime""], ""Instagram"": [""https://instagram.com/eatanytime""], ""X"": [""https://x.com/eatanytimeindia""], ""YouTube"": [""https://youtube.com/@eatanytimeindia""]}",Food & nutrition,"Explore the range of best healthy snacks to buy from the EAT Anytime. Order healthy energy bars, trail mix and protein cookies for daily snacking option. Cash on Delivery and Free Shipping Available.",https://eatanytime.in/cdn/shop/files/eatanytime_new_logo.png?v=1776067040&width=600,Maharashtra,2026-09-29T23:18:27.322643+00:00
0b78f20ac60b8375,https://cocoacraft.in/,"[""order@cocoacraft.in""]","[""+914842390057"", ""+914844049057"", ""+918129446770""]","{""Facebook"": [""https://facebook.com/cocoacraft.chocolate""], ""Instagram"": [""https://instagram.com/cocoacraft.chocolate""], ""YouTube"": [""https://youtube.com/@cocoacraftchocolatefactory""]}",Food & nutrition,"Are you on the look out for premium chocolate for your baking needs? Check out Cocoacraft.in . Find yourself pure chocolates made from single origin cocoa beans, carecrafted in Kerala. Buy them online now.",https://cocoacraft.in/cdn/shop/files/Cocoacraft-logo_-_Copy_new.png?v=1732273917&width=250,Kerala,2026-09-29T22:51:29.693764+00:00
6950df1f3764e1a6,https://huemn.in/,"[""hello@huemn.in"", ""shop@huemn.in""]","[""+919205888364""]","{""Facebook"": [""https://facebook.com/HUEMN""], ""Instagram"": [""https://instagram.com/_huemn""]}",Apparel,"The official e-store of HUEMN, an award winning ready-to-wear unisex fashion brand that is homegrown in India. Co-founded by Pranav Misra and Shyma Shetty in 2012, HUEMN (pronounced: human)'s DNA is young and dynamic, stressing equally on relevance and responsibility. Shop the latest HUEMN collections here.",https://huemn.in/cdn/shop/files/HUEMN_Logo_8f6579fc-e7cb-470b-99b8-ef66ddd162e7_200x.png?v=1747395826,Delhi,2026-09-29T23:02:59.772283+00:00
6a811b60a431c32d,https://www.zestmelange.com/,"[""helpdesk@zestmelange.com""]","[""+917222842228""]","{""Facebook"": [""https://facebook.com/ZMelange""], ""Instagram"": [""https://instagram.com/zestmelange""], ""Pinterest"": [""https://pinterest.com/zestmelange""], ""X"": [""https://x.com/zestmelange""], ""YouTube"": [""https://youtube.com/channel/UCUS9hLDUiWmeDIjUVObUwmQ""]}",Apparel,Shop the latest trends in women's and men's clothing online in India at Zest Melange. Find premium clothes in high-quality materials. Elevate your fashion game now!,https://www.zestmelange.com/cdn/shop/files/zest_logo_b2819b33-079e-4b61-91b6-444ab58b2c45_95x.png?v=1634107240,Maharashtra,2026-09-29T23:03:06.935157+00:00
7445233227a7392f,https://prathajewellery.com/,"[""pkucheria@gmail.com"", ""prathajewellerystudio@gmail.com""]","[""+919869622973""]","{""Facebook"": [""https://facebook.com/prathajewellerystudio""], ""Instagram"": [""https://instagram.com/prathathejewellerystudio""]}",Jewellery,"The house of Antique & Authentic, Bold & Beautiful, Contemporary & Colourful Designer Silver Jewellery. Wide range of products from Silver Earrings, Necklaces, Bracelets, Rings, Bangles, Chains, Pendant & Pendant Sets.",https://prathajewellery.com/cdn/shop/files/logo_60x.webp?v=1670063788,Maharashtra,2026-09-29T23:03:39.775732+00:00
793ea384fa7a6c92,https://houseofbeautyindia.com/,"[""customercare@houseofbeautyindia.com"", ""houseofbeautyindia@gmail.com""]","[""+919810657886"", ""+919971272444""]","{""Facebook"": [""https://facebook.com/houseofbeautyindia""], ""Instagram"": [""https://instagram.com/houseofbeautyindia""], ""LinkedIn"": [""https://linkedin.com/company/houseofbeautyindia""], ""Pinterest"": [""https://pinterest.com/houseofbeautyindia""], ""YouTube"": [""https://youtube.com/channel/UCAFU6ek5Tbz0RoGoAaG6KCQ""]}",,"Select from wide range of Skincare products (Haircare, Serums & Creams, Bodycare, Face Tools (Face Massager, Derma Rollers, LED Masks, Guasha, Face Roller), Supplement Vitamins, Monthly Group Face Yoga and bookings for Experience Zone, Vasant Vihar, Delhi for holistic journey with us. Get your glow On with HOB.",https://houseofbeautyindia.com/cdn/shop/files/Primary_Logo_-_White.png?v=1727241167&width=180,Haryana,2026-09-29T23:05:15.273458+00:00
85ba78f8ab75f794,https://jetlycot.com/,"[""info@jetknit.com""]","[""+916395751050""]",{},Apparel,,https://jetlycot.com/cdn/shop/files/Jet_Logo_B_W.png?v=1725008275&width=600,Uttar Pradesh,2026-09-29T23:07:53.049860+00:00
ca96125004471754,https://www.devsmusic.in/,"[""admissions@devsmusic.com"", ""info@devsmusic.in""]","[""+61493062518"", ""+919923561531"", ""+919923577867""]",{},,"Dev's Music Academy is more than just a Music Education Institute.It is a philosophy and Leading Training Institute in Guitar,Singing, Drums, Dance, Acting, Pia",,Maharashtra,2026-09-29T23:26:17.154028+00:00
dc0dcda87311ae6b,https://bowandsquare.com/,"[""care@bowandsquare.com""]","[""+918514912511"", ""+919332804312""]","{""Facebook"": [""https://facebook.com/BowandSquare""], ""Instagram"": [""https://instagram.com/bowandsquareindia""], ""X"": [""https://x.com/bowandsquare""]}",Apparel,"Bow & Square is a luxury brand offering a wide range of men's clothing and accessories. The collection features meticulously handcrafted items, including linen shirts, pants, and a variety of accessories such as bow ties, pocket squares, scarves, pocket square holders, and neckties.",https://bowandsquare.com/cdn/shop/files/logo_2_250x.png?v=1656495785,Uttarakhand,2026-09-29T23:16:54.778870+00:00
36592474be02574a,https://athflex.com/,"[""info@athflex.com""]","[""+917069319266""]","{""Facebook"": [""https://facebook.com/Athflex""], ""Instagram"": [""https://instagram.com/athflex""], ""X"": [""https://x.com/athflexofficial""], ""YouTube"": [""https://youtube.com/@Athflex""]}",Apparel,"Premium gym and activewear made for Indian bodies, built for workouts and everyday wear.",https://athflex.com/cdn/shop/t/84/assets/A--Athflex-logo.png?v=143304844203494792981790672374,Gujarat,2026-09-29T22:57:42.095904+00:00
3691492b5e618132,https://amintiri.in/,"[""admin@amintiri.in"", ""hello@amintiri.in"", ""suraj@amintiri.in""]","[""+917619312123""]","{""Facebook"": [""https://facebook.com/amintiriindia""], ""Instagram"": [""https://instagram.com/amintiriindia""]}",Food & nutrition,Best Customized Cakes for all Occasions. Choose from the widest varieties of cakes Online. Freshly prepared cakes delivered anywhere in Bangalore | Amintiri,https://amintiri.in/cdn/shop/files/logo_aa4013e0-3b58-49eb-a5a3-a805a8833a81-removebg-preview.png?v=1680776890,Karnataka,2026-09-29T22:57:46.581883+00:00
6d6081242cbf5f17,https://www.anandsweets.in/,"[""care@anandsweets.net""]","[""+916360758650"", ""+916360758651"", ""+918037002129"", ""+918037002130"", ""+918037002133"", ""+918037002134"", ""+918037002135"", ""+918037002136"", ""+918037002137"", ""+918037002138"", ""+918037002139"", ""+918037002140"", ""+918037002141"", ""+918037002142"", ""+919353135383"", ""+919353139148"", ""+919364084911"", ""+919364087490"", ""+919364087491""]","{""Facebook"": [""https://facebook.com/anandsweetsindia""], ""Instagram"": [""https://instagram.com/anandsweetsindia""]}",,"Buy indian sweets online from one of South India's largest sweets' brands - Anand Sweets & Savouries. Freshly made, preservative-free, with Pan India & international shipping.",https://www.anandsweets.in/cdn/shop/files/logo.svg?v=1676482841,Karnataka,2026-09-29T23:04:03.110682+00:00
731dbeb1d4be4277,https://thehandlooms.com/,"[""thehandlooms@gmail.com""]","[""+917398300939"", ""+918618891233""]",{},Apparel,"Bringing you the authentic Handwoven Banarasi Sarees, Pure Georgette Banarasi Saree, Pure Katan Silk Banarasi Saree, Pure Chiffon Khaddi Banarasi Saree, Pure Kora Handloom Banarasi Saree, Pure Tussar Handloom Banarasi Saree, Dupatta, Dress material made by exceptionally gifted Craftsman and Weavers of Banaras.",https://thehandlooms.com/cdn/shop/files/The_Handloom_fe643c6e-5ba1-43cb-9e54-19ff4165a577_295x150.png?v=1754136749,Uttar Pradesh,2026-09-29T23:03:50.487180+00:00
e475674813234cd7,https://blinglane.com/,"[""care@blinglane.com"", ""gandhi@blinglane.com"", ""hello@blinglane.ca"", ""saurabh@blinglane.com""]","[""+14254645263""]","{""Facebook"": [""https://facebook.com/BlinglaneInc"", ""https://facebook.com/blinglaneinc""], ""Instagram"": [""https://instagram.com/blinglane""], ""LinkedIn"": [""https://linkedin.com/company/blinglane"", ""https://linkedin.com/in/saurabhgandhi1"", ""https://linkedin.com/in/shikhathakursingh""], ""Pinterest"": [""https://pinterest.com/blinglane""], ""YouTube"": [""https://youtube.com/@Blinglane""]}",Jewellery,Discover the finest minimal 925 sterling silver jewellery and fashion accessories at Blinglane India online website 🤩 Elegant imported jewellery for every day wear ✔Premium quality ✔Free shipping ✔Skin safe,https://blinglane.com/cdn/shop/files/Blinglane_Logo_final_transparent_500-R-3.png?height=50&v=1779437970,Haryana,2026-09-29T23:17:20.619985+00:00
0c94e5bb0d5b9eb8,https://laurelle.in/,"[""llpindiaofficial@gmail.com"", ""shop@laurelle.in"", ""venesashopify@gmail.com""]","[""+917836885643""]",{},Beauty & fragrance,"Best Perfume for Men & Women: Shop luxury imported perfumes for men & women. Explore long-lasting, elegant fragrances perfect for daily wear, gifting, or making a lasting impression.",https://laurelle.in/cdn/shop/files/lorelle_london_logo_1_410x_04162a26-d38b-48aa-beb9-08de68ab5a01.jpg?height=50&v=1721976811,Delhi,2026-09-29T22:51:50.904837+00:00
695f3ff9524f60ca,https://svenklas.com/,"[""hello@svenklas.com"", ""svenklashq@gmail.com""]","[""+918851601886"", ""+919599942173""]","{""Instagram"": [""https://instagram.com/svenklas""], ""X"": [""https://x.com/ThisisSvenklas""], ""YouTube"": [""https://youtube.com/@thisissvenklas""]}",Bags & travel,"Shop online at Svenklas for sustainable and design-driven luxury premium quality world class backpacks, bags, wallets, tote bags, messenger bags, travel products, laptop bags and travel accessories. Designed for modern travel. Free Shipping and 24/7 Customer Support. 12 Months Warranty.",https://svenklas.com/cdn/shop/files/White_Logo.svg?v=1726392393&width=280,Haryana,2026-09-29T23:03:07.468013+00:00
b0a43498727cd301,https://imagimake.com/,"[""possibilities@imagimake.com""]","[""+919819788014""]","{""Facebook"": [""https://facebook.com/Imagimake""], ""Instagram"": [""https://instagram.com/imagimake""], ""X"": [""https://x.com/imagimake""], ""YouTube"": [""https://youtube.com/c/imagimakePlaySolutions""]}",Toys & games,"As seen on Shark Tank & loved by the Sharks Imagimake offers an exciting range of Educational Toys, Art & Craft Kits & Learning Aids for children aged 3 months and above. Our innovative range aims to deliver holistic creative & cognitive development for young minds. We are available in more than 20 countries!",https://imagimake.com/cdn/shop/files/Imagimake_logo_for_Website_90x.png?v=1659595396,Maharashtra,2026-09-29T23:12:04.473390+00:00
c0a7264049db15e9,https://zevic.in/,"[""cdcustomercare@pittiegroup.com"", ""info@zevic.in""]","[""+911725037897""]","{""Instagram"": [""https://instagram.com/zevic_stevia""]}",,,https://zevic.in/cdn/shop/files/Zevic_Logo_png.png?v=1780476712&width=600,Haryana,2026-09-29T23:13:49.902868+00:00
c755893ff5a0e49f,https://corridorseven.coffee/,"[""corridorcoffeeinfo@gmail.com"", ""info@corridorseven.coffee""]","[""+919503862467""]","{""Facebook"": [""https://facebook.com/corridorsevencoffee""], ""Instagram"": [""https://instagram.com/corridorsevencoffee""], ""X"": [""https://x.com/corridor_seven""], ""YouTube"": [""https://youtube.com/channel/UC_-Fe7wjqGfO2RbQYGncBKQ""]}",Coffee & tea,Corridor Seven: Elevating Indian specialty coffee with fair farmer prices & uncompromised quality. 2x National & 3x International Coffee Awards.,https://corridorseven.coffee/cdn/shop/files/Secondary_Logo_-_White.png?v=1779189247,Maharashtra,2026-09-29T23:14:53.851374+00:00
d7b7c151d96403af,https://cottonsjaipur.com/,"[""care@cottonsjaipur.com"", ""info@cottonsjaipur.com""]","[""+917357996444"", ""+919829745762""]","{""Facebook"": [""https://facebook.com/cottonsjaipurKCPL""], ""Instagram"": [""https://instagram.com/cottonsjaipur""], ""YouTube"": [""https://youtube.com/channel/UCrvjiP7O5p3v7zpDqP_K1QA""]}",Apparel,"Shop from Cottons Jaipur online store - Hand Block printed and screen printed designer clothing products for women. Kurtas, Dupattas, Trousers, Tops and Dresses made from natural fabrics (Cotton, Modal, Flax etc.)",https://cottonsjaipur.com/cdn/shop/files/Cottons_name_black_Logo_125x.png?v=1614309671,Rajasthan,2026-09-29T23:26:34.203767+00:00
f062aec0f6224cd4,https://cladd.in/,"[""claddinternational@gmail.com"", ""info@cladd.in""]","[""+919958197669""]","{""Facebook"": [""https://facebook.com/cladd.inn""], ""Instagram"": [""https://instagram.com/cladd.in""], ""LinkedIn"": [""https://linkedin.com/company/cladd""]}",,"We design and manufacture premium leather-crafted products for modern living and workspaces. Our collection spans 𝗢𝗳𝗳𝗶𝗰𝗲 𝗘𝘀𝘀𝗲𝗻𝘁𝗶𝗮𝗹𝘀, 𝗗𝗲𝘀𝗸 𝗢𝗿𝗴𝗮𝗻𝗶𝘇𝗲𝗿𝘀, 𝗛𝗼𝗺𝗲 𝗗𝗲𝗰𝗼𝗿, 𝗟𝗶𝗳𝗲𝘀𝘁𝘆𝗹𝗲 𝗔𝗰𝗰𝗲𝘀𝘀𝗼𝗿𝗶𝗲𝘀, 𝗧𝗿𝗮𝘃𝗲𝗹 𝗘𝘀𝘀𝗲𝗻𝘁𝗶𝗮𝗹𝘀, 𝗖𝗼𝗿𝗽𝗼𝗿𝗮𝘁𝗲 𝗚𝗶𝗳𝘁𝗶𝗻𝗴, etc.",https://cladd.in/cdn/shop/files/cadd_web_logo.png?height=30&v=1777961866,Haryana,2026-09-29T23:19:27.307590+00:00
f95c22956feeaa3b,https://raahi.in/,"[""contact@raahi.in""]","[""+919501235122""]","{""Facebook"": [""https://facebook.com/raahi.in""], ""Instagram"": [""https://instagram.com/raahi.in""], ""X"": [""https://x.com/raahi_in""]}",,,https://raahi.in/cdn/shop/files/Raahi_Logo_SVG_-_Rectangle.svg?v=8323090603006698831,Punjab,2026-09-29T23:20:27.990514+00:00
1747439974b8bbde,https://skyria.in/,"[""partner@skyria.in"", ""support@skyria.in""]","[""+919910699601""]","{""Facebook"": [""https://facebook.com/skyriaofficial""], ""Instagram"": [""https://instagram.com/skyriaofficial""], ""X"": [""https://x.com/skyriaofficial""], ""YouTube"": [""https://youtube.com/c/SkyriaOfficial"", ""https://youtube.com/channel/UCu7tXL54eMQJaxFKhrltYFg""]}",Apparel,"Buy fashionable activewear for women from a size inclusive brand Skyria. Browse tops, gym shorts, sports bra, tanks, hoodies, leggings, tops, shorts which are great for yoga, gym wear/ training, running in cotton comfort and techdry.",https://skyria.in/cdn/shop/files/SKYRIA_LOGO_sq_902101e5-a315-40cd-bf53-3610be20c364.png?v=1716544316&width=600,Haryana,2026-09-29T22:52:07.337715+00:00
4bf39a2a6d4566cf,https://makoba.com/,"[""online@makoba.com""]","[""+917418334563"", ""+919080352314""]","{""Facebook"": [""https://facebook.com/makobaindia""], ""Instagram"": [""https://instagram.com/makobaindia""]}",,"Shop Luxury Premium Branded Pens Online at Makoba. Namiki, Pilot, Esterbrook, Leonardo, Pelikan, Aurora, Taccia, Scribo, Montegrappa, Sailor, Kaweco, Visconti, Lamy, and more.",https://makoba.com/cdn/shop/files/logo_white_150x.png?v=1674667622,Tamil Nadu,2026-09-29T22:59:23.700637+00:00
527a3ef38d873273,https://www.albertotorresi.com/,"[""customercare@albertotorresi.com""]","[""+917088401110""]","{""Facebook"": [""https://facebook.com/AlbertoTorresiShoes""], ""Instagram"": [""https://instagram.com/albertotorresi""], ""X"": [""https://x.com/AlbertoTorresiS""], ""YouTube"": [""https://youtube.com/user/albertotorresishoes""]}",Footwear,"Buy Men & Women Casual Shoes, Formal Shoes, Boots, Sandals, Slippers, Derby, Brogues, Sneakers, Slip Ons, Flyknit, Espadrilles Online At Best Prices in India.",https://www.albertotorresi.com/cdn/shop/files/logoat_600x_740aa664-607e-4c37-b96b-4bf4face6228.png?v=1613736164,Uttar Pradesh,2026-09-29T23:00:29.033318+00:00
61e59f3fc635f0a0,https://www.makemychairs.com/,"[""sales@makemychairs.com""]","[""+919941448888""]","{""Facebook"": [""https://facebook.com/makemychairsonline""], ""Instagram"": [""https://instagram.com/makemychairs""], ""LinkedIn"": [""https://linkedin.com/company/13434766""], ""X"": [""https://x.com/makemychairs""], ""YouTube"": [""https://youtube.com/channel/UCOtzp6D9-BbZ4elCCz9lMBw""]}",Home & living,"Shop affordable, ergonomic office chairs online at MakeMyChairs. Explore Comfortable & stylish office, kids, cafe, gaming, and student chairs for home or work. where comfort meets performance.Office chairs in Chennai - Best Office chairs in Chennai - Best Gaming Chairs near me - Kids Chairs near me - Cafe &Bar Chairs",https://www.makemychairs.com/cdn/shop/files/mmc_logo_copy.png?v=1735899460&width=320,Tamil Nadu,2026-09-29T23:02:24.707991+00:00
6b5fb9e7c516af16,https://ghasitaramgifts.com/,"[""support@ghasitaramgifts.com""]","[""+917400456777"", ""+919372046500"", ""+919892000011""]",{},,"Send Indian sweets and gifts to USA, UK and anywhere in the world with Ghasitaram Gifts which is an online store in India with effortless internet gift and sweets shopping for your loved ones.",https://ghasitaramgifts.com/cdn/shop/files/rgg17coconutbarfi400.jpg?v=1776686687&width=80,Maharashtra,2026-09-29T23:24:24.861401+00:00
6d9e2fa8c9f81e9e,https://inveda.in/,"[""export@inveda.in"", ""info@inveda.in"", ""support@inveda.in""]","[""+917827544373""]","{""Facebook"": [""https://facebook.com/Inveda.in""], ""Instagram"": [""https://instagram.com/inveda.in""], ""LinkedIn"": [""https://linkedin.com/in/inveda-india""], ""YouTube"": [""https://youtube.com/channel/UC7zZB9MHW_dPR5yohsx1MIA""]}",Hair care,Buy Ayurvedic Beauty Product Online - Inveda offers you ayurvedic skin care and beauty products. Buy Ayurvedic skin care product with exciting offers. Inveda's Ayurvedic Innovative Beauty Products with Unique Formulations. We Believes in Safe & Effective Ayurvedic Skin Care & Hair Care That Works.,,Delhi,2026-09-29T23:04:12.625123+00:00
8bb2ec80e21bde3e,https://www.theauric.com/,"[""care@theauric.com""]","[""+919599339626"", ""+919650787102""]","{""Facebook"": [""https://facebook.com/DrinkAuric""], ""Instagram"": [""https://instagram.com/drinkauric""], ""LinkedIn"": [""https://linkedin.com/company/drinkauric""], ""YouTube"": [""https://youtube.com/channel/UClmOnssFEsXa450hRxxIMyQ""]}",,"Auric, through its comprehensive range of Health & Nutrition products, effortlessly blends Ayurvedic Purity with Modern Lifestyle Convenience for Wellness Conscious Millennials",https://www.theauric.com/cdn/shop/files/Auric-Drinks-Logo_200x.png?v=1614304552,Delhi,2026-09-29T23:08:10.460273+00:00
bdbce1b00b4ccdbb,https://trekmonk.in/,"[""contactus@trekmonk.in""]","[""+918467968321"", ""+918638121174""]","{""Instagram"": [""https://instagram.com/trekmonk""]}",Apparel,"Explore the outdoors with our high quality clothing. Winter jackets for men, jackets for women , range of trekking pants",,Haryana,2026-09-29T23:13:27.773293+00:00
1983b917490aebae,https://leafyisland.com/,"[""contact@leafyisland.com""]","[""+916378144687""]","{""Facebook"": [""https://facebook.com/LeafyIslandOfficial""], ""Instagram"": [""https://instagram.com/leafyislandofficial""]}",Plants & gardening,"Buy Planters, Soil Mixes, Fertilizers and Plant Accessories Online in India at Leafy Island. Free Delivery across India. More than 60,000+ happy deliveries !",https://leafyisland.com/cdn/shop/files/Logo.png?v=1678000087&width=500,Rajasthan,2026-09-29T22:51:58.270563+00:00
44b2b5f2d201d5f2,https://vibecrafts.com/,"[""support@vibecrafts.com""]","[""+919910809884""]","{""Facebook"": [""https://facebook.com/vibecraftsofficial""], ""Instagram"": [""https://instagram.com/vibecrafts_official""], ""YouTube"": [""https://youtube.com/@VibeCrafts""]}",Home & living,"High Quality Home Décor Items, Wall Art & Craft @Upto 70% Off Shop Best Wall Art & home decor online @best price. Browse our huge collection of Home Decoration products, Wall hangings, Canvas art paintings, Coffee Table, Photo frame, wooden Mandir, Shelfs, and wall clock at VibesCrafts.com",https://vibecrafts.com/cdn/shop/files/New_logo_2_e857a2c7-2415-4ad5-a948-0116d82a6f3f.png?v=1773648508&width=400,,2026-09-29T22:58:19.567436+00:00
5a2bedc73dfb5eae,https://freshindiaorganics.com/,"[""enquiry@freshindiaorganics.com""]","[""+917738275242"", ""+919136924950""]","{""Facebook"": [""https://facebook.com/freshindiaorganics""], ""Instagram"": [""https://instagram.com/freshindiaorganics""]}",,"Shop with us for the freshest, most sustainably grown organic fruits and vegetables in Mumbai!",https://freshindiaorganics.com/cdn/shop/files/IMG_3634.jpg?v=1613770826,Maharashtra,2026-09-29T23:01:04.491316+00:00
6ba4b4bc3dd39802,https://audiomaxx.in/,"[""contact@audiomaxx.in""]","[""+919833447275"", ""+919833567275""]","{""Facebook"": [""https://facebook.com/AudioMaxxIndia""], ""Instagram"": [""https://instagram.com/audiomaxxindia""], ""YouTube"": [""https://youtube.com/@audiomaxxindia""]}",Electronics,"Audiomaxx India supplies premium home audio systems, featuring Yamaha amplifiers & subwoofers. As partners with top brands like JBL, Bose, Yamaha, Denon, Marantz, Pioneer, Onkyo & Bosch we offer India’s best home theatre systems at unbeatable prices. Located in Mumbai, we ensure high-quality sound at affordable rates.",https://audiomaxx.in/cdn/shop/files/audiomaxx-logo_140x@2x.jpg?v=1664902919,Maharashtra,2026-09-29T23:03:01.617437+00:00
cbe4da6d11447e03,https://www.highnoteperformance.com/,"[""info@highnoteperformance.com""]","[""+911165029010"", ""+919953705220""]","{""Facebook"": [""https://facebook.com/highnoteperformance""], ""Instagram"": [""https://instagram.com/highnoteperformance""], ""YouTube"": [""https://youtube.com/@HighNotePerformance""]}",,"High Note Performance offers branded motorcycle jackets, motorcycle gear, boots, gloves, helmets & other accessories online in India. Order now.",https://www.highnoteperformance.com/cdn/shop/files/HNP_Logo_Icon-02.png?v=1711619110&width=2084,Delhi,2026-09-29T23:15:11.509028+00:00
edc8016dc9d9d2ab,https://soulslings.com/,"[""hello@soulslings.com""]","[""+916364855404""]","{""Facebook"": [""https://facebook.com/soulslings""], ""Instagram"": [""https://instagram.com/soulslings""], ""YouTube"": [""https://youtube.com/user/soulslings""]}",,"Shop ergonomic & comfortable baby carriers from Soulslings, India's trusted baby carrier brand. Made with natural fabric. Handmade and sustainable.",https://soulslings.com/cdn/shop/files/SOUL_FINAL_LOGO_128x_a220d343-63b2-46f4-9183-ff8f9c69544e_68x@3x.png?v=1703052603,Karnataka,2026-09-29T23:18:37.054600+00:00
f3b4896bbeb850bf,https://thefaceshop.in/,"[""care@holistique.in"", ""care@thefaceshop.in""]","[""+918879705706""]","{""Facebook"": [""https://facebook.com/ThefaceshopINDIA""], ""Instagram"": [""https://instagram.com/thefaceshopindia_official""], ""YouTube"": [""https://youtube.com/@thefaceshopindiaofficial""]}",Skincare,"The No.1 Korean beauty global brand’s official India website for best prices, wide range of products, exclusive promotions & the Skintastic Loyalty Program.",https://thefaceshop.in/cdn/shop/files/TFS_LOGO_1000_x_200.png?height=40&v=1688378164,Maharashtra,2026-09-29T23:19:27.624291+00:00
0b864775e05310b4,https://vediherbals.com/,"[""bengaluru@vediwellness.com"", ""info@vediherbals.com"", ""namaste@vediherbals.com""]","[""+912248931316"", ""+912267402816"", ""+918045683156""]","{""Facebook"": [""https://facebook.com/VediHerbals""], ""Instagram"": [""https://instagram.com/vediherbals""]}",Health & wellness,Vedi Herbals offers a wide selection of authentic Ayurvedic products in India. Improve your health with our trusted herbal remedies and supplements!,https://vediherbals.com/cdn/shop/files/Insta_Posts_9_copy_1.png?v=1786171050&width=600,Odisha,2026-09-29T22:51:42.439959+00:00
1ac054754a4a9205,https://wowladdusindia.com/,"[""founder@wowladdus.com"", ""management@wowladdus.com"", ""webstore@wowladdus.com""]","[""+919739251008"", ""+919946104507""]","{""Facebook"": [""https://facebook.com/wowladdusindia""], ""Instagram"": [""https://instagram.com/wowladdusindia""]}",Food & nutrition,"Order laddus online from WOW Laddus India – 100% natural, jaggery-based, dry fruit ladoos with no added sugar. Taste health in every delicious bite! Order Now!",https://wowladdusindia.com/cdn/shop/files/wow_laddus_logo_150x.png?v=1613534398,Karnataka,2026-09-29T22:52:07.335715+00:00
361ee0ec60fcc63f,https://www.thepahadistory.com/,"[""hello@thepahadistory.com""]","[""+919167734392"", ""+919820701438""]","{""Facebook"": [""https://facebook.com/thepahadistory""], ""Instagram"": [""https://instagram.com/thepahadistory""], ""YouTube"": [""https://youtube.com/channel/UCzIe3FY4vbnZ6jA9dwYOZxA""]}",Coffee & tea,"Shop premium Himalayan green teas, herbal teas, masala chai, forest honey and other wellness products from The Pahadi Story, crafted for everyday health.",https://www.thepahadistory.com/cdn/shop/files/tps_logo_ecb4fd13-4062-4505-b9f5-c96f76e364fd.png?v=1776573242&width=1881,Maharashtra,2026-09-29T22:57:23.745763+00:00
8007ec8066694768,https://www.cyclingboutique.in/,"[""support@cyclingboutique.in""]","[""+918277276424"", ""+919538949110""]","{""Facebook"": [""https://facebook.com/CyclingBoutique""], ""Instagram"": [""https://instagram.com/CyclingBoutique"", ""https://instagram.com/cyclingboutique""], ""Pinterest"": [""https://pinterest.com/CyclingBoutique""], ""X"": [""https://x.com/CyclingBoutique""]}",Bicycles & cycling,"Cycling Boutique | India's No.1 Bicycle Store - Shop Online. From the most successful Bikeshop for bicycle services and anything for cycling in India. Buy International Roadbikes, Hybrid, MTB, Gravel, and other Cycles at affordable prices. Free Sh...",https://www.cyclingboutique.in/cdn/shop/files/Cycling_Boutique_Logo-230x120_95x.png?v=1677450797,Karnataka,2026-09-29T23:06:35.737348+00:00
99596535a7542f3e,https://sovacare.in/,"[""info@sovacare.in""]","[""+919819700465""]",{},Hair care,"SOVA is a promise to seed goodness, nourishment and unequivocal beauty into your everyday life. Driven by honesty and backed by equal parts nature and science, SOVA bottles together the mysteries of ancient India and modern research to make you look and feel beautiful and confident.",https://sovacare.in/cdn/shop/files/SOVA_New_Logo__1_-removebg-preview_150x.png?v=1678104139,Maharashtra,2026-09-29T23:08:56.781454+00:00
9df728d8a83cff3b,https://www.sheopals.com/,"[""care@sheopals.com"", ""care@sheopals.in"", ""legal@sheopals.in"", ""support@sheopals.com""]","[""+917303098947"", ""+919999212172"", ""+919999997554""]","{""Facebook"": [""https://facebook.com/thesheopals""], ""Instagram"": [""https://instagram.com/thesheopals""], ""LinkedIn"": [""https://linkedin.com/company/sheopals""], ""X"": [""https://x.com/thesheopals""], ""YouTube"": [""https://youtube.com/@thesheopals""]}",,"Sheopal's is India’s top Ayurvedic store offering herbal health, skincare & personal care products. Shop now for Authentic Ayurvedic Products Online in India at the best prices.",https://www.sheopals.com/cdn/shop/files/Sheopals_logo_white.png?v=1704546469&width=180,Delhi,2026-09-29T23:09:33.619378+00:00
f642b81e2fd0f789,https://perfectcase.in/,"[""info@perfectcase.in"", ""support@perfectcase.in""]","[""+918700172877"", ""+919356103736""]","{""Facebook"": [""https://facebook.com/PerfectCase.In""], ""Instagram"": [""https://instagram.com/perfectcase.in""], ""YouTube"": [""https://youtube.com/@perfectcaseindia""]}",,"Perfect Case is one of the biggest mobile accessories stores in India. We sell mobile accessories, meticulously etc.",https://perfectcase.in/cdn/shop/files/21_1800x.png?v=1626501102,Uttar Pradesh,2026-09-29T23:19:52.314160+00:00
03be0a3baf1120a7,https://www.ayurkart.com/,"[""sales@ayurkart.com""]","[""+914448599296"", ""+919629297111"", ""+919940111837""]","{""Facebook"": [""https://facebook.com/ayurkartindia""], ""Instagram"": [""https://instagram.com/ayurkart_in""], ""X"": [""https://x.com/ayurkart_india""], ""YouTube"": [""https://youtube.com/channel/UCxIYr9tildhBbuqxm8XsfZg""]}",Health & wellness,Buy Ayurvedic Medicine Online from India's best Ayurveda online shopping store. Avail Classical Ayurvedic Medicine & Products Online from top ayurvedic brands.,https://www.ayurkart.com/cdn/shop/files/ayurkart-logo_298x67.png?v=1613699332,Tamil Nadu,2026-09-29T22:51:22.513364+00:00
24c019e231a83937,https://www.cippele.com/,"[""info@cippele.com""]","[""+917011277246"", ""+919205270101""]","{""Facebook"": [""https://facebook.com/Cippele""], ""Instagram"": [""https://instagram.com/cippele""], ""YouTube"": [""https://youtube.com/@cippele""]}",Apparel,Cippele was born with an idea to bring comfort and fashion together to cater all your fashion needs. A place with specially designed products.,https://www.cippele.com/cdn/shop/files/Logo-Png.png?v=1786442157&width=500,Delhi,2026-09-29T22:52:37.987994+00:00
25fb779556e53270,https://myresolve.in/,"[""support@myresolve.in"", ""vikash@myresolve.in""]","[""+919945630077""]","{""Facebook"": [""https://facebook.com/My-Resolve-110297787316250""], ""Instagram"": [""https://instagram.com/myresolve.in""]}",Gifts & personalization,My Resolve Personalized Word Bracelet that Inspires.,https://myresolve.in/cdn/shop/files/LOGO_100x.png?v=1613704954,Jharkhand,2026-09-29T22:52:27.489843+00:00
273c82335dc7c9a2,https://www.crockerywala.com/,"[""cs@crockerywala.com"", ""ecom@crockerywala.com"", ""mail@crockerywala.com"", ""tush5009@gmail.com""]","[""+918447756799"", ""+919667649667"", ""+919847756799"", ""+919984747444""]","{""Facebook"": [""https://facebook.com/CopperTales""], ""Instagram"": [""https://instagram.com/crockery_wala_and_company""], ""YouTube"": [""https://youtube.com/@CROCKERYWALAANDCOMPANY""]}",Home & living,"Crockerywala is your one-stop shop for premium crockery and kitchenware, copper lota, copper bottle, copper dispenser, copper dinner sets, copper lagan, copper patili, copper bottle, copper thali set, bronze thali sets, copper jug, copper glass, brass jug, brass dinner set, brass thali set, bronze dinner set.",https://www.crockerywala.com/cdn/shop/t/54/assets/logo-new.png?v=110071260048103910011777968986,Delhi,2026-09-29T22:52:46.417591+00:00
4f2154243a39d8f7,https://orchardlane.in/,"[""feedback@orchardlane.in"", ""gags.gill80@gmail.com"", ""support@orchardlane.in"", ""unsubscribe@orchardlane.in""]","[""+918048141935"", ""+918197093589""]","{""Facebook"": [""https://facebook.com/orchardlanepreserves""], ""Instagram"": [""https://instagram.com/orchardlane.in""]}",Food & nutrition,"Jams and Preserves by Orchard Lane are 100% Natural, low in sugar and made from fresh, whole fruit. There are no chemical preservatives, colors or flavors used.",https://orchardlane.in/cdn/shop/files/OL-LOGO-TRANSPARENT_363fd544-0a75-4b2e-9866-e2a6b29407d6_500x.png?v=1630610696,Karnataka,2026-09-29T22:59:54.823133+00:00
50edbcc605f15033,https://www.countrymade.in/,"[""info@countrymade.in"", ""info@divyammehta.com"", ""studio@countrymade.in""]","[""+919654496184""]","{""Instagram"": [""https://instagram.com/countrymade_in""]}",Apparel,"Countrymade menswear for the modern men. Premium quality, luxurious, functional natural fabric, sustainable, classic, contemporary and innovative designs. Countrymade is a luxury ready-to-wear brand showcasing the finest Indian craftsmanship.",https://www.countrymade.in/cdn/shop/files/Countrymade-C46-logo_copy_115x.png?v=1778499777,Uttar Pradesh,2026-09-29T23:00:27.004863+00:00
893aa5c0876722c8,https://nutrova.com/,"[""support@nutrova.com""]","[""+919833221262""]","{""Facebook"": [""https://facebook.com/Nutrova""], ""Instagram"": [""https://instagram.com/nutrova""], ""X"": [""https://x.com/nutrova""], ""YouTube"": [""https://youtube.com/channel/UCYGZE7GI-7SuPL4_Xr3CRuw""]}",Health & wellness,"Buy Nutrova's scientifically proven nutritional supplements for healthy skin, hair, fitness & overall health. ✓ Clinical Studies ✓ Third-party tested ✓ Easy-to-consume",https://nutrova.com/cdn/shop/files/Nutrova_website-footer_logo_14022025.png?crop=center&height=53&v=1739515528&width=200,Maharashtra,2026-09-29T23:07:46.768534+00:00
b41c48fad1222f7e,https://stonesoup.in/,"[""contact@stonesoup.in""]","[""+919108462846""]","{""Facebook"": [""https://facebook.com/profile.php?id=61575223334224""], ""Instagram"": [""https://instagram.com/stonesoup.in""], ""YouTube"": [""https://youtube.com/@StonesoupIN""]}",,"Shop eco-friendly menstrual cups, reusable cloth pads, compost bins, waste segregation products, and sustainable living essentials at StoneSoup.",https://stonesoup.in/cdn/shop/files/Aaditi_logo-removebg-preview.png?v=1782367407&width=482,Karnataka,2026-09-29T23:26:23.745662+00:00
f06922f95b13ee91,https://mdpindia.com/,"[""customercare@mdpindia.com"", ""jwd_mdp@mdpindia.com"", ""mdp_ahmedabad@mdpindia.com"", ""mdpvk_del@bcplgroup.com"", ""moa@mdpindia.com"", ""palladium@mdpindia.com"", ""ubcity@mdpindia.com""]","[""+911140870015"", ""+912235113382"", ""+912246067323"", ""+917829581791"", ""+917969243641"", ""+917977023813"", ""+918041656735"", ""+918068572663"", ""+918595561153"", ""+919004169473"", ""+919167739857"", ""+919654713256"", ""+919998383576""]","{""Facebook"": [""https://facebook.com/mdpindofficial""], ""Instagram"": [""https://instagram.com/mdpindofficial""]}",,"Maison Des Parfums is a luxury retail boutique that houses a collection of ﬁne artisanal niche fragrances that are curated from around the world. Being the ﬁrst of its kind concept in India, Maison Des Parfums caters to the discerning Indian consumer for niche and luxury perfumery brands.",https://mdpindia.com/cdn/shop/files/MDP-round-logo-FA-RGB_70x.png?v=1614285508,Delhi,2026-09-29T23:19:10.812390+00:00
073714de8f6f47b5,https://thecoconutpeople.in/,"[""arjun@thecoconutpeople.in"", ""hello@thecoconutpeople.in"", ""manveenaa@thecoconutpeople.in""]","[""+918278213131"", ""+919742333607""]","{""Facebook"": [""https://facebook.com/thecoconutpeople.in""], ""Instagram"": [""https://instagram.com/anns.31"", ""https://instagram.com/priyaneev"", ""https://instagram.com/rootedindiaofficial"", ""https://instagram.com/senoritasaha"", ""https://instagram.com/shreyachaks"", ""https://instagram.com/thecoconutpeople.in""]}",Food & nutrition,"We're the people that bring you raw, organic coconut-ty goodness. A product that will nourish your body, inside and out. USDA Certified, 100% Organic Virgin Coconut Oil.",https://thecoconutpeople.in/cdn/shop/files/logo.png?v=1755859813&width=240,Delhi,2026-09-29T22:51:25.573966+00:00
1bdd7d0c56b76289,https://homefluff.in/,"[""homefluffindia@gmail.com"", ""support@homefluff.in""]","[""+919582097366"", ""+919999716758""]","{""Facebook"": [""https://facebook.com/homefluff""], ""Instagram"": [""https://instagram.com/home.fluff""]}",Home & living,"In India, you may buy home decor products online at a low cost. Check out the top home decor website in India for a large selection of home decorative products, home decor, living room decor items to buy. Homefluff is an online store in India that sells a high-end variety of home decor items.",https://homefluff.in/cdn/shop/files/text_logo_homefluff_4f2ea4a3-db4e-410e-aaba-08df214bce6a.png?v=1771994716&width=245,Delhi,2026-09-29T22:52:17.170141+00:00
1e8e6f604ac78d03,https://nerdarena.in/,"[""gtbajaj@nerdarena.in"", ""sales@nerdarena.in""]","[""+919619114843"", ""+919920442245""]","{""Facebook"": [""https://facebook.com/NerdArenaOfficial""], ""Instagram"": [""https://instagram.com/nerdarenaofficial""], ""X"": [""https://x.com/NerdArena1""]}",Toys & games,"Welcome to Nerd Arena, Mumbai’s premiere, one-stop collectible and hobby shop that has everything your inner nerd is looking for! Superhero, Pop Culture Collectibles, Merchandise.",https://nerdarena.in/cdn/shop/files/Nerd_arena_tm-logo.png?v=1614278761&width=400,Maharashtra,2026-09-29T22:52:21.376718+00:00
7e7db200973e48e1,https://griffel.in/,"[""brij@cliffecommerce.com"", ""care@griffel.in""]","[""+911614664009"", ""+918976500009"", ""+919781799009""]","{""Facebook"": [""https://facebook.com/Griffelindia""], ""Instagram"": [""https://instagram.com/griffelindia""], ""X"": [""https://x.com/griffelindia""]}",Apparel,Giving warm hugs to everyone with our super comfy and relaxed clothes since 2014. 🤗,https://griffel.in/cdn/shop/files/white_new_logo.png?v=1770937419&width=311,Punjab,2026-09-29T23:06:15.439818+00:00
83c78d33f4479a2a,https://cocoyaya.in/,"[""cocoyaya.official@gmail.com"", ""sidharthpopli@gmail.com""]","[""+32493438131"", ""+911141043720"", ""+917529961309"", ""+918279654883"", ""+918433009967"", ""+918595128153"", ""+918929965582"", ""+918929965583"", ""+919311460715"", ""+919619431147"", ""+919700088008"", ""+919719097384"", ""+919793087777"", ""+919899200405"", ""+919920525705"", ""+919990898672"", ""+919999158292"", ""+919999856781""]","{""Facebook"": [""https://facebook.com/cocoyayaofficial""], ""Instagram"": [""https://instagram.com/cocoyaya.official""], ""X"": [""https://x.com/Cocoyayahookah""], ""YouTube"": [""https://youtube.com/channel/UCjGwha5M5Bv0mjXbxAJi3Hw""]}",,"We’re taking over the world one flawless shisha at a time. From India to Nepal to UAE and now USA and Canada, we’re on a mission to revolutionise the way you shisha. When you own a “cocoyaya”, you own an experience you can never forget!",https://cocoyaya.in/cdn/shop/files/cocoyaya_logo_100x.png?v=1643027404,,2026-09-29T23:07:34.165085+00:00
f2b4cf993f0376ec,https://ayurmeans.com/,"[""nripendra@ayurmeans.com"", ""sales@ayurmeans.com"", ""support@ayurmeans.com""]","[""+918604816533""]","{""Facebook"": [""https://facebook.com/ayurmeans""], ""Instagram"": [""https://instagram.com/ayurmeanss""], ""X"": [""https://x.com/Ayurmeans""]}",,"Naturally Fantastic Goodies Just For You - Essential Oils, Aromatherapy, Aroma Diffusers, hair-skin care products, Assam Tea, Carrier Oils, Perfumes, Soap, Spices & Organic products online. Secure payment. Connecting with farmers/manufacturers online now made easy with a wide range of organic & natural products. COD",https://ayurmeans.com/cdn/shop/files/Logo-New-flow_1000x1000.png?v=1614336870,,2026-09-29T23:19:27.252337+00:00
2356e81270e495bc,https://www.rustorange.com/,"[""support@rustorange.com""]","[""+911140849876"", ""+919266764316""]","{""Facebook"": [""https://facebook.com/rustorangedotcom""], ""Instagram"": [""https://instagram.com/rustorangedotcom""], ""YouTube"": [""https://youtube.com/channel/UCT7SfFlN-pqp7rXUBFqeq9A""]}",Apparel,"Shop the latest in Indian modern ethnic wear for women. Elegant dresses, trendy suits, stylish co-ord sets and more, for every occasion. Embrace tradition with a modern twist.",https://www.rustorange.com/cdn/shop/files/Logo-3000x482px.png?v=1656224234&width=3000,Uttar Pradesh,2026-09-29T22:52:26.208993+00:00
3ec10fae52a39732,https://estele.co/,"[""info@estele.co""]","[""+918247476318"", ""+919121022888""]","{""Facebook"": [""https://facebook.com/estelejewelery""], ""Instagram"": [""https://instagram.com/estele.co""], ""LinkedIn"": [""https://linkedin.com/company/30985476""]}",Jewellery,"Discover stylish fashion jewellery online in India at Estele. Shop trendy earrings, necklace sets & more. Starting ₹299 with easy returns.",https://estele.co/cdn/shop/files/estele-logo-200--80_160x_160x_5902a255-6c63-4705-af1e-836e5585dedb.png?v=1747398696&width=90,Telangana,2026-09-29T22:58:05.622709+00:00
4c95f9016effb411,https://aprozone.in/,"[""contact@aprozone.in"", ""sales@aprozone.com"", ""sales@aprozone.in""]",[],"{""Facebook"": [""https://facebook.com/591811094295116""], ""Instagram"": [""https://instagram.com/aprofessionalzone""], ""YouTube"": [""https://youtube.com/@aprozone""]}",Electronics,"Get iPhone 17 Cases and Covers, iPhone 17 Pro Covers, iPhone 17 ProMax Covers, iPhone 17 Air Cases and Covers, Premium iPhone Accessories For All iPhone Models, Apple Watch Accessories, Magsafe Power banks. iPhone 16/16Pro/16ProMax Cases and Cover, iPhone 15/15Pro/15ProMax Cases and Covers, Free Shipping.",https://aprozone.in/cdn/shop/files/Untitled_design_2_b02ba9fc-7bca-467c-9145-a2ba679bcb9e.png?v=1667636946&width=400,Maharashtra,2026-09-29T22:59:20.644437+00:00
a4212431a58b2b22,https://kalyaniinnerwear.com/,"[""online@kalyaniinnerwear.com""]","[""+919582229090""]",{},Apparel,"Kalyani Innerwear is the best women's innerwear online store in India. Choose from a wide variety of bras, panties, activewear, and bikinis for ladies at genuine prices!",https://kalyaniinnerwear.com/cdn/shop/files/KALYANI-LOGO-BLACK-_1_c2053e65-88f9-41dc-ac30-6e1ef9604421.png?v=1664188357&width=150,Delhi,2026-09-29T23:10:03.027859+00:00
dfa8b9632ef3cc98,https://anuschkaleather.in/,"[""care@anuschkaleather.in""]","[""+19085179138"", ""+919088102028""]","{""Facebook"": [""https://facebook.com/anuschkaleather.in""], ""Instagram"": [""https://instagram.com/anuschkaleather.in""]}",Bags & travel,"Discover the world of Anuschka Leather. Shop our exclusive collection of hand-painted leather handbags, pocketbooks, and designer purses crafted for the modern woman.",https://anuschkaleather.in/cdn/shop/files/Anuschka_Horiz_Logo_3_2d245573-1_36e32388-49e3-43a6-a9a1-086364b21f8b.png?v=1730704731&width=500,West Bengal,2026-09-29T23:17:16.823214+00:00
02af2bd874d3aee6,https://a2cricket.com/,"[""sales@a2cricket.com"", ""support@a2cricket.com""]","[""+917992142222""]","{""Facebook"": [""https://facebook.com/A2Cricket""], ""Instagram"": [""https://instagram.com/a2cricket""], ""LinkedIn"": [""https://linkedin.com/company/a2-cricket""], ""Pinterest"": [""https://pinterest.com/a2cricket""], ""X"": [""https://x.com/A2Cricket""]}",,"Shop premium cricket kits, English willow bats, Kashmir willow bats, cricket pads, batting gloves and more from trusted cricket ball manufacturers.",https://a2cricket.com/cdn/shop/files/A2-logo_ecd57694-e300-499a-b1b4-5d7d64ca6d6e_140x.png?v=1661768513,Uttar Pradesh,2026-09-29T22:51:20.449116+00:00
2a21c8c9e3735f1f,https://www.picchika.in/,"[""picchika@gmail.com"", ""support@picchika.in""]","[""+918890434749"", ""+919950995805""]","{""Instagram"": [""https://instagram.com/picchika""]}",Apparel,,,Rajasthan,2026-09-29T22:53:03.406421+00:00
2d0ef2de8a9203e7,https://darlingretail.com/,"[""marketing@darlingretail.com"", ""support@darlingretail.com""]","[""+914162221122"", ""+917558149111"", ""+918220864444"", ""+919944221790""]","{""Facebook"": [""https://facebook.com/Darlingretail""], ""Instagram"": [""https://instagram.com/darlingretail""], ""LinkedIn"": [""https://linkedin.com/company/darling-digital-world""], ""YouTube"": [""https://youtube.com/c/DarlingRetail""]}",Electronics,Darling Retail Pvt Ltd is one of the top retail brands with 185+ retail outlets in Tamil Nadu & Pondicherry.,https://darlingretail.com/cdn/shop/files/ezgif-4-a0f9565f11_140x@2x.png?v=1669285450,Tamil Nadu,2026-09-29T22:53:20.906230+00:00
2d87197ba6860b7f,https://www.thinkitchen.in/,"[""contact@seebagroup.com"", ""customercare@seebagroup.com""]","[""+917045223344""]","{""Facebook"": [""https://facebook.com/thinKitchenstore""], ""Instagram"": [""https://instagram.com/thinkitchen""], ""LinkedIn"": [""https://linkedin.com/in/anandbaldawa""], ""YouTube"": [""https://youtube.com/channel/UC2KaRlT5Hvgpg-uu8Gj7YFA""]}",Home & living,"Discover Premium Kitchen Gadgets, Barware, Dinerware, Cookware, Home Décor accessories online at thinKitchen. Transform your Kitchen & Home with premium quality products.",https://www.thinkitchen.in/cdn/shop/files/thinKitchen_Logo_Registered_trademark_symbol-01.png?v=1685692094&width=600,Maharashtra,2026-09-29T22:57:13.711338+00:00
05184b96549e30f6,https://besoulfull.com/,"[""rohit@besoulfull.com"", ""support@besoulfull.com""]","[""+919319080697""]","{""Facebook"": [""https://facebook.com/Be-Soulfull-110574540872343""], ""Instagram"": [""https://instagram.com/besoulfull_in""]}",,IT'S TIME YOUR SKIN MEET ITS SOULMATE,https://besoulfull.com/cdn/shop/files/for_svg_logo-01_ae05a21e-a772-41ba-a8fb-7f8fab9e43b5_200x.svg?v=1703078468,Haryana,2026-09-29T23:21:55.071908+00:00
15d1926bb432bcc2,https://halalsauda.com/,"[""contact@halalsauda.com""]","[""+919330454670""]","{""Facebook"": [""https://facebook.com/onlinehalalsauda""], ""Instagram"": [""https://instagram.com/halal_sauda""]}",Coffee & tea,"Buy branded Arabian Attar, Indian Attar, EDP's, Al rehab Perfumes at the lowest price online in India. Free shipping over order amount Rs499.",https://halalsauda.com/cdn/shop/files/abaya_kurta_transparent-rbg_04881598-b0d5-4175-bb87-f1816fa55cfe.png?v=1733146422&width=600,West Bengal,2026-09-29T22:51:57.085006+00:00
27432a6ced0c47ba,https://elixirhomeopathy.in/,"[""info.elixirhomeopathy@gmail.com""]","[""+917428156319""]","{""Facebook"": [""https://facebook.com/elixirhomeopath""], ""Instagram"": [""https://instagram.com/elixir.homeopathy""], ""X"": [""https://x.com/ElixirHomeopath""]}",,"Elixir Homeopathy provides effective consultation and treatment online for women with PCOS, infertility, fibroids, hypothyroidism, and endometriosis. 1100+ women have received successful treatment last year. The testimonials speak for our track record of high success rate.",https://elixirhomeopathy.in/cdn/shop/files/Elixir-Homeopathy-Delhi-Gurgaon_Logo_1920x1080_v1_b2ccd9b3-448e-4be6-b143-d9529d76cf72.png?v=1660211147&width=600,Haryana,2026-09-29T22:52:46.415289+00:00
277c540d0bd9995e,https://letsgearup.in/,"[""info@letsgearup.in"", ""manager@letsgearup.in""]","[""+919901550880""]","{""Facebook"": [""https://facebook.com/letsgearup.in""], ""Instagram"": [""https://instagram.com/letsgearup.in""], ""X"": [""https://x.com/LetsGearUpBlr""], ""YouTube"": [""https://youtube.com/@letsgearup6675""]}",Car & motorcycle accessories,"Shop Riding Gear & bike accessories online in India at best prices on Letsgearup. Explore helmets, riding gear, bike parts and add-ons with fast delivery.",https://letsgearup.in/cdn/shop/files/lets-gear-up-logo.png?v=1764918340&width=300,Karnataka,2026-09-29T22:52:46.710079+00:00
2d06888cd63cfd32,https://www.mangostationery.com/,"[""support@mangostationery.com""]","[""+912267484321"", ""+918097092117"", ""+919076081567""]","{""Facebook"": [""https://facebook.com/mangoartandstationery""], ""Instagram"": [""https://instagram.com/mangoartandstationery""], ""YouTube"": [""https://youtube.com/c/Mangoartandstationery""]}",Stationery & art,"Shop premium art supplies, craft materials, stationery, drawing essentials, office supplies and creative products online. Discover top brands for artists, students and professionals at Mango Stationery.",https://www.mangostationery.com/cdn/shop/files/Mango_Logo_Yellow_500x141_8db5b445-c191-4718-87a8-9c189c7bcf4a_500x141.avif?v=1790249955,Maharashtra,2026-09-29T22:53:21.655011+00:00
305ead480f511c25,https://ilifecare.in/,"[""business@ilifecare.in"", ""mechangbo@shariden.com"", ""support@ilifecare.in""]","[""+9118002745433"", ""+917795068085""]","{""Facebook"": [""https://facebook.com/ILIFE-INDIA-103713994968922""], ""Instagram"": [""https://instagram.com/ilife.india""], ""LinkedIn"": [""https://linkedin.com/company/ilife-india""], ""X"": [""https://x.com/ILIFE_Robotics""], ""YouTube"": [""https://youtube.com/channel/UChQhlENjJ3YegtVUrqyTFgg""]}",Home appliances,"ILIFE India makes the best Robotic Vacuum Cleaners in India with an aim to alleviate the tiring household chores. For more details, call us at 1800-274-5433.",https://ilifecare.in/cdn/shop/files/life_india_logo_2x_4301124a-d832-468d-ad42-6288d455d469.png?v=1700042698&width=371,Karnataka,2026-09-29T22:57:10.571472+00:00
3691ac0de2ddc3a2,https://soxytoes.com/,"[""info@soxytoes.com""]","[""+917303988968"", ""+918800305015""]","{""Facebook"": [""https://facebook.com/soxytoes""], ""Instagram"": [""https://instagram.com/soxytoes""], ""LinkedIn"": [""https://linkedin.com/company/soxytoes""]}",Apparel,"Explore printed, bamboo, diabetic, compression & athletic socks at Soxytoes. Made for Indian comfort, delivered direct from factory. Free shipping above Rs.499.",https://soxytoes.com/cdn/shop/files/Soxy_Logo_13f87179-0ae4-4832-830a-9e74c15101c7_280x.png?v=1777455952,Delhi,2026-09-29T22:57:36.966071+00:00
370782d6627e3e2d,https://www.siestaoclock.com/,"[""biz@siestaoclock.com"", ""hello@siestaoclock.com"", ""press@siestaoclock.com""]","[""+918527610220""]","{""Instagram"": [""https://instagram.com/siestaoclock""]}",Apparel,"Handcrafted printed shirts and dresses from Goa in organic cotton and sustainable fabrics. Artist-designed prints, relaxed fits, and sunshine-ready styles.",https://www.siestaoclock.com/cdn/shop/files/Siesta_O_Clock_Logo_140x.png?v=1751014257,Goa,2026-09-29T22:57:29.817360+00:00
46303036f7f3b707,https://canvazo.com/,"[""hello@canvazo.com""]","[""+918097727003""]","{""Facebook"": [""https://facebook.com/canvazo""], ""Instagram"": [""https://instagram.com/thecanvazo""], ""LinkedIn"": [""https://linkedin.com/company/canvazo""], ""X"": [""https://x.com/thecanvazo""]}",,"Shop high-quality art and craft foils online at Canvazo. Ideal for painting, DIY crafts, card making, and creative projects. Fast delivery across India.",https://canvazo.com/cdn/shop/files/Canvazo-2.png?v=1634222616&width=200,Maharashtra,2026-09-29T22:58:30.395629+00:00
4eaf485f745b52ad,https://indecrafts.com/,"[""info@indecrafts.com""]","[""+919997198225""]","{""Facebook"": [""https://facebook.com/indecrafts""], ""Instagram"": [""https://instagram.com/indecrafts""]}",Home & living,"Elevate your interiors with timeless pieces handcrafted by master artisans. Where luxury meets tradition, and every detail speaks of heritage.",https://indecrafts.com/cdn/shop/files/indecrafts_nocom_320be9da-257e-44d0-9007-001cc87cce11.png?v=1751373655&width=500,,2026-09-29T22:59:20.644437+00:00
9995ceaacece511b,https://soletstalkdigital.com/,"[""info@soletstalkdigital.com""]","[""+917880389122""]","{""Facebook"": [""https://facebook.com/soletstalkdigitalofficial""], ""Instagram"": [""https://instagram.com/soletstalkdigital""], ""X"": [""https://x.com/soletstalkdigi""], ""YouTube"": [""https://youtube.com/@soletstalkdigital""]}",Software & digital products,"We offer the Best Digital Marketing Software is the all-in-one software for automating and scaling your digital marketing. We offer a lead generation software to help you find new leads, marketing automation software to nurture your leads, and marketing software to help you close more deals.",https://soletstalkdigital.com/cdn/shop/files/fav.jpg?v=1627623596&width=95,Uttar Pradesh,2026-09-29T23:08:57.699250+00:00
a41e13dac117cbe7,https://shivangikasliwal.com/,"[""info@shivangikasliwal.com""]","[""+918949453604""]","{""Facebook"": [""https://facebook.com/shivangikasliwalbanaras""], ""Instagram"": [""https://instagram.com/shivangikasliwalbanaras""], ""Pinterest"": [""https://pinterest.com/shivangikasliwalbanaras""]}",Apparel,"Explore our stunning new collection and buy pure Indian silk sarees online for women with exciting offers. We have a wide range of wedding silk sarees, bridal sarees, banarasi sarees at best prices. Shop now &amp; grab the offer today!",https://shivangikasliwal.com/cdn/shop/files/SHIVANGI_KASLIWAL_MOBILE_410x.png?v=1620818498,,2026-09-29T23:10:00.101710+00:00
a4768332cfcbd956,https://caramelly.in/,"[""hello@caramelly.in""]","[""+919105515551""]","{""Instagram"": [""https://instagram.com/caramelly.in""]}",Coffee & tea,"Buy Nespresso Coffee Capsules, Pods & Nespresso Coffee Machines online in India at best prices. Discover the largest collection of Nespresso Coffee Pods & Capsules in India. Caramelly is India's #1 store for Imported Specialty Coffee, Bean to Cup Fully Automatic Coffee Machines by Sage & Breville, Jura, Melitta & more.",https://caramelly.in/cdn/shop/files/logo-new_200x.png?v=1774079756,Haryana,2026-09-29T23:10:15.756278+00:00
a67d547e1e6e73f5,https://mycf.in/,"[""info@novuslifesciences.com"", ""inquiry@novuslifesciences.com"", ""marketing8@novuslifesciences.com"", ""nutritionist@novuslifesciences.com""]","[""+918104878509"", ""+919326975657""]","{""Facebook"": [""https://facebook.com/CarbamideForte.mycf""], ""Instagram"": [""https://instagram.com/carbamideforte""], ""YouTube"": [""https://youtube.com/@carbamideforte""]}",Health & wellness,,https://mycf.in/cdn/shop/files/CF_Carbamide_Forte_black_Logo.png?v=1747336018&width=600,Maharashtra,2026-09-29T23:11:30.034505+00:00
c7872c96b38f34e7,https://satthwa.com/,"[""care@satthwa.com"", ""info@satthwa.com"", ""legal@satthwa.com""]","[""+919717470361""]","{""Facebook"": [""https://facebook.com/satthwa""], ""Instagram"": [""https://instagram.com/satthwa""]}",,"Satthwa offers a wide range of products in hair care, skin care. Like hair fall control oil, black seed oil, agran oil shampoo, anti-dandruff hair oil and shampoo. Essential oils, carrier oils, face wash and face serums. Kojic acid soap, neem face wash, Biotin, Shilajit supplement and more!",https://satthwa.com/cdn/shop/files/satthwa-logo-10-years_315x.png,Delhi,2026-09-29T23:14:43.448458+00:00
cc3265bdbfdfd826,https://anyaonline.in/,"[""contact@anyaonline.in""]","[""+919500861222"", ""+919600973736"", ""+919677344055"", ""+919944782355""]","{""Facebook"": [""https://facebook.com/anya.in""], ""Instagram"": [""https://instagram.com/anyaonline.in""], ""LinkedIn"": [""https://linkedin.com/in/anyafashion""], ""X"": [""https://x.com/anyaboutique""], ""YouTube"": [""https://youtube.com/c/AnyaOnlineBoutique""]}",Apparel,"Anya boutique is well-known online shopping for womens clothing in Coimbatore. We specialize in designer sarees, Fabrics and custom-made blouses and any sort of ceremonial ensemble for women and kids. The difference is that most of the clothes we make are inspired by our nation’s rich heritage of art.",https://anyaonline.in/cdn/shop/files/ANYA_SM_LOGO-01_1_80x.jpg?v=1660538761,Tamil Nadu,2026-09-29T23:15:14.363700+00:00
cfa32538d3415602,https://thecalmcollective.in/,"[""customercare@thecalmcollective.in"", ""marketing@thecalmcollective.in"", ""sales@thecalmcollective.in""]",[],"{""Facebook"": [""https://facebook.com/thecalmcollectivesleepwear""], ""Instagram"": [""https://instagram.com/thecalmcollectivesleepwear""], ""Pinterest"": [""https://pinterest.com/nehakgill""], ""YouTube"": [""https://youtube.com/channel/UCSOOCjFQFj-H0MgKG9ZxXNg""]}",,"The Calm Collective is a luxury sleepwear brand designed for the modern, mindful & confident women.",,,2026-09-29T23:15:17.206059+00:00
d4d6ab4711c9dfc8,https://chocolove.in/,"[""info@chocolove.in"", ""orders@chocolove.in""]","[""+918104142686"", ""+919820735358""]","{""Facebook"": [""https://facebook.com/chocolove.in""], ""Instagram"": [""https://instagram.com/chocolove.in""]}",Food & nutrition,"Indulge in a collection of generously crafted Florentines, Caramels, Truffles, Dragees and Gifts Experience. Shop Online or Visit our Studio in Mumbai.",https://chocolove.in/cdn/shop/files/Logo-01.svg?v=7091743492908772327,Maharashtra,2026-09-29T23:15:40.090741+00:00
de7e5980d864b6ff,https://www.weavesmart.com/,"[""customercare@weavesmart.com"", ""weavesmart.com@gmail.com""]","[""+919515126992""]",{},Apparel,Pure handloom silk & cotton sarees handwoven by India's master weavers. Silk Mark certified. Approved by Ministry of Textiles. Free shipping India.,https://www.weavesmart.com/cdn/shop/files/Ws_logo.webp?height=70&v=1765276222,Telangana,2026-09-29T23:27:36.192304+00:00
e9bdf746826a7f26,https://anmolbaby.com/,"[""info@anmolbaby.com""]","[""+919137602370"", ""+919819808364""]","{""Facebook"": [""https://facebook.com/anmolbabycarriers""], ""Instagram"": [""https://instagram.com/anmol_baby_carriers""], ""X"": [""https://x.com/AnmolWrap""], ""YouTube"": [""https://youtube.com/c/anmolbabycarriersofficial""]}",,"Anmol Baby offers supremely comfortable and extremely gorgeous high-quality Best Newborn Baby Carrier Wrap & Ring Sling for Baby which can be used from newborn to toddlerhood. We make ergonomic hybrid wrap for baby, hand woven wraps, ring slings, best infant carriers for newborns and soft structured baby carrier bags.",https://anmolbaby.com/cdn/shop/t/2/assets/logo.png?v=104796430237840543671608542418,Maharashtra,2026-09-29T23:17:59.004943+00:00
26d627fb0dad19f2,https://arigafoods.com/,"[""hi@arigafoods.com""]","[""+919717888735""]","{""Facebook"": [""https://facebook.com/Arigafoods""], ""Instagram"": [""https://instagram.com/arigafoods""], ""LinkedIn"": [""https://linkedin.com/company/arigafoods""]}",Food & nutrition,Buy Premium Dry Fruits & Seeds Online | Dry Fruits | Flavoured Nuts | Seeds,https://arigafoods.com/cdn/shop/t/20/assets/logo.png?v=43819897804998281081695701180,Uttar Pradesh,2026-09-29T22:52:32.026600+00:00
2b8870e064ebd013,https://gipsyonline.com/,"[""digital@gipsyonline.com"", ""support@gipsyonline.com""]",[],"{""Facebook"": [""https://facebook.com/gipsyonlineofficial""], ""Instagram"": [""https://instagram.com/gipsyonlineofficial""], ""YouTube"": [""https://youtube.com/channel/UCE0G3L2v2MtWaKwN8mo2AFA""]}",Apparel,"Women's Clothing Online - Buy formal tops for women, shirts , jumpsuits, dresses, jacket & coat, tunic and knitwear for women's online at Gipsy Online.",https://gipsyonline.com/cdn/shop/files/GIPSY_LOGO_A_page-0001.jpg?height=56&v=1781165513,Delhi,2026-09-29T22:53:02.872637+00:00
2c8d220fde2f338d,https://vedhika.in/,"[""info@vedhika.in"", ""orders@vedhika.in"", ""support@vedhika.com"", ""support@vedhika.in""]","[""+914714069940"", ""+914714099940"", ""+918606991020"", ""+919847750010""]","{""Facebook"": [""https://facebook.com/vedhikastore""], ""Instagram"": [""https://instagram.com/vedhikafashion""], ""Pinterest"": [""https://pinterest.com/vedhikafashion""], ""X"": [""https://x.com/vedhikafashion""]}",Apparel,"Vedhika is the most renowned women's designer fashion store in Kerala, crafting legendary style statements for all occasions. We are based in Trivandrum, Kerala. Visit us for Sari (Saree), Kurti, Gowns, Kids wear, Kalamkari, Churidar, traditional and modern outfits.",https://vedhika.in/cdn/shop/files/logo_160x.png?v=1709453464,Kerala,2026-09-29T22:53:03.415422+00:00
39011f03133d8c20,https://yourfootdoctor.in/,"[""care@yourfootdoctor.in"", ""digital@yourfootdoctor.in""]","[""+919987149567""]","{""Facebook"": [""https://facebook.com/YourFootdoctorIndia""], ""Instagram"": [""https://instagram.com/yourfootdoctorindia""], ""YouTube"": [""https://youtube.com/channel/UCrQexG9quS4ZjjD49qLboWg""]}",Footwear,"Your Foot Doctor provides you with best orthopedic insoles & footwear. Footwear & insoles for flat feet and much more to help you deal with foot, ankle & knee pain. We are selling these footwear & Insoles for Flat Feet at an affordable price.",https://yourfootdoctor.in/cdn/shop/files/logo_350x.jpg?v=1677304208,Maharashtra,2026-09-29T22:57:45.184419+00:00
3d447d563f1f4414,https://justcorseca.com/,"[""hr@damsongroup.com"", ""support@justcorseca.in""]","[""+9118002703080""]","{""Facebook"": [""https://facebook.com/corseca""], ""Instagram"": [""https://instagram.com/corseca.in""], ""X"": [""https://x.com/officialcorseca""], ""YouTube"": [""https://youtube.com/channel/UCDWqc8MgtLriGcdcTTerf5g""]}",Electronics,"Explore JUST CORSECA – your destination for high-performance charging cables, fast chargers, earphones, laptop sleeves with wireless charging, mobile stands, cooling pads, neck fans, and smart accessories. Shop USB, Type-C, Lightning, 3-in-1 cables & more. Fast delivery India-wide.",https://justcorseca.com/cdn/shop/files/jc-logo-main.svg?v=1762235718&width=50,Gujarat,2026-09-29T22:58:13.154248+00:00
3e9dc67bb039752c,https://eauto.co.in/,"[""info@eauto.co.in""]",[],"{""Facebook"": [""https://facebook.com/EAuto-106257284491915""], ""Instagram"": [""https://instagram.com/eautoindia""], ""YouTube"": [""https://youtube.com/c/eautoindia""]}",,"Genuine Bike Spare Parts | Low Price | Fast Delivery. Parts for Bajaj Pulsar 220, 200, 180 , 150 , Discover, Avenger, Hero Passion, Splendor, Xtreme, Karizma, Pleasure, Honda Activa, CBR 150, Unicorn, Honda Twister, Yamaha FZ, R15, Suzuki Access & More",https://eauto.co.in/cdn/shop/files/Logo-Jun-25-1_210x@2x.png?v=1749722282,Delhi,2026-09-29T22:58:08.285094+00:00
4521fa95f0e7fb72,https://le15.com/,"[""hr@le15.com"", ""onlineorders@le15.com""]","[""+919769286544""]","{""Facebook"": [""https://facebook.com/Le15India""], ""Instagram"": [""https://instagram.com/le15india""]}",,,https://le15.com/cdn/shop/files/Logo_white_d4bf8f87-8d77-4405-9d72-d87a731dc8a4_90x.png?v=1617907095,Maharashtra,2026-09-29T22:58:19.525349+00:00
4febe4a5f74fef59,https://www.indianvillez.com/,"[""info@indianvillez.com""]","[""+917847919670""]","{""Facebook"": [""https://facebook.com/indianVillez""], ""Instagram"": [""https://instagram.com/indianvillez""], ""YouTube"": [""https://youtube.com/@indianvillez""]}",Apparel,"IndianVillèz is the best place to experience Indigenous Handcrafted Luxuries. Buy Exclusive Indian Handloom Sarees, Fabrics, Readymade Dresses, Handicrafts and much more from most trusted Handloom Store in Bhubaneswar, Odisha which works with Award winning artisans to bring in exquisite products.",https://www.indianvillez.com/cdn/shop/files/Black_Logo.png?v=1718713569&width=330,Odisha,2026-09-29T22:59:47.053520+00:00
7631e38335345b40,https://www.partysuppliesindia.com/,"[""partysuppliesindia@outlook.com"", ""partysuppliesindiaa@gmail.com"", ""support@partysuppliesindia.com""]","[""+919841131131""]","{""Facebook"": [""https://facebook.com/profile.php?id=100090705171269""], ""Instagram"": [""https://instagram.com/psi__official""], ""YouTube"": [""https://youtube.com/channel/UC-cDCPBIF0QBi_wbuRcq48g""]}",Gifts & personalization,Shop from Party Supplies India®️ for special occasions. Best Online store for all kinds of party supplies in India Let it be Personalized or Customized.,https://www.partysuppliesindia.com/cdn/shop/files/psi_logo_1000x2000_px_1.png?height=94&v=1719595879,Tamil Nadu,2026-09-29T23:24:27.575296+00:00
76443ab6b6c60355,https://spiritanimal.in/,"[""support@spiritanimal.in"", ""support@spiritianimal.in""]","[""+918595063408""]","{""Instagram"": [""https://instagram.com/spiritanimal.in""]}",Apparel,Discover Plus size activewear with distinctive fashion and the utmost comfort for plus size women. Shop our stylish and flattering plus size workout clothes!,https://spiritanimal.in/cdn/shop/files/Sprit_Animal_Final_Logo_SP_Horizontal_Lockup-min_1024x.png?v=1661939942,Delhi,2026-09-29T23:04:08.464304+00:00
87fd596b86e17167,https://lalingerie.in/,"[""info@lalingerie.in"", ""lalingerie11@gmail.com"", ""lalingerie@hotmail.com""]","[""+913340088115"", ""+919331006564"", ""+919830274401""]","{""Facebook"": [""https://facebook.com/IntimateWear.in""], ""Instagram"": [""https://instagram.com/lalingerie_india""], ""LinkedIn"": [""https://linkedin.com/company/la-lingerie""], ""YouTube"": [""https://youtube.com/user/lalingerievideo""]}",Apparel,La Lingerie is an all in all solution to lay your hands on the best of sexy lingerie and bra online. Visit us to get hold of your favourite night suits for your closet.,https://lalingerie.in/cdn/shop/files/Collosal_Ad_cpy_1080_x_1080_px.png?height=75&v=1768029363,West Bengal,2026-09-29T23:08:00.272964+00:00
b4664170c4f3a501,https://thebombaystore.com/,"[""feedback@bombaystore.com"", ""orders@bombaystore.com""]","[""+911206229682"", ""+912067234034"", ""+912231120550"", ""+912235502873"", ""+912246077064"", ""+912246173461"", ""+912246179718"", ""+912249711015"", ""+912261561040"", ""+914068218723"", ""+914844867609"", ""+917400108510"", ""+917400108561"", ""+917400159774"", ""+917400338673"", ""+917400438204"", ""+917400438208"", ""+917738033284"", ""+917738033285"", ""+917738033295"", ""+917738669765"", ""+917738669790"", ""+917738669794"", ""+917940396208"", ""+918655918229"", ""+918657432320"", ""+919947956168"", ""+919987096613"", ""+919987476990"", ""+919987678775"", ""+919987744083"", ""+919987744086""]","{""Facebook"": [""https://facebook.com/thebombaystore""], ""Instagram"": [""https://instagram.com/thebombaystore""], ""LinkedIn"": [""https://linkedin.com/company/the-bombay-store""], ""X"": [""https://x.com/thebombaystore""]}",Home & living,Shop unique Indian handicrafts online at The Bombay Store. Explore a wide range of handcrafted treasures from Mumbai’s iconic store. Buy Indian handicrafts online today!,https://thebombaystore.com/cdn/shop/files/Logo_--01_800x.png?v=1711456190,Maharashtra,2026-09-29T23:12:27.086508+00:00
c7248ce54408095f,https://gioia.in/,"[""corporate@gioia.in"", ""customercare@gioia.in"", ""info@gioia.in""]","[""+917605027707""]","{""Facebook"": [""https://facebook.com/gioiaindia""], ""Instagram"": [""https://instagram.com/gioia.in""], ""LinkedIn"": [""https://linkedin.com/company/gioiaindia""]}",Bags & travel,,https://gioia.in/cdn/shop/files/Untitled_design_1.png?v=1764407596&width=875,West Bengal,2026-09-29T23:14:24.807314+00:00
c9fdc7743fc2da2b,https://vinodcookware.com/,"[""customercare@vinodcookware.com""]","[""+912266211200"", ""+912266211209""]","{""Instagram"": [""https://instagram.com/vinod_cookware""], ""X"": [""https://x.com/Vinod_Cookware""], ""YouTube"": [""https://youtube.com/channel/UC_MJXqk0ntNePaMYPl6_uig""]}",Home & living,"Vinod Cookware – India’s best kitchenware products brand. Our product catalogue includes pressure cookers, hard anodised, stainless steel, Sandwich Bottom (SAS) cookware, Insulated (water bottles and much more.",https://vinodcookware.com/cdn/shop/files/Vinod_PNG_red_logo_f6fa8948-be9c-47f7-8ac1-7a29f6af9a33.png?v=1779791753&width=600,Maharashtra,2026-09-29T23:15:06.815023+00:00
ce44d9a6064de539,https://diwansaheb.com/,"[""info@diwansaheb.com"", ""sumit@diwansaheb.com""]","[""+911149486734""]","{""Instagram"": [""https://instagram.com/diwansahebofficial""]}",Apparel,"Masters of Tailoring in Mens Wear, Diwan Saheb has been the leading brand for more than 7 decades. With a wide variety of Sherwani, Band Gala, Jodhpuri Suits, Designer Suits, Tuxedos, Kurta Pajamas, Shirts and trousers, we excel in the Mens Wear industry and ensure a one-stop shop for all your needs",https://diwansaheb.com/cdn/shop/files/Logo_white_on_black_250x.png?v=1613519728,Delhi,2026-09-29T23:15:16.444593+00:00
d12804bef9ddf54d,https://papergrid.in/,"[""ecommerce@papergrid.in""]","[""+918041644555"", ""+919830933754""]","{""Instagram"": [""https://instagram.com/papergridindia""]}",,,https://papergrid.in/cdn/shop/files/180907_-_Logo_c4a7a6be-2a96-4142-a13b-1b2c05934a4e.png?v=1679402450&width=500,Karnataka,2026-09-29T23:15:17.224246+00:00
e06d520c29318bc9,https://sassoon.co/,"[""info@sassoon.co"", ""sales@sassoon.co""]","[""+911142466620"", ""+919560003236""]","{""Facebook"": [""https://facebook.com/sassoonfab""], ""Instagram"": [""https://instagram.com/sassoonfab""], ""YouTube"": [""https://youtube.com/channel/UCPA_s3TEnQ3RikLB5UGb7rg""]}",,Sassoon has range of products for homes. Products ranging from modern and designer cotton bedsheet for every room in your home to cotton printed bath towels for kids and luxury towels for adults making bath time fun and pleasurable. Providing comfortable products to everyone in your home is our prime objective.,https://sassoon.co/cdn/shop/files/LOGO_SVG.svg?v=1770986073&width=301,Delhi,2026-09-29T23:17:14.678457+00:00
ebf1a00b5df125f8,https://www.konicacolorlab.com/,"[""ady@konicadigital.com"", ""anr@konicadigital.com"", ""ngm@konicadigital.com""]","[""+914424917303"", ""+914426280359"", ""+914426288854"", ""+914428275878"", ""+914442083916"", ""+914442083923"", ""+914442909800""]",{},Photography & filmmaking,"With over 36 years of experience in photography and printing solutions, Konica Color Lab and Studio is among the leading name in anything related to photography and printing. Explore our offerings online!",https://www.konicacolorlab.com/cdn/shop/files/Konica_logo_large_1bf6abcd-6296-4dad-b577-899cefe9812d_102x.png?v=1631173193,Tamil Nadu,2026-09-29T23:18:20.142760+00:00
0456f0b4356dc7c5,https://pashaindia.com/,"[""orders@pashaindia.com""]","[""+919166808404"", ""+919929508404""]","{""Facebook"": [""https://facebook.com/pashaindialabel""], ""Instagram"": [""https://instagram.com/pashaindialabel""]}",,"We aim to keep you updated with the hottest trends, and styles. With pocket friendly prices, Pasha strides into all seasons with refreshing colors and playful prints.",https://pashaindia.com/cdn/shop/files/Grey_Logo_600x.progressive.jpg,Rajasthan,2026-09-29T22:51:13.898942+00:00
4612ba036d0d1d46,https://www.shopdaisie.in/,"[""daisie.in@gmail.com"", ""hello@shopdaisie.in"", ""team@shopdaisie.in""]","[""+917014986906""]","{""Facebook"": [""https://facebook.com/shopify""], ""Instagram"": [""https://instagram.com/shopify""], ""Pinterest"": [""https://pinterest.com/shopify""], ""X"": [""https://x.com/shopify""], ""YouTube"": [""https://youtube.com/user/shopify""]}",Footwear,𝐁𝐞 𝐚 𝐃𝐀𝐈𝐒𝐈𝐄 𝐢𝐧 𝐚 𝐟𝐢𝐞𝐥𝐝 𝐨𝐟 𝐃𝐚𝐧𝐝𝐞𝐥𝐢𝐨𝐧𝐬🌼 PETA- approved Vegan footwear for the modern & conscious women. Vegan | Handcrafted | Homegrown | Cushioned,https://www.shopdaisie.in/cdn/shop/files/4BCC6D57-1604-4681-92C6-20B78895AE41.jpeg?v=1613731185&width=200,Rajasthan,2026-09-29T22:58:23.997792+00:00
51df72f8a6bcb7d8,https://www.trendphoria.com/,"[""distribution@trendphoria.com"", ""info@trendphoria.com"", ""support@trendphoria.com""]","[""+918860330111""]","{""Facebook"": [""https://facebook.com/Trendphoria""], ""Instagram"": [""https://instagram.com/trendphoria""]}",Apparel,"Trendphoria offers premium wholesale Kurtis, Kurta Sets, Indo-Western Dresses, Maternity Dresses, Anarkalis & Palazzo Pants. Supplying retailers in India, Malaysia, Singapore, US, UK, Mauritius, UAE, Australia & New Zealand with top-quality styles, lowest global shipping rates & fast delivery.",https://www.trendphoria.com/cdn/shop/files/Trendphoria_Logo.png?v=1788241969&width=320,Haryana,2026-09-29T23:00:27.004863+00:00
65c8ad1ae858f6b0,https://daughter.earth/,"[""hello@daughter.earth""]","[""+911683279127"", ""+911683279134"", ""+911683279142"", ""+911688473372"", ""+911782476238"", ""+919963807213""]","{""Facebook"": [""https://facebook.com/daughterearthofficial""], ""Instagram"": [""https://instagram.com/daughterearthofficial""], ""YouTube"": [""https://youtube.com/@daughterearthofficial""]}",Skincare,"Safe, Effective and Scientific Ayurvedic Skincare and Beauty. Daughter Earth Ayurvedic Skincare. Daughter Earth Natural Skincare. Natural Moisturiser. Ayurvedic Moisturiser. 100% Natural Face Serum. 100% Natural and Vegan Lip Balm. Herbal Face Wash. All Cruelty-free and Vegan Skincare Products. Daughter Earth Beauty.",https://daughter.earth/cdn/shop/t/2/assets/WEB_2.svg?v=24056485516411417871526975224,Telangana,2026-09-29T23:02:27.738243+00:00
66bf5aae21b681f7,https://www.ibdmaphouse.com/,"[""info@ibdmaphouse.com""]","[""+911145045998"", ""+919311361008""]","{""Facebook"": [""https://facebook.com/indianbookdepot""], ""Instagram"": [""https://instagram.com/indianbookdepot""], ""LinkedIn"": [""https://linkedin.com/company/indian-book-depot""], ""X"": [""https://x.com/indianbookdepot""], ""YouTube"": [""https://youtube.com/channel/UCRXgYqLOXOusM2K-jDpsECQ""]}",Books & education,"Manufacturer and exporter of Educational Charts and Maps, Globes, Children books, colouring books, writing books, picture books, story books | Indian Book Depot",https://www.ibdmaphouse.com/cdn/shop/files/ibd-logo_600x.png?v=1614298276,Delhi,2026-09-29T23:02:48.353502+00:00
6e3bd3211312c370,https://handfulofhealth.in/,"[""hello@handfulofhealth.in""]","[""+919082849491""]","{""Facebook"": [""https://facebook.com/Handfulofhealthbrand""], ""Instagram"": [""https://instagram.com/carnivalretail""]}",Food & nutrition,"Explore Handful Of Health’s premium collection of nuts, dry fruits, and dates. Perfect for gifting, snacking, and festive occasions, each product combines freshness, natural quality, and elegant packaging. Delight your loved ones with healthy luxury in every bite.",https://handfulofhealth.in/cdn/shop/files/HOH_Logo_White_9036c982-3283-45b2-9915-222aa09c742d.png?v=1783159797&width=1500,Maharashtra,2026-09-29T23:24:27.883309+00:00
73c9628e40f9b2c7,https://www.thedesigncart.com/,"[""contact@thedesigncart.com""]","[""+918882251201""]","{""Facebook"": [""https://facebook.com/thedesigncart""], ""Instagram"": [""https://instagram.com/thedesigncart""], ""X"": [""https://x.com/thedesigncart""], ""YouTube"": [""https://youtube.com/@thedesigncartindia""]}",Apparel,"The Design Cart is an online supplier of Beads online, Embroidery Material, Buttons, Sequins, Fabric online and Jewelry making material for Fashion Designers. Buy Beading Supplies, Threads, Embroidery Material, Borders and Laces, Stones, Dabka, Zari, Beads, Fabric online for fashion and jewelry design. Buy Cotton,Silk.",https://cdn.shopify.com/s/files/1/1950/2653/files/TDC_Logo_Black.png,Delhi,2026-09-29T23:04:08.397080+00:00
7f73ab4f744c934b,https://www.thestylease.com/,"[""contact@thestylease.com"", ""jheal@thestylease.com""]","[""+919930004660""]","{""Facebook"": [""https://facebook.com/thestylease""], ""Instagram"": [""https://instagram.com/thestylease""], ""X"": [""https://x.com/thestylease""]}",Apparel,The Stylease is the best place to rent clothes online. Avail Designer dresses on rent from the most loved store in Mumbai! Delivery available across India.,https://www.thestylease.com/cdn/shop/files/Stylease_Final_Logo_2_500x.png?v=1613782302,Maharashtra,2026-09-29T23:06:22.234582+00:00
8158dbad7c63d00d,https://www.thriveco.in/,"[""care@thriveco.in"", ""nodal@anveya.com"", ""nodal@thriveco.in""]","[""+919205556325"", ""+919311434426"", ""+919513151000""]","{""Facebook"": [""https://facebook.com/thrivecotalks""], ""Instagram"": [""https://instagram.com/thrivecotalks""], ""LinkedIn"": [""https://linkedin.com/company/thriveco""], ""X"": [""https://x.com/thrivecotalks""], ""YouTube"": [""https://youtube.com/@Thrivecotalks""]}",Hair care,"ThriveCo offers effective, clean products with deeply researched technology to solve skin & hair problems. Shop Now! ✓Free Shipping ✓COD ✓Secure",https://www.thriveco.in/cdn/shop/files/ThriveCo_Logo_New.png?v=1779883513&width=600,Karnataka,2026-09-29T23:06:42.697269+00:00
99cda1aa22d83e72,https://dynamicx.in/,"[""support@dynamicx.in""]","[""+918158832240""]","{""Facebook"": [""https://facebook.com/DYNAMICxIndia""]}",,DYNAMICx - Live DYNAMIC Life,https://dynamicx.in/cdn/shop/files/DYNAMICX_new_logo_250x@2x.png?v=1781082199,West Bengal,2026-09-29T23:09:51.287867+00:00
bc0fbde852349b38,https://www.achivr.in/,"[""care@achivr.in"", ""customercare@achivr.in"", ""info@achivr.in""]","[""+917760595110"", ""+918431271827"", ""+919538311788""]","{""Instagram"": [""https://instagram.com/sportsachivr""], ""X"": [""https://x.com/sportsachivr""]}",,"Best Place for Sports Online! Genuine Products at Best Prices. Shop for Badminton Rackets, Badminton Shoes, Women's Swimsuits, Cricket Bats, Table Tennis Bats and other sports Gear. Choose from world's leading brands including Asics, Yonex, Li-Ning, Apacs, Babolat, Adidas, Arena, TYR, Speedo, SS, SG and many more.",https://www.achivr.in/cdn/shop/files/Logo_Black_Orange.png?v=1729757748&width=600,Karnataka,2026-09-29T23:13:27.440602+00:00
d56d44d9ff25e8fd,https://www.atoddlerthing.com/,"[""info@atoddlerthing.com""]","[""+916381773133""]","{""Instagram"": [""https://instagram.com/atoddlerthing""], ""YouTube"": [""https://youtube.com/@atoddlerthing""]}",Apparel,"No rashes, no itching — just buttery-soft muslin. Shop A Toddler Thing for organic baby Jablas, Co-ord Sets, Diapers & Essentials. Loved by 10,000+ Indian parents.",https://www.atoddlerthing.com/cdn/shop/files/logo1_440x.png?v=1692689842,Tamil Nadu,2026-09-29T23:15:41.719917+00:00
05771ad03cd837e9,https://thesirona.com/,"[""corporate@thesirona.com"", ""info@thesirona.com"", ""partnerships@thesirona.com""]","[""+919718866644"", ""+919718866646""]","{""Facebook"": [""https://facebook.com/sironahygiene""], ""Instagram"": [""https://instagram.com/sironahygiene""]}",Intimate wellness,"Trusted by over 50 lakh+ Indian women for innovative solutions across period care, intimate hygiene, motherhood, menopause, toilet hygiene, and more.",https://thesirona.com/cdn/shop/files/Frame_40.png?height=60&v=1788172076,Haryana,2026-09-29T22:51:29.692661+00:00
184c34b7fb278f74,https://www.juscubs.com/,"[""customercare@juscubs.com"", ""info@juscubs.com""]","[""+917305127562"", ""+918041125029"", ""+918105433341"", ""+918344499929"", ""+919043994429""]",{},Apparel,"Shop kids clothes online in India at Juscubs. comfortable, high-quality outfits for babies, boys & girls aged 0–14 from everyday wear to special occasions.",https://www.juscubs.com/cdn/shop/files/logo_83e98483-0be4-4e46-a1e2-f84d822109f9.png?v=1689057797&width=260,,2026-09-29T23:21:54.491729+00:00
2719ae1359bf23bc,https://www.juicecorner.in/,"[""juicecorners@gmail.com""]","[""+919756987610""]",{},Food & nutrition,"juicecorner.in | Discover premium hand juicers and juice makers at Juicecorner.in! Effortlessly prepare fresh, healthy juices with our durable and easy-to-use products. Perfect for your daily dose of nutrition!",https://www.juicecorner.in/cdn/shop/files/logo-removebg-preview.png?v=1736367456&width=600,Uttar Pradesh,2026-09-29T22:52:46.035977+00:00
2ce18aa95606a626,https://fabricdekho.com/,"[""fabricdekho@gmail.com""]","[""+911414800773"", ""+911416655993"", ""+919352230664""]","{""Facebook"": [""https://facebook.com/Fabricdekho""], ""Instagram"": [""https://instagram.com/fabricdekho""], ""YouTube"": [""https://youtube.com/channel/UCrWNHPIRmpzA_XIgxi0ruIw""]}",Fabrics & craft supplies,Buy fabric online from the best online fabric store in India. Explore a wide range of fabrics for all your creative projects. Shop now!,https://fabricdekho.com/cdn/shop/files/fabric_dekho_logo_01_1.png?v=1677050986,Rajasthan,2026-09-29T22:53:20.404467+00:00
56180ad8434d236c,https://accessorizelondon.in/,"[""support@accessorizelondon.in""]","[""+918329357978""]","{""Facebook"": [""https://facebook.com/accessorize.india""], ""Instagram"": [""https://instagram.com/accessorizeindiaofficial""], ""YouTube"": [""https://youtube.com/user/AccessorizeOfficial""]}",Bags & travel,"Shop fashion & lifestyle essentials at Accessorize India, an Online shopping Store for women offering best prices in India.Explore handbags, jewellery, sunglasses & scarves.",https://accessorizelondon.in/cdn/shop/files/acc_logo_footer_pinkb.svg?crop=center&height=121&v=1760704321&width=170,Maharashtra,2026-09-29T23:00:50.916736+00:00
5a7c222977abc482,https://www.bartisans.in/,"[""info@bartisans.in""]","[""+918879002245""]","{""Facebook"": [""https://facebook.com/Bartisans.in""], ""Instagram"": [""https://instagram.com/bartisans.in""], ""LinkedIn"": [""https://linkedin.com/company/bartisans""], ""YouTube"": [""https://youtube.com/channel/UCadG86yVFqZjJb73y2vhCjw""]}",,"Our pre-shaken, low-calorie cocktail mixers help you make bar-quality cocktails in less than two minutes. Simply add your favorite spirit and lots of ice, and you're ready to take a sip! Now, try to stop at one!",https://www.bartisans.in/cdn/shop/files/Logo_Final_280x.png?v=1665382436,Maharashtra,2026-09-29T23:00:57.757563+00:00
5d4b64ede384e992,https://indigenoushoney.com/,"[""info@indigenoushoney.com""]","[""+13076831171"", ""+919664798492""]","{""Facebook"": [""https://facebook.com/indigenoushoney""], ""Instagram"": [""https://instagram.com/indigenoushoney""], ""LinkedIn"": [""https://linkedin.com/company/indigenoushoney""], ""YouTube"": [""https://youtube.com/channel/UCWufvV9jG7NdYIeaMeSHQzw""]}",,"Indigenous Honey offers raw, unprocessed honey online in India. Every batch is NMR tested. Our spice-infused and raw multiflora honeys are certified organic by Ecocert.",https://indigenoushoney.com/cdn/shop/files/Indigenous_honey.png?v=1685697631&width=300,Gujarat,2026-09-29T23:01:25.226352+00:00
6ac086733965d668,https://www.naturetherapy.co.in/,"[""info@naturetherapy.co.in"", ""info@naturetherapyindia.com""]","[""+919824031865"", ""+919909957229""]","{""Facebook"": [""https://facebook.com/NatureTherapyIndia""], ""Instagram"": [""https://instagram.com/naturetherapyindia""], ""YouTube"": [""https://youtube.com/@naturetherapyin""]}",,"Small batch production of cold pressed oils and oil blends for skin, hair, and face. All products are natural, sulphate-free, paraben-free, toxic-free, cruelty free Made in India By Kamini Patel",https://www.naturetherapy.co.in/cdn/shop/files/nitwhite_100x.png?v=1613637494,Gujarat,2026-09-29T23:03:06.140855+00:00
7de7bafdd730a50f,https://arihantgems.com/,"[""arihantgem@gmail.com"", ""support@badttamizz.com""]","[""+911145709992"", ""+911204968512""]","{""Instagram"": [""https://instagram.com/arihantgemsofficial""]}",Jewellery,"Shop 100% authentic Rudraksha, certified gemstones, healing crystals and spiritual jewelry online at Arihant Gems & Jewels. Trusted for quality, purity and authenticity.",https://arihantgems.com/cdn/shop/files/Arihant_Logo-removebg-preview.png?v=1739165643&width=600,Delhi,2026-09-29T23:05:54.663762+00:00
7f24481e2af5d2b6,https://www.purpleark.in/,"[""info@purpleark.in"", ""service@purpleark.in""]","[""+919267904392""]","{""Facebook"": [""https://facebook.com/purpleark.india""], ""Instagram"": [""https://instagram.com/purpleark_india""], ""X"": [""https://x.com/purpleark_india""], ""YouTube"": [""https://youtube.com/channel/UC2Koh7AUR173mkxSgM9wFfw""]}",Home & living,"Purpleark is a Gurgaon and Bangalore based organisation offering height adjustable table, standing desk, sit stand desk and standing table for both corporate and home office or work from home (WFH) needs. Order now!",,Karnataka,2026-09-29T23:05:57.665458+00:00
804caaab09cd9a15,https://www.sesacare.com/,"[""consumer.care@sesacare.com"", ""customer.care@sesacare.com"", ""export@sesacare.com"", ""gaurang.bole@sesacare.com"", ""karan.choudhary@sesacare.com""]","[""+918291505016""]","{""Facebook"": [""https://facebook.com/sesaayurveda""], ""Instagram"": [""https://instagram.com/sesaayurveda""], ""LinkedIn"": [""https://linkedin.com/company/sesa-care""], ""YouTube"": [""https://youtube.com/user/Sesacare""]}",Hair care,"Buy Sesa’s Certified Ayurvedic Hair Care Products Online. Fight Hair Fall & Dandruff, aid Hair Growth. NO Mineral Oil. NO Parabens & Sulphates. FREE Shipping & COD.",https://www.sesacare.com/cdn/shop/files/Sesa_logo_with_R_f6cc5773-83e8-4f73-8ffe-73083ee233f3.png?v=1630608962&width=600,Delhi,2026-09-29T23:06:40.348619+00:00
83acde68896d794d,https://shop.parallellearning.in/,"[""sadanand.vyas@parallellearning.in"", ""sales@parallellearning.in""]","[""+919209003414""]","{""Facebook"": [""https://facebook.com/ParallelLearning""], ""Instagram"": [""https://instagram.com/parallel.learning""], ""LinkedIn"": [""https://linkedin.com/company/parallel-learning""], ""YouTube"": [""https://youtube.com/channel/UCmSkfF4wILggezS6eWy2R8Q""]}",,Our aim to create an educated revolution through Signage | Sign board | sticker printing | Poster maker | acrylic board designs & development content to create safety & learning awareness.,https://shop.parallellearning.in/cdn/shop/files/PARALLEL-LEARNING-LOGO_R1_160x@2x.gif?v=1614403341,Maharashtra,2026-09-29T23:07:06.179275+00:00
8c6319c85c81b6ab,https://sanabarreja.com/,"[""info@sanabarreja.com""]","[""+919773905011""]","{""Facebook"": [""https://facebook.com/sanabarrejaofficial""], ""Instagram"": [""https://instagram.com/sanabarrejaofficial""]}",Apparel,"Born of a love for the avant-garde, with a zest to celebrate elaborate hand embroideries, Sana Barreja arrived into the world of fashion in 2017. Guided by the intricacies of hand craftsmanship, and with a keen attention to detail, the brand endeavors to empower women who embrace their individualistic sense of style.",https://sanabarreja.com/cdn/shop/files/SANA_BARREJA_LOGO_PNG_FORMAT_2_190x.png?v=1613755035,Delhi,2026-09-29T23:08:47.031285+00:00
a2448900237c6a4c,https://joeycare.in/,"[""connect@joeycare.in"", ""connect@joeykare.in"", ""contact@joeykare.in""]","[""+918591481811""]","{""Instagram"": [""https://instagram.com/joeykare""]}",Apparel,"Explore Joeycare's wide collection of Indian clothes & outfits for women, men, and kids. Get free shipping on orders over ₹1599 and exclusive discounts. Shop Now!",https://joeycare.in/cdn/shop/files/joey_care_logo_final_transparent_fdb292c2-34a8-4602-8a64-4305228167b7.png?height=80&v=1788938767,Maharashtra,2026-09-29T23:10:00.082675+00:00
aa5fae0d5a0e4f55,https://www.blabel.in/,"[""alisha.s@blabel.in"", ""hello@blabel.in"", ""info@boheco.org""]","[""+918097453233"", ""+918591300415""]","{""Facebook"": [""https://facebook.com/people/B-Label-Clothing/100086739369033""], ""Instagram"": [""https://instagram.com/b.labelindia""], ""LinkedIn"": [""https://linkedin.com/company/b-label-india""], ""YouTube"": [""https://youtube.com/@B_Label""]}",Apparel,"Shop eco-friendly hemp clothing online at B Label, India’s first hemp-based fashion and lifestyle brand offering plant-based comfort, modern design, and breathability better than linen.",https://www.blabel.in/cdn/shop/files/1_2.png?height=50&v=1767097964,Maharashtra,2026-09-29T23:26:11.611260+00:00
affc08c8e98650da,https://www.talismanworld.com/,"[""talktous@talismanworld.com""]","[""+919116999888""]","{""Facebook"": [""https://facebook.com/TalismanWorld""], ""Instagram"": [""https://instagram.com/theofficialworldoftalisman""]}",Jewellery,Shop for Pure 925 Silver Jewellery Online with the Latest Designs & Styles. We have created Sterling Silver Jewelry with luxury pieces at affordable prices that anyone can wear. Explore Now.,https://www.talismanworld.com/cdn/shop/t/14/assets/sticky_logo.png?v=64848927387322900631642744484,Rajasthan,2026-09-29T23:11:51.652450+00:00
b4374ee0a34b1319,https://alloinnoware.com/,"[""care@alloinnoware.com""]","[""+917021681257"", ""+917028180799""]","{""Facebook"": [""https://facebook.com/alloinnoware""], ""Instagram"": [""https://instagram.com/alloinnoware""], ""YouTube"": [""https://youtube.com/channel/UCkHudxGw4jpZlUgE63mLKhA""]}",Home & living,"Allo Innoware is India's Foremost Health First Kitchenware Brand providing Healthy Kitchenware across India. Buy Glass Food Storage Containers, Triply Cookware, Best Glass Lunch Boxes, made of goodness of Glass online at affordable prices in India- Allo Innoware. Healthy alternative to your plastic containers.",https://alloinnoware.com/cdn/shop/files/allo-logo_d87af41a-0c19-4c9b-b68a-b1ac0b8b4643.png?v=1780302795,Maharashtra,2026-09-29T23:12:44.319077+00:00
c65ea53a7fb1ce88,https://thameha.com/,"[""care@thameha.com""]","[""+914774069769"", ""+917306517619""]","{""Facebook"": [""https://facebook.com/thamehadesigns""], ""Instagram"": [""https://instagram.com/thameha_designs""], ""YouTube"": [""https://youtube.com/channel/UCW0vmCb5Gbt_1_kubVEcw9g""]}",,,https://thameha.com/cdn/shop/files/logo_15e2021e-276d-495a-b19d-e0386809e6d9.jpg?v=1641538670,Kerala,2026-09-29T23:27:36.540471+00:00
e9eeda779b2e2f3e,https://masterchow.in/,"[""hello@masterchow.in""]","[""+919910778420""]","{""Facebook"": [""https://facebook.com/Masterchow.India""], ""Instagram"": [""https://instagram.com/masterchow.in""]}",,"Shop MasterChow's Asian range of Noodles, Cooking Sauces, Condiments and more. Ghar pe banao Asian!",https://masterchow.in/cdn/shop/files/Group_238183.png?v=1784882042&width=600,Delhi,2026-09-29T23:18:11.114913+00:00
04e475f555edd536,https://indclues.com/,"[""support@indclues.com""]","[""+911169266285""]","{""Facebook"": [""https://facebook.com/indclues""], ""Instagram"": [""https://instagram.com/indclues.app""], ""X"": [""https://x.com/IndcluesCom""], ""YouTube"": [""https://youtube.com/@indclues""]}",Electronics,"Indclues.com - Online Shopping for Mobile Accessories, Batteries, Back Covers & Other Products at Lowest Price in India. Free shipping All Over India.",https://indclues.com/cdn/shop/files/indclues_logo_2021_png.png?v=1613714411&width=600,West Bengal,2026-09-29T22:51:22.513364+00:00
189c591b6e6d1b3d,https://www.bonfiction.com/,"[""info@bonfiction.com""]","[""+917504455555""]","{""Facebook"": [""https://facebook.com/BonFictionChocolate""], ""Instagram"": [""https://instagram.com/bonfiction""]}",Food & nutrition,The chocolate bars at Bon-fiction are made with cacao home-grown in the fields of the Godavari region. The chocolate bars are crafted with pure finesse exclusively to meet the cravings of the lovers of real chocolate.,https://www.bonfiction.com/cdn/shop/files/Full_Logo_Web_Bon-fiction_9f9598aa-a396-4238-8ec8-3bcdf512b9c0.png?height=36&v=1640237985,Andhra Pradesh,2026-09-29T22:51:56.568646+00:00
3383ae8d2c862a78,https://www.my3dselfie.com/,[],[],"{""Facebook"": [""https://facebook.com/my3dselfieOfficial""], ""Instagram"": [""https://instagram.com/my3dselfie_official""], ""Pinterest"": [""https://pinterest.com/my3dselfie""], ""X"": [""https://x.com/my3dselfie""], ""YouTube"": [""https://youtube.com/@my3dselfie229""]}",,"A 3d Selfie & Art Studio Which Uses Technology, Machine Learning And Digital Sculpting To Make Amazing 3D Printed Figurines & More! We Create, Manufacture 3D Printed figurines In Different Material Just From Your Photo. You Just Need send Us Few High Quality Images Of You Or Your Loved Ones & We Create Your 3D Figurine",https://www.my3dselfie.com/cdn/shop/files/my3dselfie_lr_logo_90x.png?v=1713513718,Assam,2026-09-29T22:57:29.749663+00:00
370654ba48202fbf,https://www.kediaorganic.com/,"[""info@kediaorganic.com"", ""support@kediaorganic.com""]","[""+919699991905""]","{""Facebook"": [""https://facebook.com/kediaorganic""], ""Instagram"": [""https://instagram.com/kediaorganic""], ""YouTube"": [""https://youtube.com/c/KediaOrganicAgroFarms""]}",Food & nutrition,"Buy farm-fresh fruits, vegetables, A2 Bilona Ghee, cold-pressed oils, groceries & healthy foods online. Fresh delivery across Mumbai, Navi Mumbai & Thane.",https://www.kediaorganic.com/cdn/shop/files/Copy_of_Logo-20g00_794cf12c-32de-4b9d-966e-efe9002a298f.png?v=1752473664&width=600,Maharashtra,2026-09-29T22:57:41.412325+00:00
5151f5e3f5e13b77,https://talktocrystals.com/,"[""support@talktocrystals.com""]","[""+919650119440""]","{""Facebook"": [""https://facebook.com/talktocrystals""], ""Instagram"": [""https://instagram.com/talktocrystals""], ""Pinterest"": [""https://pinterest.com/talktocrystals""], ""X"": [""https://x.com/talktocrystals""], ""YouTube"": [""https://youtube.com/channel/UCLcH-aXEndlv5o2KmRQ-V9Q""]}",,"Talk To Crystals is India's Leading Crystal Shop to Buy Real Natural Healing Crystals & Reiki Crystal Products Online. Find Certified Rose Quartz, Moldavite, Pyrite, Amethyst, Citrine & Black Tourmaline. Shop Healing Stones and Crystals Near New Delhi Gurgaon Mumbai Bangalore Chennai Kolkata, in India.",https://talktocrystals.com/cdn/shop/files/talktocrystals-logo_145x_2x-min_145x@2x.png?v=1669120718,Haryana,2026-09-29T23:00:35.205260+00:00
5e8dd5dd401f2159,https://labelswish.com/,"[""hello@labelswish.com"", ""return@swishboss.com""]","[""+916262605120"", ""+918817407093""]","{""Facebook"": [""https://facebook.com/swishbossofficial""], ""Instagram"": [""https://instagram.com/labelswishofficial""], ""X"": [""https://x.com/theswishbrowse""], ""YouTube"": [""https://youtube.com/channel/UCm62MoLzlePcjaBcNUjqoYQ""]}",Apparel,"labelswish is a trend-driven online destination for fashion Clothes,jewellery & accessories. We aim to keep you updated with the latest trends in the world of style .",https://labelswish.com/cdn/shop/files/logo_labelswish_200x.png?v=1736413831,Madhya Pradesh,2026-09-29T23:01:52.990599+00:00
602766ebb146eec6,https://www.neodrift.in/,"[""admin@neodrift.in"", ""support@neodrift.in""]","[""+917678338373""]","{""Facebook"": [""https://facebook.com/profile.php?id=100084835425746""], ""Instagram"": [""https://instagram.com/neodrift.in""], ""YouTube"": [""https://youtube.com/@neodriftautomotiveaccessories""]}",Car & motorcycle accessories,"Shop premium car & bike accessories at Neodrift. Discover custom covers, mats, sunshades & more. Quality gear for every ride.",https://www.neodrift.in/cdn/shop/files/neodrift_logo_140x@2x.png?v=1643285206,Delhi,2026-09-29T23:22:58.821524+00:00
63006e8f7c876ef5,https://www.lamuse.in/,"[""info@lamuse.in""]","[""+917842715566"", ""+917893343874"", ""+918121149220""]","{""Facebook"": [""https://facebook.com/lamuse.in""], ""Instagram"": [""https://instagram.com/lamuse.in""], ""YouTube"": [""https://youtube.com/@lamusehomedecor""]}",Home & living,"La Muse offers curated luxury home decor perfect for home, office, & gifting. Explore designer wall arts, sculptures, showpieces, wall clocks, artificial plants, cushions, vases, barware, paintings & more. Elevate your space with style & sophistication with La Muse Home Decor. Shop online & visit our store in Hyderabad",https://www.lamuse.in/cdn/shop/files/Untitled_2000_x_500_px_1.png?v=1744982962&width=600,Telangana,2026-09-29T23:23:43.371863+00:00
7c285f3c6b813abe,https://aakaar.com/,"[""care@aakaar.com"", ""customercare@aakaar.com""]","[""+16468478479"", ""+919619929262"", ""+919818293328"", ""+919819289629""]","{""Facebook"": [""https://facebook.com/aakaaridolsandtemples""], ""Instagram"": [""https://instagram.com/aakaaridolsandtemples""], ""Pinterest"": [""https://pinterest.com/AakaarIdolsandTemples""], ""X"": [""https://x.com/AakaarDivineArt""]}",,"Buy Online Wooden Temple, Pooja Mandir for Home, Puja Temple, Pooja Temple, Puja Mandir, Puja Mandapam, Pooja Mandapam, Divine Marble Idols, Marble Statues of Hindu Gods Ganesh, Krishna, Lakshmi, Saraswati, Durga, Shiva, Shanker, Radha Krishna, Ram Darbar, Vishnu Laxmi, Hanuman and Special Vaastu Healing Lamp.",https://aakaar.com/cdn/shop/files/logo_1aaaa78b-c6a6-4aa1-a4c3-e584162edf06_compressed_600x.png,Maharashtra,2026-09-29T23:05:31.047737+00:00
7dc2b7a587c617c2,https://www.rdklu.com/,"[""exchanges@rdklu.com"", ""hello@rdklu.com""]","[""+919818522318"", ""+919871514378""]","{""Facebook"": [""https://facebook.com/Radklyou""], ""Instagram"": [""https://instagram.com/rdklu""]}",Apparel,The Alt. Clothing Store ! // Sizes From XS TO 12XL // 10 Days Return Policy,https://www.rdklu.com/cdn/shop/files/RDKLU-LOGO_0121ae4c-c0c1-40ce-a625-b2154e8f5ad4.png?v=1731747627&width=240,Haryana,2026-09-29T23:05:36.984377+00:00
812cffcb0ad4942b,https://nutristar.co.in/,"[""nutristar.india@gmail.com""]","[""+919652264202"", ""+919985169119""]","{""Facebook"": [""https://facebook.com/shopify""], ""Instagram"": [""https://instagram.com/shopify""], ""Pinterest"": [""https://pinterest.com/shopify""], ""YouTube"": [""https://youtube.com/user/shopify""]}",Home & living,"Shop biryani handis, cookware, brass, copper, aluminium and stainless steel utensils at Nutristar. Free India delivery. Bulk & HoReCa orders welcome.",https://nutristar.co.in/cdn/shop/files/nutristar-shopify-logo-transparent.png?v=1787824326&width=800,Telangana,2026-09-29T23:06:48.037092+00:00
85091ee11e9b00be,https://timbercraft.in/,"[""hi@timbercraft.in"", ""info@timbercraft.in""]","[""+918008078579""]",{},Home & living,"Buy handcrafted teak wood furniture online at TimberCraft. Shop premium beds, sofas, & custom pieces. Delivered across India. Durable. Elegant. Made to Last.",https://timbercraft.in/cdn/shop/files/TimberCraft_LogoFinal_2.jpg?v=1710704070&width=360,Telangana,2026-09-29T23:07:29.978645+00:00
8b702eb07f0a8afa,https://jisboutique.com/,"[""info@jisboutique.com"", ""jisboutique@gmail.com""]","[""+919445530738"", ""+919962915468""]","{""Facebook"": [""https://facebook.com/JISBOUTIQUE""], ""Instagram"": [""https://instagram.com/jisboutique""], ""X"": [""https://x.com/jisboutique""], ""YouTube"": [""https://youtube.com/@jisboutique""]}",Apparel,"Shop the latest readymade blouses and Kerala sarees online at JIS Boutique. Explore boat neck, sleeveless, croptop, 2by2, and silk cotton blouse designs at JISB. Our collection includes everything from simple blouse sleeves to sophisticated blouse back designs. Machine Embroidery and Customized Blouse Stitching Done",https://jisboutique.com/cdn/shop/files/JIS_BOUTIQUE_NEW_LOGO_1500x.png?v=1721977695,Tamil Nadu,2026-09-29T23:08:21.620036+00:00
9e1010e781da52d2,https://www.artless-store.com/,"[""info@artless-store.com""]","[""+916292272225""]","{""Facebook"": [""https://facebook.com/artlessstore""], ""Instagram"": [""https://instagram.com/store.artless""], ""X"": [""https://x.com/artless_store""]}",Apparel,Artless Store - Premium wear for Men and Women. Artless brings you the finest collection of luxury clothing for men and women. ✓ Hastle Free Shipping ✓ Fast Delivery,https://www.artless-store.com/cdn/shop/files/artless-demo_136x48.png?v=1614395309,Haryana,2026-09-29T23:09:18.077933+00:00
aedd3aeb47ef8a23,https://saundh.com/,"[""askme@saundh.in"", ""careers@saundh.com"", ""marketing@saundh.com""]","[""+917069090015"", ""+917069090091"", ""+917069090097"", ""+918799678588""]","{""Facebook"": [""https://facebook.com/saundhofficial""], ""Instagram"": [""https://instagram.com/saundhindia""], ""YouTube"": [""https://youtube.com/channel/UCeRpzOCnSGuQI8FXJ5ux1xQ""]}",Apparel,"Shop Saundh for modern ethnic wear for women and men. Explore designer kurta sets, festive outfits and elegant Indian wear crafted with modern sensibility.",https://saundh.com/cdn/shop/files/saundh-logo.png?v=1638180235&width=611,Gujarat,2026-09-29T23:12:05.359434+00:00
b3a714469c38892a,https://woodentwist.com/,"[""help@woodentwist.com""]","[""+919084302132""]","{""Facebook"": [""https://facebook.com/woodentwist""], ""Instagram"": [""https://instagram.com/woodentwist""], ""Pinterest"": [""https://pinterest.com/Wooden_Twist""], ""X"": [""https://x.com/woodentwist""], ""YouTube"": [""https://youtube.com/@woodentwist""]}",Home & living,"Furniture Online: Buy Wooden Furniture with exclusive range of for Living, Dining and Bedroom Furniture online at cheap, best range of wall shelves for living room, best and affordable prices made of solid wood furniture.",https://woodentwist.com/cdn/shop/files/Woodentwist_COM_Logo_copy_2.png?v=1653999897&width=165,Uttar Pradesh,2026-09-29T23:13:01.899643+00:00
babf00c04e1c5999,https://swaarnim.com/,"[""store@swaarnim.com""]","[""+917313599088"", ""+917313599099""]","{""Facebook"": [""https://facebook.com/swaarnimnaturescience""], ""Instagram"": [""https://instagram.com/swaarnim""]}",Health & wellness,Discover the protective power of Swaarnim Ayurveda for your family's well-being.,https://swaarnim.com/cdn/shop/files/Swaarnim_Logo.png?v=1718784226&width=600,Madhya Pradesh,2026-09-29T23:13:01.889145+00:00
c55548e5ee807c46,https://www.ratanjaipur.com/,"[""care@ratanjaipur.com""]","[""+917440084400"", ""+918239117227""]","{""Facebook"": [""https://facebook.com/ratanjaipurofficial""], ""Instagram"": [""https://instagram.com/ratanjpr""], ""LinkedIn"": [""https://linkedin.com/company/ratan-jaipur""]}",,Explore Our Handcrafted Home Textiles That Seamlessly Blend Tradition with Modern Design. Enjoy High-Quality Products & Exclusive Deals to Elevate Lifestyle!,https://www.ratanjaipur.com/cdn/shop/files/Logo_Ratan_400x400_02_30c794ad-6b1a-428f-9bb3-62f68da8f8ec_copy_2.png?v=1721719074&width=164,Rajasthan,2026-09-29T23:14:17.785511+00:00
c5f3594131a29fef,https://nourishyou.in/,"[""care@nourishyou.in"", ""support@nourishyou.in""]","[""+919703111089""]","{""Facebook"": [""https://facebook.com/NourishYouIndia""], ""Instagram"": [""https://instagram.com/nourishyouindia""]}",Food & nutrition,"Buy premium superfoods online at Nourish You – chia seeds, watermelon seeds, pumpkin seeds, sunflower seeds, quinoa, flaxseed, vegan milk, vegan ghee, vegan curd, plant protein & high protein oats, muesli, oats. Healthy, plant-based nutrition delivered across India.",https://nourishyou.in/cdn/shop/files/Website_Logos_Nourish_You_x_One_Good_1_889x188.png?v=1748340980,Telangana,2026-09-29T23:13:47.640378+00:00
e2da0a2efb7d5595,https://wolfattire.com/,"[""hello@wolfattire.com""]","[""+917709146870"", ""+917843004865""]","{""Facebook"": [""https://facebook.com/wolfattire""], ""Instagram"": [""https://instagram.com/wolfattire""]}",Apparel,Wolfattire makes the most creative t-shirts shipped directly to your door. Explore our premium plain and printed t-shirts. Made in India & Always Cool.,https://wolfattire.com/cdn/shop/files/black_logo.png?v=1781258354&width=1314,Karnataka,2026-09-29T23:17:33.872751+00:00
e8b63b3311b86726,https://impactmints.in/,"[""hello@impactmints.in""]","[""+918100001155"", ""+919625934831""]","{""Facebook"": [""https://facebook.com/impactmintsindia""], ""Instagram"": [""https://instagram.com/impactmintsindia""], ""X"": [""https://x.com/impactmintsin""]}",,Enjoy sugar-free mints for fresh breath anytime with IMPACT MINTS. Perfectly refreshing and guilt-free,https://impactmints.in/cdn/shop/files/im_new_logo.png?v=1785236049,Delhi,2026-09-29T23:17:56.833282+00:00
ffcab8199f772203,https://www.jaipuriadaah.com/,"[""contact@jaipuriadaah.com"", ""jaipuriadaah@gmail.com""]","[""+919145843926"", ""+919571205074""]","{""Facebook"": [""https://facebook.com/jaipuriadaah""], ""Instagram"": [""https://instagram.com/jaipuriadaah""], ""YouTube"": [""https://youtube.com/@jaipuriadaah6184""]}",Apparel,"Women's Ethnic Wear - Buy Designer Ethnic Wear Online at Jaipuri Adaah. Shop Latest Kurta Pant, Kurta Set, Suit Set, Night Wear, Kaftans, Sharara Sets, Unstitched Dresses and More.",https://www.jaipuriadaah.com/cdn/shop/files/new-Logo_210x.png?v=1679319979,Rajasthan,2026-09-29T23:28:56.453245+00:00
2c2168e61a981822,https://juniperfashion.com/,"[""care@juniperfashion.com"", ""crm@juniperfashion.com""]","[""+919828045242""]","{""Facebook"": [""https://facebook.com/juniperjaipur""], ""Instagram"": [""https://instagram.com/juniperjaipur""], ""X"": [""https://x.com/juniperjaipur""], ""YouTube"": [""https://youtube.com/c/JuniperFashion""]}",Apparel,"Visit Juniper Fashion for premium ethnic women’s clothing with elegant designs, comfort fits, and trending styles. Discover modern ethnic wear crafted in Jaipur.",https://juniperfashion.com/cdn/shop/files/logo_desk.png?v=1762431130&width=320,Rajasthan,2026-09-29T22:52:59.315089+00:00
486b18248c966721,https://thegourmetstories.com/,"[""hello@storiesnutsberries.com"", ""hello@thegourmetstories.com""]","[""+916363203988"", ""+918088142260"", ""+918884549998""]",{},Food & nutrition,"Buy gourmet-flavoured nuts, berries & quinoa puffs online. Zero refined sugar, zero palm oil, FSSAI certified. Free delivery across India. Shop now.",https://thegourmetstories.com/cdn/shop/files/Asset_11_R.png?v=1784353827&width=600,,2026-09-29T22:58:33.349235+00:00
70758d5d177d63d3,https://everteen-neud.com/,"[""contact@w-d.co.in"", ""support@w-d.co.in""]","[""+911143715213""]","{""Facebook"": [""https://facebook.com/WetAndDry""], ""Instagram"": [""https://instagram.com/wndpersonalcare""], ""Pinterest"": [""https://pinterest.com/wetdrypersonalcare""], ""X"": [""https://x.com/iloveeverteen""], ""YouTube"": [""https://youtube.com/c/wetanddrypersonalcare""]}",Health & wellness,"Explore everteen, NEUD, Nature Sure & ManSure – premium beauty, personal care, feminine hygiene & wellness products. Trusted quality. Shipped worldwide.",https://everteen-neud.com/cdn/shop/files/everteen-neud.com-Logo-300x150px.webp?v=1774097246&width=600,Delhi,2026-09-29T23:03:41.860345+00:00
95dc6aebda3a210b,https://rynestone.in/,"[""rynestones@gmail.com""]","[""+919819989190"", ""+919820282337""]","{""Facebook"": [""https://facebook.com/Rynestone.in""], ""Instagram"": [""https://instagram.com/rynestonemarble""]}",,"Buy marble in Mumbai from a trusted imported marble dealer. Explore Italian marble, premium collections & seamless marble online shopping with Rynestone.",https://rynestone.in/cdn/shop/files/Rynestone_logo.jpg?v=1707110993&width=600,Maharashtra,2026-09-29T23:08:57.715306+00:00
a086e592cd314c82,https://www.potsandpans.in/,"[""care@meyerindia.in""]","[""+911141217100"", ""+916364666660"", ""+917838212151"", ""+918639698998""]","{""Facebook"": [""https://facebook.com/potsandpans.in""], ""Instagram"": [""https://instagram.com/potsandpans.in""], ""X"": [""https://x.com/potsandpansin""], ""YouTube"": [""https://youtube.com/channel/UCvM9jT9D1uBWXw6nPJtlSQw""]}",Home & living,India's first-ever international culinary cookware store. Pots and Pans India brings a multitude of avant-garde kitchen utensils and tools that will make your culinary experience delightful and exceptional.,https://www.potsandpans.in/cdn/shop/files/Logo-2.0_474x.png?v=1614346601,Delhi,2026-09-29T23:09:42.103863+00:00
b0d6b75047a1faf2,https://zazu.co.in/,"[""compliance@zazu.co.in"", ""customerservice@zazu.co.in""]","[""+918800120303""]","{""Instagram"": [""https://instagram.com/zazu.in""], ""YouTube"": [""https://youtube.com/@zazu3471""]}",Apparel,"Transcending trends and effortlessly stylish, we make clothes that reinvent the classic silhouette with an abstract twist and delivered to you in fun, playful and quirky prints.",https://zazu.co.in/cdn/shop/files/Untitled_design_3.png?v=1764053646&width=65,Delhi,2026-09-29T23:12:08.083170+00:00
d9a6a1e237a3b307,https://hairdramacompany.com/,"[""contact@hairdramacompany.com""]","[""+917229032443""]","{""Facebook"": [""https://facebook.com/hairdramacompany""], ""Instagram"": [""https://instagram.com/hairdramaco""], ""X"": [""https://x.com/hairdramaco""], ""YouTube"": [""https://youtube.com/@hairdramaco""]}",Apparel,"Hair Drama Co. is a unique hair fashion destination. Discover our limited edition of luxe hair accessories from the world of Barbie, Emily in Paris and Disney in India!",https://hairdramacompany.com/cdn/shop/files/HairDramaCo.png?v=1766125253,Gujarat,2026-09-29T23:16:18.758101+00:00
6314c99552f85871,https://ninjaas.com/,"[""careers@ninjaas.com"", ""contact@ninjaas.com"", ""prajwal@nnjaas.com"", ""reportabuse@jumkey.com""]","[""+916364430800"", ""+918971170621""]",{},,"Ninjaas Business Services for Shopify stores, Custom ERP Integrations, Online Store Development and more...",https://ninjaas.com/cdn/shop/files/ninjaas-logos.webp?v=1660201672&width=200,Karnataka,2026-09-29T23:41:21.181869+00:00
c79fd049bd5d3096,https://houseofpanchhi.com/,"[""contact.houseofpanchhi@gmail.com"", ""contact@houseofpanchhi.com"", ""houseofpanchhi@gmail.com"", ""info@houseofpanchhi.com"", ""sales@houseofpanchhi.com""]","[""+917567718383"", ""+918469158553"", ""+919574860202""]","{""Facebook"": [""https://facebook.com/houseofpanchhi""], ""Instagram"": [""https://instagram.com/houseofpanchhi""], ""YouTube"": [""https://youtube.com/c/HouseOfPanchhi""]}",,"Buy Indian ethnic wear for women online at House of Panchhi: premium designer styles, quality fabrics & fast pan-India delivery.",https://houseofpanchhi.com/cdn/shop/files/Panchhi_Logo_1.webp?v=1781852423&width=400,Gujarat,2026-09-29T23:51:58.483555+00:00
fd7cd7727ef2fc84,https://www.letscurlup.com/,"[""customercare@letscurlup.com"", ""partner@letscurlup.com""]","[""+919945373597""]","{""Facebook"": [""https://facebook.com/Letscurlupdotcom-2314041265548556""], ""Instagram"": [""https://instagram.com/letscurlupdotcom""], ""YouTube"": [""https://youtube.com/channel/UCS3-kRCucCZk8YpY8pkWjbw""]}",Hair care,"Try our Curly Hair Care Products specially formulated to create perfect curls for your hair. Just follow 3 simple steps: Cleanse, Condition, Style. Order now.",https://www.letscurlup.com/cdn/shop/files/logo_d0c33e1e-6664-436f-a85a-519f9975213f.png?v=1613557481&width=320,Karnataka,2026-09-30T00:08:42.822570+00:00
bde7ac9ec086797f,https://www.lavieworld.com/,"[""griveance@lavieworld.com"", ""support@lavieworld.com""]","[""+917447707733""]","{""Facebook"": [""https://facebook.com/LavieWorld""], ""Instagram"": [""https://instagram.com/lavieworld""], ""X"": [""https://x.com/LavieWorld""], ""YouTube"": [""https://youtube.com/channel/UChdoRVgDOe3f9EkcvUoF1ZA""]}",Bags & travel,"Discover a stunning collection of branded women's bags at Lavie World, where style meets functionality. Elevate your accessory game with the perfect blend of elegance and practicality tailored for every occasion.",https://www.lavieworld.com/cdn/shop/files/Web_logo_c2294833-f836-485d-8894-c57023593126.png?v=1726143283&width=798,Maharashtra,2026-09-29T23:51:07.518522+00:00
53c5b39bd34d7de5,https://charkhee.com/,"[""care@charkhee.com"", ""contact@charkhee.com""]","[""+918287952052"", ""+919870503767""]","{""Facebook"": [""https://facebook.com/charkheethelabel""], ""Instagram"": [""https://instagram.com/charkheethelabel""]}",,"charkhee offers apparel and accessories handcrafted with care using natural fabrics, minimalist designs and comfortable silhouettes. Unique ethnic and casual kidswear, celebration wear for men, womenswear for festive and all occasions. Accessories for gifting and combining with your look!",https://charkhee.com/cdn/shop/files/20200126_CHARKHEE_FINALLOGO_SDAL.jpg?v=1651153589&width=310,Haryana,2026-09-29T23:39:09.096643+00:00
04edef75bf55d459,https://www.secrettoys.in/,"[""secrettoyhelp@gmail.com"", ""secrettoyshelp@gmail.com""]","[""+917042815455"", ""+917891754727""]","{""YouTube"": [""https://youtube.com/channel/UCiG5QSJQRSSGaZcq5FlaFeA""]}",Toys & games,A discreet way to buy sex toys in India. Find a wide range of adult sex toys that are safe and body-friendly at Secret Toys India. Shop Now.,https://www.secrettoys.in/cdn/shop/files/welcome_little_one__jp1-removebg-preview_143x.png?v=1614062809,Delhi,2026-09-30T00:11:34.778420+00:00
06c4216d9f26c28d,https://www.bushirt.in/,"[""info@bushirt.in"", ""sales@bushirt.in""]","[""+916363617240"", ""+918310885863""]","{""Facebook"": [""https://facebook.com/bushirt.in""], ""Instagram"": [""https://instagram.com/bushirt.in""], ""LinkedIn"": [""https://linkedin.com/company/bushirt-in""]}",Apparel,"Shop premium men's co-ord sets, oversized t-shirts, shirts, cargos and shorts at Bushirt. Designed for comfort, modern style and everyday wear with fast delivery across India.",https://www.bushirt.in/cdn/shop/files/Bushirt_Logo.jpg?v=1678700481&width=360,Karnataka,2026-09-30T00:11:34.771321+00:00
bb527cc6ced2d153,https://www.stitchspares.com/,"[""care@stitchspares.com"", ""rakhejasons@gmail.com"", ""stitchspares@hotmail.com"", ""support@stitchspares.com""]","[""+919871314821""]",{},Fabrics & craft supplies,Buy Sewing Machine Parts & Accessories Online - JUKI Parts · JACK Parts · BROTHER Parts · PEGASUS Parts · KANSAI SPECIAL Parts · SIRUBA Parts · YAMATO Parts · HASHIMA Parts · NEW LONG Parts · UNION SPECIAL Parts · GROZ BECKERT Sewing Needles · SCHMETZ Sewing Needles · ORGAN Sewing Needles,,Punjab,2026-09-29T23:50:54.088765+00:00
bfb5fc9602434313,https://fixmycurls.com/,"[""customercarefmc@gmail.com"", ""firoz@fixmycurls.com"", ""fixmycurls@gmail.com""]","[""+918130052378""]","{""Facebook"": [""https://facebook.com/fixmycurls""], ""Instagram"": [""https://instagram.com/fiixmycurls""], ""YouTube"": [""https://youtube.com/@fixmycurls""]}",Hair care,Best Curly Hair Products at Fix My Curls deliver premium natural formulations to nurture and define your curls with visible results for every curl type,https://fixmycurls.com/cdn/shop/files/website_Logo_Scroll.gif?v=1756885919&width=600,Haryana,2026-09-29T23:51:22.725551+00:00
d87829f37c8655a8,https://meraakcouture.com/,"[""info@meraakcouture.com"", ""meraakcouture@gmail.com""]","[""+919769005759""]","{""Facebook"": [""https://facebook.com/meraakcouture""], ""Instagram"": [""https://instagram.com/meraakcouture""]}",Apparel,"Shop Indian luxury handlooms at Meraak Couture. Discover Meenakari & Bandhani sarees and dupattas, handcrafted in pure fabrics, rooted in tradition, and chosen for meaningful gifting, weddings, and festive occasions.",https://cdn.shopify.com/s/files/1/0264/5098/5022/files/WhatsApp_Image_2022-01-06_at_4.20.47_PM_913348a6-39ea-49e3-b785-c9df0926726e.jpg?v=1686296551,Maharashtra,2026-09-29T23:52:32.033884+00:00
a1bfc6f056f30bb6,https://www.cutiefy.in/,"[""info@cutiefy.in"", ""samvar@cutiefy.in"", ""support@cutiefy.in""]","[""+917977946142""]","{""Facebook"": [""https://facebook.com/cutiefy.in""], ""Instagram"": [""https://instagram.com/cutiefy.in""], ""Pinterest"": [""https://pinterest.com/cutiefy.in""]}",Jewellery,Explore an exquisite range of moissanite jewellery for women online. We bring value to you with our premium moissanite gemstones at great prices! Shop Now,,Maharashtra,2026-09-29T23:48:33.857369+00:00
096a51691ccfbca6,https://www.artavenue.com/,"[""artavenueindia@gmail.com"", ""hello@artavenue.in"", ""help@artavenue.com"", ""info@artavenue.com"", ""shop@artavenue.com""]","[""+919828060095"", ""+919828080095""]","{""Facebook"": [""https://facebook.com/artavenueindia""], ""Instagram"": [""https://instagram.com/artavenueindia""], ""Pinterest"": [""https://pinterest.com/artavenueindia""], ""X"": [""https://x.com/artavenueindia""]}",Home & living,"Art Avenue is a lifestyle store having a wide selection of handcrafted goods made for you and your home. Shop from our online store for rugs , cushions , Furniture, Home Decor , lifestyle products , handbags and accessories and more.Discover a curated collection of essential home and lifestyle products online. Shop now",https://www.artavenue.com/cdn/shop/files/logos_10064d68-5ecf-41c5-958a-e4cab0686d37-removebg-preview.png?v=1771312869&width=600,Rajasthan,2026-09-29T23:30:57.154673+00:00
7dd9c1a14e74a9e6,https://greenestfoods.com/,"[""ideas@greenestfoods.com"", ""mohit.somai@upstablish.com"", ""munch@snackible.com"", ""orders@greenestfoods.com""]","[""+919654033995""]","{""Facebook"": [""https://facebook.com/Greenestfoods""], ""Instagram"": [""https://instagram.com/greenestfoods""], ""LinkedIn"": [""https://linkedin.com/company/upstablish""], ""X"": [""https://x.com/GreenestFoods""], ""YouTube"": [""https://youtube.com/@greenestfoods6976""]}",,,https://greenestfoods.com/cdn/shop/files/greenest_logo_c8b54a4e-7697-4ab4-922a-58db74c482d7_200x.png?v=1614340243,Delhi,2026-09-29T23:44:39.386556+00:00
94bc00d7a17caf7f,https://saphed.com/,"[""customercare@saphed.com"", ""hello@saphed.com"", ""unsubscriber@saphed.com""]","[""+919321379338""]","{""Instagram"": [""https://instagram.com/saphedhome"", ""https://instagram.com/saphedliving""]}",Apparel,"Premium linen clothing for men and women — breathable, timeless and made to last. Explore linen shirts, kurta sets, dresses and co-ord sets for everyday wear and occasions. Choose natural with Saphed.",https://saphed.com/cdn/shop/files/Saphed_Latin_White.png?v=1777912808&width=150,Maharashtra,2026-09-29T23:47:10.126074+00:00
ab6c02415e7bf1f2,https://www.papadontpreach.com/,"[""business@papadontpreach.com"", ""customercare@papadontpreach.com"", ""digitalsales@papadontpreach.com"", ""digitalsales@papadontreach.com"", ""jobs@papadontpreach.com"", ""press@papadontpreach.com"", ""shubhika@papadontpreach.com""]","[""+917738334432"", ""+917738334452"", ""+918828831006"", ""+919372091530""]","{""Instagram"": [""https://instagram.com/papadontpreachbyshubhika""], ""YouTube"": [""https://youtube.com/channel/UCsZq0vBaPtCINfFDPksZ9qQ""]}",Apparel,"Papa Don't Preach by Shubhika is a homegrown luxury & designer label offering innovative handmade bridal lehengas, sarees, suits, Jewellery, Bags, Shoes and more online for women.",https://www.papadontpreach.com/cdn/shop/files/PDP_header_logo_black.png?v=1763387014&width=600,Maharashtra,2026-09-29T23:49:42.046873+00:00
486d16ba7c927d0a,https://www.amydus.com/,"[""cs@amydus.com"", ""partner@amydus.com""]","[""+919560740007""]","{""Facebook"": [""https://facebook.com/AmydusPlusSizeFashion""], ""Instagram"": [""https://instagram.com/amydus""], ""YouTube"": [""https://youtube.com/@amydusplussizefashion""]}",Apparel,"Amydus - Best all plus size clothing store for women in India. Buy XXXL dresses, jeans, pants, tops, Kurtis, t-shirts, etc. Free shipping across India",https://www.amydus.com/cdn/shop/files/image_1_280x.png?v=1664454545,Haryana,2026-09-29T23:37:21.493117+00:00
9456291caeb3248f,https://www.nonasties.in/,"[""betty@nonasties.in"", ""yes@nonasties.in""]","[""+919322708324"", ""+919356284998""]","{""Facebook"": [""https://facebook.com/nonasties""], ""Instagram"": [""https://instagram.com/nonasties""], ""Pinterest"": [""https://pinterest.com/nonasties""], ""YouTube"": [""https://youtube.com/user/NoNastiesVideos""]}",Apparel,"No Nasties is India's most sustainable clothing brand. It makes clothes that make the planet better: 100% organic cotton clothing for women & men. Every product you buy from No Nasties removes 3x more CO2 from the air than it creates to make it, ship it, and even wash & wear it. Planet Positive Clothing.",https://www.nonasties.in/cdn/shop/files/NN_logo_web_white.webp?v=1730184524&width=291,Goa,2026-09-29T23:46:45.196701+00:00
f42b669e2e5c17c6,https://www.springfit.com/,"[""care@springfit.com"", ""sales@springfit.com""]","[""+918010161016"", ""+919599337712"", ""+919643544354""]","{""Facebook"": [""https://facebook.com/springfitsleep""], ""Instagram"": [""https://instagram.com/springfitsleep""], ""X"": [""https://x.com/springfitsleep""], ""YouTube"": [""https://youtube.com/@SpringfitSleep""]}",Home & living,"Sleep better with Springfit mattresses. Trusted worldwide as a leading manufacturer, exporter, and retail brand for real comfort, reliable support, and lasting quality.",https://www.springfit.com/cdn/shop/files/springfit_logo.png?v=1729490569&width=90,,2026-09-30T00:07:43.799560+00:00
232f9a41505f4a25,https://www.azga.in/,"[""azgajaipur@gmail.com"", ""azgaonline@gmail.com"", ""hello@azga.in""]","[""+918779666047"", ""+919509426348""]","{""Facebook"": [""https://facebook.com/AZGAOFFICIAL""], ""Instagram"": [""https://instagram.com/azgaofficial""], ""YouTube"": [""https://youtube.com/@azgaofficial""]}",Jewellery,"Shop jewelry crafted with traditional workmanship for men, women, and kids. Rings, Neck Chains, Bracelets, Evil Eye, Cufflinks, Buttons, Lapel Pins, Pocket Squares, Nazariyas, Polki, Initial Cufflinks, Subscription, Corporate Orders, and many more.",https://www.azga.in/cdn/shop/files/azga_final_logo_2_copy_97a4874d-2978-4329-988c-76a7455c89d4.png?v=1678345864&width=1674,Rajasthan,2026-09-30T00:13:05.558383+00:00
6006ebd9aaf760a0,https://www.sundariihandmade.com/,"[""info@sundariihandmade.com""]","[""+918448750142""]","{""Facebook"": [""https://facebook.com/sundarii.handmade""], ""Instagram"": [""https://instagram.com/sundarii_handmade""], ""Pinterest"": [""https://pinterest.com/sundariihandmade20""], ""YouTube"": [""https://youtube.com/c/sundariihandmade""]}",Apparel,"Sundarii Handmade is a Sustainable fashion brand, Selling Online Ajrakh Sarees, Dabu Sarees, Ikat Sarees, Bandhani Sarees, Banarasi Sarees, Maheshwari Sarees, Cotton Blouse, Hand Stiched Blouse, Cotton Crop Tops, Indian Silk Dresses, Hand Printed Dress, Pure cotton printed varieties and styles High-quality Collection.",https://www.sundariihandmade.com/cdn/shop/files/Sundarii_logo_2-removebg-preview.png?v=1722848717&width=523,Uttar Pradesh,2026-09-29T23:40:51.029060+00:00
7982338d97ed1a39,https://mortantra.com/,"[""info@mortantra.com"", ""orders@mortantra.com""]","[""+919909909829"", ""+919909989029"", ""+919998109129""]","{""Facebook"": [""https://facebook.com/mortantra""], ""Instagram"": [""https://instagram.com/mortantra""], ""Pinterest"": [""https://pinterest.com/mortantra""], ""YouTube"": [""https://youtube.com/@mortantrajewelry""]}",Jewellery,"Explore Mortantra’s exclusive collection of traditional Indian jewellery. Handcrafted with love, rooted in culture, perfect for weddings, festivals & celebrations.",https://mortantra.com/cdn/shop/files/Mortantra_Gif_logo.webp?v=1784891869&width=250,Gujarat,2026-09-29T23:44:12.325368+00:00
47c502a8fca97fc2,https://www.indicinspirations.com/,"[""marketing@indicinspirations.com"", ""support@indicinspirations.com""]","[""+917666616093"", ""+918999093398""]","{""Facebook"": [""https://facebook.com/indic.inspirations""], ""Instagram"": [""https://instagram.com/Indicinspires""], ""X"": [""https://x.com/Indicinspires""], ""YouTube"": [""https://youtube.com/@indicinspirations"", ""https://youtube.com/channel/UCXIYuf9c5V4Oj3TPaPDqIDQ""]}",Toys & games,"Buy handcrafted Indian Souvenirs online that narrate stories of India's Traditions, Culture, Heritage & Achievements through Indic Objects - India's Wall of Fame! Collectibles | Souvenirs | Gifts | Merchandise.",https://www.indicinspirations.com/cdn/shop/files/Indic_Logo.svg?v=1722677286&width=1000,Maharashtra,2026-09-29T23:37:10.711268+00:00
3bf06b7d2b82e2be,https://stemdesign.co/,"[""careers@stemdesign.co"", ""info@stemdesign.co""]","[""+911204316986"", ""+918700287703"", ""+919354247903""]","{""Facebook"": [""https://facebook.com/stem.designstudio""], ""Instagram"": [""https://instagram.com/stem.design""], ""Pinterest"": [""https://pinterest.com/stemdesignstudio""], ""X"": [""https://x.com/thestemdesign""]}",Home & living,"Stem Design is a contemporary Indian design studio working between homeware, fine art and spaces to create heartfelt experiences.",https://stemdesign.co/cdn/shop/files/LOGO-BLACK_2x_1424f02e-a67f-4f74-82a3-a1291d38d7df_90x30.png?v=1633425561,Uttar Pradesh,2026-09-29T23:35:57.300218+00:00
a8124d078795e093,https://axiomayurveda.com/,"[""ecom@axiomayurveda.com"", ""support@axiomayurveda.com""]","[""+9118003000858"", ""+918222858448""]","{""Facebook"": [""https://facebook.com/axiomayurveda""], ""Instagram"": [""https://instagram.com/axiom_ayurveda""], ""X"": [""https://x.com/axiom_ayurveda""], ""YouTube"": [""https://youtube.com/channel/UClhw4d8mrZr0nKi7nyMHP6A""]}",Health & wellness,"Shop trusted Ayurvedic products from Axiom. Natural juices, chyawanprash, fruit juices, and more delivered to your doorstep. Safe and effective for daily use.",https://axiomayurveda.com/cdn/shop/files/3_7d83847e-9d5a-4320-af8d-a811cd9a3104.png?v=1716211675,Haryana,2026-09-29T23:48:59.415534+00:00
1dc767c2415bdb65,https://outontrip.com/,"[""high@outontrip.com""]","[""+919560220117""]","{""Facebook"": [""https://facebook.com/OutOnTrip""], ""Instagram"": [""https://instagram.com/outontrip""], ""YouTube"": [""https://youtube.com/channel/UCHQDcG_iyO1w3Q3Ut61EIpQ""]}",,"Buy rolling papers online in India. Tips, blunts, cones and accessories of RAW, WIZ, JUICY, OCB, BobMarley rolling papers. 100% pure organic paper.",https://outontrip.com/cdn/shop/files/Website_logot_try_4_250x.jpg?v=1626083084,Haryana,2026-09-29T23:32:25.574339+00:00
26b62bfafb6c905f,https://beromt.com/,"[""careers@beromt.com"", ""collab@beromt.com"", ""contact@beromt.com"", ""darshana@beromt.com"", ""office@beromt.com"", ""pr@beromt.com""]","[""+919373938669""]","{""Facebook"": [""https://facebook.com/myberomt""], ""Instagram"": [""https://instagram.com/beromtcosmetics""], ""X"": [""https://x.com/beromtcosmetic""], ""YouTube"": [""https://youtube.com/channel/UCSt0LJ6m-NUeiuCB7CQxkAw""]}",,"Buy online wide range of press on nails, distinct nail polishes to lipsticks and nail tools, Beromt offers an array of high-quality products at affordable prices.",https://beromt.com/cdn/shop/files/LOGO_1200X628_88cea517-b3bf-49e8-8da8-0ced8ae4b239_65x.png?v=1627389980,Maharashtra,2026-09-29T23:33:09.081913+00:00
7e40ac21ec14f2d6,https://deadbeat.in/,"[""deadbeat6177@gmail.com"", ""letstalk@deadbeat.in""]","[""+919243295009""]","{""Facebook"": [""https://facebook.com/profile.php?id=100087162592103""], ""Instagram"": [""https://instagram.com/deadbeat.in""]}",Apparel,"Step into the spotlight of urban style with Deadbeat. Our debut streetwear collection merges gritty aesthetics with contemporary flair. Unleash your rebellious side, embrace the attitude, and let Deadbeat redefine your fashion journey.",https://deadbeat.in/cdn/shop/files/deadbeat_logo.png?v=1768904985&width=228,Madhya Pradesh,2026-09-29T23:44:40.466294+00:00
8d565342d86ffac2,https://weezy.in/,"[""admin@weezy.in"", ""gopal@weezy.in"", ""lavnish@weezy.in"", ""manas@weezy.in"", ""support@weezy.in""]","[""+917259956339"", ""+917411901800""]","{""Instagram"": [""https://instagram.com/weezyindia""], ""LinkedIn"": [""https://linkedin.com/company/weezy-streetwear""], ""YouTube"": [""https://youtube.com/@weezystreetwear3119""]}",Apparel,"End of Season Sale Live. Premium men's casual fashion - oversized t-shirts, shirts, jeans, cargos & jackets. COD Available. Free Shipping. 1-3 Days Delivery.",https://weezy.in/cdn/shop/files/weezy_w_mark_v2_300x.png?v=12974964346015136573,Karnataka,2026-09-29T23:46:31.127978+00:00
92fbf4e584fb679a,https://ifyxstore.com/,"[""ifyxstore@outlook.com""]","[""+918080876979""]","{""Facebook"": [""https://facebook.com/iFyxOfficial""], ""Instagram"": [""https://instagram.com/ifyxofficial""], ""YouTube"": [""https://youtube.com/channel/UChzyL_R_vORzo6mCjV6kNjA""]}",Electronics,"Make Everyday Gadgets, Beautiful and Protect them from all kinds of damage. Select from a wide range of Designs & Products. Dispatch in 1-2 days. Upto 40% Off.",https://ifyxstore.com/cdn/shop/files/Ifyx_7a48b9d5-f091-4f36-9fb7-03c0c1c23cf5_96x.png?v=1615323208,Maharashtra,2026-09-29T23:46:35.705828+00:00
dfedb17b22972569,https://www.prashantisarees.com/,"[""support@prashantisarees.in""]","[""+919962505459""]",{},Apparel,"Buy traditional pure silk sarees sarees, handloom silk cotton sarees, kalamkari, chanderi &amp; gift sarees from prashanti sarees at best price online. All new collection of sarees and salwars. Get best price on online orders. Visit our store at Chennai, Bengaluru & Hyderabad",https://www.prashantisarees.com/cdn/shop/files/Prashanti-Logo-white_f9153faf-1034-472c-b9b7-0c6ac58815e3.png?v=1721145957&width=220,Tamil Nadu,2026-09-29T23:52:43.873489+00:00
f98d80c63bcfce71,https://www.truebrowns.com/,"[""info@truebrowns.com""]","[""+918384046951"", ""+919599503334""]","{""Facebook"": [""https://facebook.com/TrueBrownsGlobal""], ""Instagram"": [""https://instagram.com/truebrowns""], ""YouTube"": [""https://youtube.com/@truebrowns122""]}",Apparel,"Top Clothing Brands in India for Womens - Buy Contemporary Dresses at trueBrowns. Free Shipping, COD, 7 Days Return, 24-hr Dispatch.",https://www.truebrowns.com/cdn/shop/files/Brand_w_o_Bkgrnd_Final_cdf948ea-a6cf-4fcb-8184-fe7ee81dc5e7.png?v=1675752714&width=2470,Haryana,2026-09-30T00:08:25.664023+00:00
1fe08b0f3679fc37,https://www.thenesavu.com/,[],"[""+917708844495"", ""+917708869990"", ""+917708877688"", ""+918098991122"", ""+919514435553""]","{""Facebook"": [""https://facebook.com/thenesavu""], ""Instagram"": [""https://instagram.com/nesavu.coimbatore"", ""https://instagram.com/nesavu.erode"", ""https://instagram.com/nesavu.salem"", ""https://instagram.com/nesavu.tirupur"", ""https://instagram.com/thenesavu""], ""Pinterest"": [""https://pinterest.com/thenesavu""], ""YouTube"": [""https://youtube.com/channel/UCdyPcjIPkATZg9m_nW01Ssw""]}",Apparel,"Unique & Stylish Designer Silk Frocks, Casual Kids Girls cotton printed frocks, Comfortable Baby Dresses For All Occasion By The Nesavu. An Online Store For Indian Traditional kidswear / Children Wear. Fine Quality, Latest, Trendy Collection and low Price. Specially Handpicked For You. Shop Now @ www.thenesavu.com.",https://www.thenesavu.com/cdn/shop/files/18x22_inch-The_Nesavu_Logo.png?v=1760203255&width=300,Tamil Nadu,2026-09-29T23:34:26.688584+00:00
3c13f0d9c3798759,https://www.nete.in/,"[""customercare@nete.in"", ""info@nete.in"", ""merchandiser@nete.in""]","[""+919820824482""]","{""Facebook"": [""https://facebook.com/Nete.in""], ""Instagram"": [""https://instagram.com/netedotin""], ""Pinterest"": [""https://pinterest.com/netedotin""]}",Apparel,Discover eco-friendly and sustainable fashion in India with Nete. Shop ethically-made clothing and artisanal accessories. Explore Nete now.,https://www.nete.in/cdn/shop/files/NETELOGO_1_932ec8b3-d5c6-413b-8321-952260c2d5ca.jpg?v=1735200288&width=500,Maharashtra,2026-09-29T23:35:58.467797+00:00
44a5172d84d11542,https://www.singhanias.in/,"[""bdm@singhanias.in"", ""care@singhanias.in"", ""designer@singhanias.in""]","[""+916281337192"", ""+916281641370"", ""+919121275500"", ""+919281022700"", ""+919505533310"", ""+919912233310"", ""+919948733310 ext. 8""]","{""Facebook"": [""https://facebook.com/SinghaniasHyderabadOfficial""], ""Instagram"": [""https://instagram.com/singhanias_official""], ""YouTube"": [""https://youtube.com/@Singhanias1881""]}",Apparel,"Discover the epitome of luxury at Singhania's. Explore our premium and authentic saree collection, showcasing timeless craftsmanship. Enjoy Free Shipping!!",https://www.singhanias.in/cdn/shop/files/singhanias_logo_1.webp?crop=center&height=103&v=1747823005&width=340,Telangana,2026-09-29T23:37:05.501124+00:00
49080b74ec8b0719,https://housenama.com/,"[""contact@delhivery.com"", ""customer.support@delhivery.com"", ""customercare@xpressbees.com"", ""customerservice@bluedart.com"", ""customerservice@gati.com"", ""customersupport@dtdc.com"", ""hello@shadowfax.in"", ""help@housenama.com"", ""info@shreemaruti.com"", ""privacy@housenama.com""]","[""+911133003300"", ""+9118002666868"", ""+9118601234284"", ""+9118602331234"", ""+912049116100"", ""+912262601234"", ""+914466344600"", ""+918068172518"", ""+918069856101"", ""+918376888888"", ""+918779295624"", ""+919606911811"", ""+919712666666""]","{""Facebook"": [""https://facebook.com/housenama""], ""Instagram"": [""https://instagram.com/_housenama""], ""LinkedIn"": [""https://linkedin.com/in/blaisy"", ""https://linkedin.com/in/edinaferrao"", ""https://linkedin.com/in/nimish79""], ""Pinterest"": [""https://pinterest.com/housenama""], ""X"": [""https://x.com/housenama""], ""YouTube"": [""https://youtube.com/@housenama""]}",,"Shop online at Housenama for designer name-plates. 1100+ options for home, office & desk. 150,000+ customers. 4.6+ rating. India's #1 nameplate brand.",https://housenama.com/cdn/shop/files/housenama-logo-512x275.png?v=1667459152&width=600,Maharashtra,2026-09-29T23:37:42.948137+00:00
9b8ad22d943aa44b,https://epokeart.com/,"[""info@fortunechemie.com""]","[""+919035088680"", ""+919036060111""]","{""Facebook"": [""https://facebook.com/fortunechemie""], ""Instagram"": [""https://instagram.com/fortunechemie""], ""YouTube"": [""https://youtube.com/channel/UCeXz427qWhWEpujx-I0uItQ""]}",,"Find top epoxy resin manufacturers in India offering high-quality casting, coating, and industrial-grade epoxy solutions for art, construction, furniture, and DIY projects.",https://epokeart.com/cdn/shop/files/EPOKE_edde5d6e-f25c-4990-9a40-cca099570300_1.png?v=1662122182&width=310,Karnataka,2026-09-29T23:47:46.820460+00:00
bfb739c76d8992f2,https://hilodesign.co/,"[""hello@hilodesign.co""]","[""+919908389810""]","{""Facebook"": [""https://facebook.com/hilodesignofficial""], ""Instagram"": [""https://instagram.com/hilodesign.co""], ""X"": [""https://x.com/hilodesignco""], ""YouTube"": [""https://youtube.com/@hilodesign""]}",Gifts & personalization,"HILO DESIGN is an accessible luxury menswear brand from Hyderabad, creating handcrafted designer wear for the modern Indian man. From weddings and poojas to traditional ceremonies and festive celebrations, discover refined Indian craftsmanship, personalised styling and customisation designed around your style, fit and",https://hilodesign.co/cdn/shop/files/Hilo_Logo_PNG-04_1.png?v=1778920601&width=400,Telangana,2026-09-29T23:51:37.762222+00:00
e66ff73ee680f755,https://wavex.in/,"[""contact@wavex.in"", ""contact@wavexautocare.com"", ""hr@wykointernational.com"", ""sales.global@wavexautocare.com"", ""support@wavex.in""]","[""+9118002740076"", ""+918002740076"", ""+919501112941""]",{},Hair care,"Wavex is the one stop shop for all types of Auto Detailing Products like Car Shampoo, Car Polish, Ceramic Coating, Tyre Dressers, Clay Bar, Dual Action Polisher Machines and more",https://wavex.in/cdn/shop/files/wavex_auto_care_logo.png?format=webp&height=331&v=1774253426,Punjab,2026-09-29T23:53:14.059196+00:00
a33c464564c58366,https://www.bathla.com/,"[""info@bathla.com"", ""support@bathla.com"", ""support@buywow.in""]","[""+918022283824"", ""+918042896000"", ""+919741225767""]","{""Facebook"": [""https://facebook.com/BathlaHome""], ""Instagram"": [""https://instagram.com/bathlahome""], ""YouTube"": [""https://youtube.com/@bathlahome""]}",,"Elevate Your Lifestyle with Innovative, Time-Saving Products by Bathla. Explore ladders, ironing boards, and more for a better home.",https://www.bathla.com/cdn/shop/files/Bathla_Logo_Webiste_0e5b60e1-3fe4-47d8-b722-a203a1e9fc14_200x_png.png?v=1738140024&width=100,Karnataka,2026-09-29T23:48:48.439943+00:00
eb6ddf57a07cbaac,https://volthome.in/,"[""orders@volthome.in"", ""rushabh.vora@satishtrading.com"", ""volthome1@gmail.com""]",[],"{""Facebook"": [""https://facebook.com/volthome""], ""Instagram"": [""https://instagram.com/volthome.in""]}",Cleaning & laundry,"Get fabulous smelling Eco-Friendly laundry with VOLT Fragrance Boosters, Bio- Detergent Powders & Dryer Sheets!",https://volthome.in/cdn/shop/files/logo.png?v=1640790040&width=330,Maharashtra,2026-09-29T23:53:29.694994+00:00
50b4da88f10eede0,https://www.irasva.com/,"[""ales@irasva.com"", ""sales@irasva.com""]","[""+918591049076"", ""+919167535252""]","{""Facebook"": [""https://facebook.com/irasvafinejewellery""], ""Instagram"": [""https://instagram.com/irasvafinejewellery""]}",Jewellery,"Shop modern diamond jewelry at Irasva including rings, earrings, necklaces, bracelets, and fine jewelry designed for effortless everyday style.",https://www.irasva.com/cdn/shop/files/Irasva_Logo_100x.png?v=1710926191,Maharashtra,2026-09-29T23:38:52.526716+00:00
1c1f0b43b0f3af8f,https://mesmerizeindia.com/,"[""care@nandiniwest.com"", ""help@mesmerizeworld.com"", ""mesmerize@nandiniwest.co"", ""mesmerize@nandiniwest.com""]","[""+917900160888""]","{""Instagram"": [""https://instagram.com/mesmerizeindia""], ""X"": [""https://x.com/mesmerizeindia""], ""YouTube"": [""https://youtube.com/channel/UCoSmdjLIx-xzn6HsJadsnwA""]}",Jewellery,"Mesmerize India offers trending fashion jewellery. Buy natural stone bracelets, fashion jewellery like kadas, necklaces, rings & more online. A one stop shop for western men's and women’s accessories with free shipping/ COD delivery across the globe. Perfect for Gifting. Enjoy combo discounts & offers. Made in India.",https://mesmerizeindia.com/cdn/shop/files/mesmerize-new-logo_0b066079-3753-42c5-8ba6-992c8add648f.png?v=1703159894&width=442,Maharashtra,2026-09-29T23:32:30.283022+00:00
fcb6c34de646de08,https://nooob.in/,"[""iam@nooob.in""]","[""+919958786870""]","{""Facebook"": [""https://facebook.com/profile.php?id=100083255141802""], ""Instagram"": [""https://instagram.com/nooob.in""], ""LinkedIn"": [""https://linkedin.com/company/noooblifestyle""], ""X"": [""https://x.com/Nooob_co""]}",,"NOOOB redefines modern luxury for those who lead with purpose. Crafted for visionaries and achievers, each shirt is a statement of precision, artistry, and quiet power. Why wear ordinary when you can wear distinction itself?",https://nooob.in/cdn/shop/files/noob_logo.svg?v=1783931464&width=400,Uttar Pradesh,2026-09-30T00:08:43.579907+00:00
60d88e654ceb1898,https://www.wodarmour.in/,"[""sales@wodarmour.in"", ""wodarmour@gmail.com""]","[""+918448866514""]","{""Facebook"": [""https://facebook.com/wodarmour""], ""Instagram"": [""https://instagram.com/wod_armour""]}",Apparel,Functional Fitness Superstore. Designed to improve the overall performance of the athlete/sportsperson and reduce the risk of injuries.,https://www.wodarmour.in/cdn/shop/files/Wod-Armour-logo_93844d4e-5a0b-4312-9823-4c119c4c6271.png?v=1613510758&width=1280,Haryana,2026-09-29T23:40:51.016514+00:00
8b1b172d70fdb087,https://lemonadeindia.com/,"[""customersupport@lemonadeindia.com""]","[""+919136010856"", ""+919321572629""]","{""Facebook"": [""https://facebook.com/LemonadeIndia""], ""Instagram"": [""https://instagram.com/lemonade.india""], ""LinkedIn"": [""https://linkedin.com/in/lemonade-india""], ""YouTube"": [""https://youtube.com/@lemonadeindiashop""]}",Gifts & personalization,,https://lemonadeindia.com/cdn/shop/files/White_BG_Lemonade_R_Logo.png?v=1771408319&width=600,Maharashtra,2026-09-29T23:45:58.484777+00:00
bc49aafa83c10b49,https://goldensandindia.com/,"[""reachgoldensand@gmail.com""]","[""+919783320305""]","{""Facebook"": [""https://facebook.com/GoldenSandIndia""], ""Instagram"": [""https://instagram.com/goldensandindia""], ""X"": [""https://x.com/Sand_golden""], ""YouTube"": [""https://youtube.com/channel/UCjCtsx4q8mWwZv6qLtRekSQ""]}",,Golden Sand focuses on Providing Premium Protective Mobile Back Covers and Mobile Accessories for more than 300 Mobile Phone Models. Experience world class quality products and services. Visit our website https://goldensandindia.com/ and explore our complete range of high quality products.,https://goldensandindia.com/cdn/shop/files/3_7d93bf17-f206-40b9-aa06-db42d3467889_small.jpg?v=1736143686,Rajasthan,2026-09-29T23:50:48.605836+00:00
eb87f3dbfa6107f0,https://www.themaevastore.com/,"[""ales@themaevastore.com"", ""bdm@themaevastore.com"", ""sales@themaevastore.com""]",[],"{""Facebook"": [""https://facebook.com/themaevastore""], ""Instagram"": [""https://instagram.com/themaevastore""], ""X"": [""https://x.com/themaevastore""]}",Home & living,"Discover elegant home décor, fragrances, candles, and gifts at The Maeva Store. Explore floral décor, scented candles, and unique gifting options.",https://www.themaevastore.com/cdn/shop/files/Mask_group_2dba738b-9ec0-42e2-a0cd-bee14b043eda_70x@2x.png?v=1713518108,Tamil Nadu,2026-09-29T23:53:30.095215+00:00
f3e6850482d90fd9,https://bblunt.com/,"[""care@bblunt.com"", ""nodal@honasa.in""]","[""+917303086765"", ""+918901555444""]","{""Facebook"": [""https://facebook.com/bbluntindia""], ""Instagram"": [""https://instagram.com/bbluntindia""], ""X"": [""https://x.com/bbluntindia""], ""YouTube"": [""https://youtube.com/c/BBLUNTIndia""]}",Hair care,"Shop BBlunt’s Buy 2 Get 2 Free offer on hair care, hair colour and styling essentials for different hair types and concerns. Use code B2G2.",https://bblunt.com/cdn/shop/files/Transparent_logo.png?v=1763029579&width=272,Haryana,2026-09-30T00:08:08.135264+00:00
fb9dbfb89d3bcc63,https://in.ajmal.com/,"[""ajmal.help@nha-world.com"", ""ajmal.support@nha-world.com"", ""info@ajmalindia.com""]","[""+919930063303""]","{""Facebook"": [""https://facebook.com/AjmalPerfumesIN""], ""Instagram"": [""https://instagram.com/ajmalperfumesin""], ""X"": [""https://x.com/AjmalPerfumesIN""], ""YouTube"": [""https://youtube.com/@AjmalPerfumes""]}",Beauty & fragrance,"Shop Ajmal Perfumes India for oud, attar and eau de parfum. Long-lasting luxury fragrances for men and women, from a heritage perfume house",https://in.ajmal.com/cdn/shop/files/ajmal-logo-transparent.png?v=1781343314&width=600,Maharashtra,2026-09-30T00:08:43.838365+00:00
82c383cdbac14284,https://baybot.in/,"[""baybot@exfaq.in""]",[],"{""Facebook"": [""https://facebook.com/baybot.in""], ""Instagram"": [""https://instagram.com/baybot.in""], ""LinkedIn"": [""https://linkedin.com/in/rachit-mundra-a759a01a9"", ""https://linkedin.com/in/shruti-mundra-2b668622b""]}",Electronics,"Baybot is a Convenience Electronics company. All it's products are Smart Wifi enabled, easy to install & mostly wireless. Real Time Alerts & Control via the Baybot App. Wifi Smoke Detector. Wifi Motion Sensor. Wifi Contact Sensor. Wifi Cameras.",https://baybot.in/cdn/shop/files/BayBot-Logo_Color-2_98573c76-f43f-42b5-ae0e-f15c203d312c_300x.gif?v=1683539722,Maharashtra,2026-09-29T23:45:10.231332+00:00
486b05f1d129917d,https://izsi.in/,"[""hello@izsi.in"", ""info@izsi.in"", ""official.izsi@gmail.com""]",[],"{""Facebook"": [""https://facebook.com/izsiindia""], ""Instagram"": [""https://instagram.com/izsi_india""], ""YouTube"": [""https://youtube.com/channel/UCUWTcwFaJmwzV_2d6vy35Zw""]}",Apparel,"Shop the latest trends in swim and resort wear for 2025. Discover sustainable swimwear, bold prints, versatile cover-ups, and inclusive sizing.",https://izsi.in/cdn/shop/files/IZSI-White_b2133e49-d9ac-4282-8f36-8b7e15649724.svg?v=1709377075&width=200,Delhi,2026-09-29T23:37:06.755990+00:00
59eecd59c846dccd,https://www.hidelt.com/,"[""contact@hidelt.com""]","[""+919555571735""]","{""Instagram"": [""https://instagram.com/hideltofficial""]}",Apparel,"HIDELT- Shop India's Premium gym clothes & workout wear collection for both men and women, exclusively online. Enjoy lasting quality, supreme comfort with the perfect fit. Free delivery on all orders. Best workout Clothing for men and women like T shirts, Bottoms, Trousers, leggings, compressions, Tights, Sports Bra.",https://www.hidelt.com/cdn/shop/files/Untitled_design_21_250x.png?v=1706266733,Delhi,2026-09-29T23:40:19.664688+00:00
1047d74b4892437b,https://dermawear.co.in/,"[""customercare@dermawear.co.in""]","[""+9118001200604"", ""+917770019994""]","{""Facebook"": [""https://facebook.com/Dermawear""], ""Instagram"": [""https://instagram.com/dermawear.official""], ""YouTube"": [""https://youtube.com/@dermawearindia""]}",Apparel,"Range of Body Shapers for Men and Women, Sports Bra, Bust Shapers, Shapewear Jeans, Saree Shapewear to choose from. Free Shipping, Easy Returns and COD available.",https://dermawear.co.in/cdn/shop/files/Dermawear_logo.webp?v=1749895523&width=400,,2026-09-29T23:31:38.697942+00:00
3e7a7285884fe0e2,https://thepurpleturtles.com/,"[""chennai@thepurpleturtles.com"", ""hello@thepurpleturtles.com"", ""hyd@thepurpleturtles.com"", ""ingr@thepurpleturtles.com"", ""lavelle@thepurpleturtles.com"", ""moa@thepurpleturtles.com""]","[""+914448590912"", ""+916366843598"", ""+917338018781"", ""+918040934140"", ""+918041528039"", ""+918951102753""]","{""Facebook"": [""https://facebook.com/ThePurpleTurtles""], ""Instagram"": [""https://instagram.com/thepurpleturtles""], ""X"": [""https://x.com/purpleturtlesin""]}",Home & living,"Online home decor products - unique and eclectic designs. Shop for home decoration items online at The Purple Turtles. Available in a variety of designs, sizes, materials, fabrics, and colors.",https://thepurpleturtles.com/cdn/shop/files/215x52.svg?v=1693917703&width=215,,2026-09-29T23:36:16.672554+00:00
7e5b9ac169dae99b,https://teaswing.com/,"[""getstarted@brandsewa.com"", ""support@easwan.com"", ""support@teaswan.com""]","[""+919588422105""]","{""Facebook"": [""https://facebook.com/teaswanofficial""], ""Instagram"": [""https://instagram.com/teaswanofficial""], ""Pinterest"": [""https://pinterest.com/teaswanofficial""], ""X"": [""https://x.com/teaswanofficial""], ""YouTube"": [""https://youtube.com/channel/UCgCodP3098YqKRp036QNU5Q""]}",Coffee & tea,"Shop online for loose leaf teas sourced directly from artisan farmers of India and Nepal. Buy the best loose leaf tea at Teaswing online tea shop with a wide variety of loose-leaf teas & packaged teas, teaware, tea gifts & more. Avail free Shipping on all orders above $50 or Rs.500.",https://teaswing.com/cdn/shop/files/TSWING_Logo.png?v=1679050197&width=600,,2026-09-29T23:44:57.878063+00:00
9ed03f1498cf42f4,https://www.thesassbar.com/,"[""info@thesassbar.com""]","[""+917506662189""]","{""Facebook"": [""https://facebook.com/thesassbar""], ""Instagram"": [""https://instagram.com/thesassbar""], ""YouTube"": [""https://youtube.com/@thesassbar""]}",,"Innovative Bodycare products such as Dessert Soaps, Milk Bath Cleanser that are 'fun'ctional! Living that Sassy Life",https://www.thesassbar.com/cdn/shop/files/LOGO_ANIM.gif?v=1709659562&width=100,Maharashtra,2026-09-29T23:47:54.924015+00:00
0a633f9bcc8e9254,https://shopdop.in/,"[""grievance@shopdop.in"", ""shopdop.in@gmail.com""]","[""+917289898787"", ""+917289918991"", ""+919599838935""]","{""Facebook"": [""https://facebook.com/shopdop.in""], ""Instagram"": [""https://instagram.com/shopdop.in""], ""YouTube"": [""https://youtube.com/@ShopDop""]}",,"Get home delivery of wide range of premium hookah products online at shopdop.in. We deal in thousands of shisha model variants, good brands of molasses / flavors, accessories, chillums, charcoal etc. Cash on delivery is also available. Trust #shopdop",https://shopdop.in/cdn/shop/files/Al_Fakher_Logo_png.jpg?v=1689668705&width=600,Uttar Pradesh,2026-09-29T23:30:57.154673+00:00
1de541938ed96922,https://kabliwalas.com/,"[""helps@kabliwalas.com"", ""order@kabliwalas.com"", ""privacy@kabliwalas.com""]","[""+919810607272""]","{""Facebook"": [""https://facebook.com/Kabliwalas""], ""Instagram"": [""https://instagram.com/kabli.walas""], ""X"": [""https://x.com/kabliwalas""]}",Food & nutrition,"Buy Dry Fruits Online. Trusted. Hassle-Free. Free Home Delivery. Badam, Pista, Kaju, Anjeer, Akhrot, Kishmish, Mukhwaas and much more.",https://kabliwalas.com/cdn/shop/files/logo_-kabuli_180x.png?v=1614308147,Uttar Pradesh,2026-09-29T23:32:32.554144+00:00
4c7242cf1d1c3ed8,https://herbalstrategi.com/,"[""contact@herbalstrategi.com""]","[""+918023431723"", ""+919035766137"", ""+919845022056"", ""+919845259150"", ""+919972922056""]","{""Facebook"": [""https://facebook.com/herbalstrategindia""], ""Instagram"": [""https://instagram.com/herbalstrategi""], ""X"": [""https://x.com/Herbal_Strategi""], ""YouTube"": [""https://youtube.com/channel/UC141zKbadBJTxdx3m0kcIDg""]}",Health & wellness,"Natural Home Cleaners & Insect Repellents: Our herbal products don&#039;t contain any harmful chemicals. They are non-toxic &amp; biodegradable, safe for kids &amp; cause zero side effects",https://herbalstrategi.com/cdn/shop/files/HS_Logo_web_39da7142-3d16-4a83-aa47-cb6a25ef3a15.png?v=1684222382&width=300,Karnataka,2026-09-29T23:38:15.488704+00:00
566361d31f79c96d,https://bioresurge.in/,"[""info@bioresurge.in""]","[""+911135003765"", ""+911135003766"", ""+911143526312"", ""+917290078804""]","{""Facebook"": [""https://facebook.com/bioresurge.in""], ""Instagram"": [""https://instagram.com/bioresurge""], ""X"": [""https://x.com/bioresurgeindia""]}",Health & wellness,"Shop Bio Resurge ayurvedic skin care, hair care &amp; wellness products. Pure herbal solutions for pigmentation, hair fall, acidity, immunity &amp; daily health.",https://bioresurge.in/cdn/shop/files/logo-01_212x.png?v=1615802633,Delhi,2026-09-30T00:14:52.156943+00:00
5901912042703f2e,https://trykartehai.com/,"[""customer_delight@gmail.com"", ""customer_delight@trykartehai.com"", ""ignito.services@gmail.com"", ""zarvis.technologies@gmail.com""]","[""+918296441442""]","{""Facebook"": [""https://facebook.com/100064280155994""]}",Toys & games,"Sex Toys in India - Best Online Sex Toys Store in India for men and women like Cock Rings, Dildos, and Vibrators at affordable prices With Free Home Delivery",https://trykartehai.com/cdn/shop/files/Logo_b89c56e9-e3b5-4721-8a95-087b9dcc4718.png?v=1614718429&width=600,,2026-09-29T23:39:58.886288+00:00
7330ff4577de44e7,https://www.coraltree.in/,"[""coraltree.in@gmail.com""]","[""+919873476009"", ""+919873476234""]","{""Facebook"": [""https://facebook.com/www.coraltree.in""], ""Instagram"": [""https://instagram.com/coraltreein""]}",Home & living,"Online store for Lights, Handbags, Home Decor, Mugs and Other accessories. Payment - COD, Credit/Debit Card, UPI available",https://www.coraltree.in/cdn/shop/files/coral_tree_logo.png?v=1770639049&width=800,Haryana,2026-09-30T00:14:55.789066+00:00
e612e3e0d068ebb7,https://wickedgud.com/,"[""info@wickedgud.com""]","[""+919004125134""]","{""Facebook"": [""https://facebook.com/WickedGud""], ""Instagram"": [""https://instagram.com/WickedGud""], ""X"": [""https://x.com/WickedGud""], ""YouTube"": [""https://youtube.com/@wickedgudindia""]}",Food & nutrition,"Looking for guilt-free healthy pasta? Shop top-quality pasta online at WickedGüd. Get 100% maida-free, high fiber, and high protein healthy pasta at the best prices.",https://wickedgud.com/cdn/shop/files/logo_d8ce3ec3-3b36-45ca-a19b-457ab508d256_120x.png?v=1631080663,Maharashtra,2026-09-29T23:53:01.973868+00:00
4cb9fc8adc3114ae,https://veirdo.in/,"[""info@awesomefab.in""]","[""+917046702094""]","{""Instagram"": [""https://instagram.com/veirdo.in""], ""LinkedIn"": [""https://linkedin.com/company/veirdo""], ""X"": [""https://x.com/Veirdooffical""]}",Apparel,"Online Shopping Store for trending fashions for Men’s at Veirdo. Buy Best T-shirts, Sweatshirts, Shorts, Joggers, Jackets & Hoodies online in India.",https://veirdo.in/cdn/shop/files/veirdo_logo_1.svg?v=1704692356&width=600,Gujarat,2026-09-29T23:38:16.071658+00:00
013fb3580d973144,https://vnhnaiduhall.com/,"[""customercare@naiduhall.net.in""]","[""+9118001022151"", ""+919791081939""]","{""Facebook"": [""https://facebook.com/naiduhall.thefamilystore""], ""Instagram"": [""https://instagram.com/vnh_naiduhall""], ""YouTube"": [""https://youtube.com/@vnhnaiduhall7381"", ""https://youtube.com/channel/UC8n25173pKTB1g3h_a_TJBg""]}",Apparel,"Discover a wide range of ladies innerwear, women's lingerie, men's, and kids' clothing at VNH Naidu Hall. Shop for comfortable and stylish essentials today!",https://vnhnaiduhall.com/cdn/shop/files/VVVVVNH_5_400x.png?v=1678278850,Tamil Nadu,2026-09-29T23:29:45.529586+00:00
0346c39b438b9f91,https://hummel.net.in/,"[""care@hummel.net.in"", ""legal@hummel.net.in"", ""marketing@hummel.net.in"", ""teamsports@hummel.net.in""]","[""+919599184495""]","{""Facebook"": [""https://facebook.com/hummelIndia""], ""Instagram"": [""https://instagram.com/hummelindia""]}",Apparel,"Explore comfortable sportswear for gym, running & more at Hummel India for men & women. Designed in Denmark, Crafted in India.",https://hummel.net.in/cdn/shop/files/Bee_Wordmark.png?v=1754300246&width=2511,Haryana,2026-09-29T23:29:45.529586+00:00
60be62f19b123644,https://www.richlook.in/,"[""care@richlookindia.com""]","[""+917496962808"", ""+919289660081""]","{""Facebook"": [""https://facebook.com/richlook""], ""Instagram"": [""https://instagram.com/richlookindia.in""], ""X"": [""https://x.com/richlook1993""], ""YouTube"": [""https://youtube.com/@Richlookk""]}",Apparel,"Discover Richlook exclusive collection of men's apparel, featuring tailored suits, stylish casuals, Formal Shirts, Casual Trousers, Formal Trousers, Jeans, Jackets, Sweatshirts, Sweaters, Blazers and more. Avail the best discount offers and promotions. COD available. No questions asked exchange policy.",https://www.richlook.in/cdn/shop/files/TSP_RICHLOOK_LOGO.png?v=1771478918&width=360,Haryana,2026-09-30T03:56:58.690721+00:00
6c7eeac05c3a1e47,https://www.haridarshan.com/,"[""ecommerce@haridarshan.com"", ""sales@haridarshan.com"", ""team@haridarshan.com""]","[""+917669916631""]","{""Facebook"": [""https://facebook.com/HariDarshanIndia""], ""Instagram"": [""https://instagram.com/haridarshanindia""], ""X"": [""https://x.com/HariDarshanin""], ""YouTube"": [""https://youtube.com/channel/UC3a05LueCb0ob2rRldyLEmg""]}",Beauty & fragrance,"Trust of 50 Years, Hari Darshan Official Website - Shop for Certified Natural and Organic Agarbatti, Dhoop, Chandan Tika & Hawan Samagri. Shop Now!",https://www.haridarshan.com/cdn/shop/files/Hari_Darshan_Logo_3c15440c-61ac-421d-be12-efe56f2deb51.png?v=1699421915&width=600,Delhi,2026-09-29T23:42:42.466686+00:00
a0d039c313576c3c,https://pizzapro.in/,"[""grievance.officer@pizzapro.in"", ""marketing@pizzapro.in"", ""sales@pizzapro.in"", ""support@pizzapro.in""]","[""+917303096710""]","{""Facebook"": [""https://facebook.com/pizzaproindia""], ""Instagram"": [""https://instagram.com/pizzapro.in""], ""YouTube"": [""https://youtube.com/channel/UCYzfI-z1fyo2rVbpkDmu7Fg""]}",,"Everything for perfect pizza. Shop official Ooni ovens, professional brick ovens, and pizza steels. Premium ingredients and tools for home enthusiasts and pizzerias in India.",https://pizzapro.in/cdn/shop/files/Pizza_Pro_Logo-White_200x.png?v=1781254636,Delhi,2026-09-29T23:48:05.735810+00:00
ac8bc8d4527d3a30,https://ridhimehra.com/,"[""customercare@ridhimehra.com"", ""website.ridhimehra@gmail.com""]","[""+919811065143"", ""+919818870179""]","{""Facebook"": [""https://facebook.com/ridhimehra.1234""], ""Instagram"": [""https://instagram.com/ridhimehraofficial""]}",Apparel,"Shop Ridhi Mehra’s official store for designer sarees, lehengas, and anarkalis. Elevate your festive and wedding wardrobe with premium luxury ethnic fashion.",https://ridhimehra.com/cdn/shop/files/RM_02_b80bb27c-57eb-4c2d-b563-ed01f6b5031c_140x@2x.png,Delhi,2026-09-29T23:50:00.609024+00:00
b1c8261ce34f2824,https://carbonracing.in/,"[""sales@carbonracing.in""]",[],"{""Facebook"": [""https://facebook.com/carbonracinginc""], ""Instagram"": [""https://instagram.com/carbonracinginc""], ""YouTube"": [""https://youtube.com/channel/UCbMQc163OPbD05zE6EzYKwA""]}",,,https://carbonracing.in/cdn/shop/files/logo_180x_1_x40.png?v=1613570049,Karnataka,2026-09-29T23:50:00.506274+00:00
bd17bc53df331185,https://miresi.in/,"[""care@yanaindustries.com""]","[""+917619528378""]","{""Instagram"": [""https://instagram.com/miresi.in""], ""YouTube"": [""https://youtube.com/@miresiindia""]}",,"Discover Miresi, where natural wellness meets modern science. Miresi offers premium products and expert guidance to help you achieve a healthier, balanced life.",https://miresi.in/cdn/shop/files/Miresi_Logo.png?v=1615803851&width=330,Karnataka,2026-09-29T23:50:58.681868+00:00
108970bc42366f13,https://innersense.co.in/,"[""care@innersense.co.in"", ""falguni@innersense.co.in"", ""info@innersense.co.in""]","[""+917226030101""]","{""Facebook"": [""https://facebook.com/InnerSenseIntimateWear""], ""Instagram"": [""https://instagram.com/innersense_lingerie""], ""X"": [""https://x.com/InnerSense_CC""], ""YouTube"": [""https://youtube.com/channel/UCfyMxQmvEBhkqendWkj7kYw""]}",Apparel,"Best Organic Lingerie Shop Online in India - Collection of Organic Bra, Maternity bra, Panties & Underwear @ Inner Sense®, Choose from a wide range of inner wear - padded bra, non-padded bra, wire-free bra, panties - bikinis, thongs, sleepwear items....",https://innersense.co.in/cdn/shop/files/Full-Logo_100x.png?v=1673501613,Gujarat,2026-09-29T23:31:46.980241+00:00
5af526e963d46aaa,https://healthyhome.co.in/,[],"[""+9118001035012"", ""+9118005478700"", ""+91180054787003""]","{""Facebook"": [""https://facebook.com/ReckittIndia""], ""Instagram"": [""https://instagram.com/thisisreckitt""], ""LinkedIn"": [""https://linkedin.com/company/reckitt""], ""X"": [""https://x.com/ThisIsReckitt""], ""YouTube"": [""https://youtube.com/channel/UCjoVqGnRps5g2X-SP5HrGnA""]}",Cleaning & laundry,"Explore HealthyHome Personal Hygiene, Home Cleaning products, sanitizing essentials online at the best prices only at Official Reckitt Shop. Buy Now!",https://cdn.shopify.com/s/files/1/0504/8841/0290/files/hh-logo.svg,Haryana,2026-09-29T23:40:16.239054+00:00
fbac010bb8525f5b,https://eatbetterco.com/,"[""care@eatbetterco.com"", ""connect@gottaeatbetter.com""]","[""+919352178141"", ""+919829188706""]","{""Facebook"": [""https://facebook.com/theeatbetterco""], ""Instagram"": [""https://instagram.com/theeatbetterco""], ""LinkedIn"": [""https://linkedin.com/company/eat-better-ventures""], ""YouTube"": [""https://youtube.com/@eatbetterco""]}",Food & nutrition,"Shop delicious, healthy snacks and feel good about what you eat. Millet Namkeen - Roasted Not Fried, No Palm Oil Dry-Fruit Laddoos - No Added Sugar Nut Mixes, Seed Mixes & more Building India's most loved family snacking brand. Shipping PAN India. Available on Swiggy Instamart, Blinkit, Zepto & Amazon.",https://eatbetterco.com/cdn/shop/files/eat-better-logo-2025_1.svg?v=1779263770&width=83,Rajasthan,2026-09-30T00:08:40.131527+00:00
34468db23c9a630d,https://hyness.in/,"[""hello@hyness.in""]","[""+917034573979""]","{""Facebook"": [""https://facebook.com/Hyness-112354781380165""], ""Instagram"": [""https://instagram.com/hyness.in""]}",,"Buy pure, monofloral honey available in eleven varieties. Sulai, Eucalyptus, Litchi and more. Certified AGMARK Special grade.",https://hyness.in/cdn/shop/files/Group_2_1_158x.png?v=1634551940,Kerala,2026-09-29T23:35:02.646935+00:00
674006f36d377b84,https://angi.in/,"[""info@angi.in""]","[""+919710706615"", ""+919841228842""]","{""Facebook"": [""https://facebook.com/AngiClothing""], ""Instagram"": [""https://instagram.com/angiclothing""], ""X"": [""https://x.com/angiclothing""]}",Apparel,"Discover the latest urban street wear.Types: Chennai T-shirts, Tamil T-shirts, Shiva T-shirts,Tamil Typography collection .",https://angi.in/cdn/shop/t/8/assets/logo.png?v=124372023613187151921683530975,Tamil Nadu,2026-09-29T23:42:09.228292+00:00
7246436fc38de493,https://www.basantikekapde.com/,"[""care@basantikekapde.com""]","[""+918527497781"", ""+919599068994""]","{""Facebook"": [""https://facebook.com/basantikekapde""], ""Instagram"": [""https://instagram.com/basanti_kapdeaurkoffee""], ""YouTube"": [""https://youtube.com/channel/UCJalzKbwG0K8q1TPZ-GvgXA""]}",Apparel,"Shop contemporary Indian clothing by Basanti Kapde Aur Koffee. Shop designer clothing for women, from lehengas and sarees to kurta sets and modern occasion wear.",https://www.basantikekapde.com/cdn/shop/files/Logo_white_1_a06150bf-4769-4fe3-a145-36ab37c1de98.webp?v=1713266611&width=500,Delhi,2026-09-29T23:43:26.712803+00:00
8ca672c912b72a70,https://midazzle.com/,"[""customercare@midazzle.com"", ""info.midazzle@gmail.com"", ""sales@yourstorename.com""]","[""+919953673124""]","{""Facebook"": [""https://facebook.com/MidazzleBeauty""], ""Instagram"": [""https://instagram.com/mi.dazzle""], ""LinkedIn"": [""https://linkedin.com/company/midazzle-pvt-ltd""]}",Skincare,Order Beauty Products & Skin Care Items Online in India at best Price.,https://midazzle.com/cdn/shop/files/New_Logo_500x.png?v=1772313304,Delhi,2026-09-29T23:46:22.621149+00:00
b687b7ea973b6502,https://actifiber.in/,"[""care@essenswellness.com""]","[""+919867492777"", ""+919987345999""]","{""Facebook"": [""https://facebook.com/actifiberofficial""], ""Instagram"": [""https://instagram.com/actifiberofficial""], ""LinkedIn"": [""https://linkedin.com/company/essenswellness""]}",Food & nutrition,"100% Nature Sourced, Clinically Proven, Nutritionist Recommended, Safety Globally Approved, Easy to use. Loved by 35,000+ Users, Trusted by Experts. Get Best offers.",https://actifiber.in/cdn/shop/files/Actifiber_29f94ed5-cf97-4f80-b2a2-d37daeecb133.png?v=1645889919,Maharashtra,2026-09-29T23:50:11.854436+00:00
eb203971a7e58769,https://www.wedtree.com/,"[""support@prashantisarees.in"", ""support@wedtree.com""]","[""+919962215000""]","{""Facebook"": [""https://facebook.com/Wedtree""], ""Instagram"": [""https://instagram.com/wedtreegifts""], ""YouTube"": [""https://youtube.com/@Wedtreehq""]}",Home & living,"Wedtree, specializing in premium Indian handicrafts is a retail and bulk-gifting company that is exquisite and second to none !! We offer a wide range of traditional handicrafts with an Indian touch across various categories in premium gifts, utility gifts, corporate gifts and return gifts in the desire to meet and fo",https://www.wedtree.com/cdn/shop/files/Wedtree-Logowhite.png?v=1642584834&width=140,Tamil Nadu,2026-09-30T03:59:07.509973+00:00
08c24ab55f3fe103,https://www.bakeathome.co.in/,"[""care@bakeathome.co.in"", ""no-reply@bakeathome.co.in""]","[""+9118003095599"", ""+919818261709""]",{},,,,West Bengal,2026-09-30T00:11:34.767459+00:00
104090b5c9f60e90,https://www.paperclipstore.in/,"[""sales@paperclipstore.in""]","[""+918800787766""]",{},Stationery & art,"Shop for notebooks, journals, memo blocks, planners & other accessories on myPAPERCLIP. Customization available. Get yours now & rediscover the joy of writing!",https://www.paperclipstore.in/cdn/shop/files/paperclip-logo.png?v=1717845220&width=600,Delhi,2026-09-29T23:30:58.141258+00:00
1fd049c4ca92efea,https://thefluffycompany.in/,"[""hello@thefluco.com""]","[""+919999394979""]","{""Facebook"": [""https://facebook.com/thefluffycompanyy""], ""Instagram"": [""https://instagram.com/thefluco""], ""YouTube"": [""https://youtube.com/@thefluffycompany4190""]}",Home & living,"We make clever, uncompromising furniture and other nice things fit for modern life at home. From our comfortable, customisable sofas, designer bean bad to sacs, we have something comfortable for every home.",https://thefluffycompany.in/cdn/shop/files/tfc09sddsjkffsdf09sdf_x320_17ef0f24-397e-4ff3-9757-101810a7c592.png?v=1707724695&width=500,Delhi,2026-09-29T23:32:35.179433+00:00
2639a8001fa2b498,https://www.debellecosmetix.com/,"[""hello@debellecosmetix.com""]","[""+917975958738"", ""+919916798224""]",{},Beauty & fragrance,"Official Store of DeBelle Cosmetix! Best deals on beauty products at DeBelle Cosmetics store. Buy cosmetics online with free delivery. Long Lasting nail polishes and nail paint gift set for women . High quality toxin free natural skincare products, affordable unisex fragrances and handmade soaps scented soy wax candles",,Karnataka,2026-09-29T23:33:00.209931+00:00
2672e0039ac95d71,https://www.violetandpurple.com/,"[""sales@violetandpurple.com""]","[""+918978099777"", ""+919246289366""]","{""Facebook"": [""https://facebook.com/violetandpurple.official""], ""Instagram"": [""https://instagram.com/violetandpurple.official""]}",Jewellery,"Violet & Purple offers the best in Designer Fashion Jewelry online at the best prices! With an exciting range of Imitation jewelry, one gram gold jewelry, earrings, necklaces, as other imitation jewellery accessories, it’s the perfect destination for your artificial gold jewelry shopping experience.",https://www.violetandpurple.com/cdn/shop/files/Logo-6_482cf946-071d-4f77-ad47-b5578d24fef1.png?v=1630535098&width=600,Telangana,2026-09-29T23:33:04.742660+00:00
305d3934683bc771,https://www.aevum.in/,"[""jpbiswas@gmail.com""]","[""+919321421388"", ""+919819707909""]","{""Facebook"": [""https://facebook.com/aevumindia""], ""Instagram"": [""https://instagram.com/aevum.in""], ""YouTube"": [""https://youtube.com/@aevumindia""]}",Apparel,,https://www.aevum.in/cdn/shop/files/logo-horizontal-gif-21-12.gif?v=1790084113&width=140,Maharashtra,2026-09-30T00:13:05.548544+00:00
31e27a3efc220354,https://www.atmain.in/,"[""atmain@gmail.com""]","[""+914842667157""]","{""Facebook"": [""https://facebook.com/atmain.fb""], ""Instagram"": [""https://instagram.com/atmain.ig""]}",,,https://www.atmain.in/cdn/shop/files/Site_logo_140x@2x.png?v=1649136550,Kerala,2026-09-29T23:35:08.887861+00:00
36bd2b07f7251f53,https://www.woodgeekstore.com/,"[""hello@woodgeekstore.com"", ""info@woodgeekstore.com""]","[""+916289495478"", ""+917428091996"", ""+919073674583""]","{""Facebook"": [""https://facebook.com/woodgeekstore""], ""Instagram"": [""https://instagram.com/thefirstwoodgeek"", ""https://instagram.com/woodgeekstore""], ""X"": [""https://x.com/woodgeekstore""], ""YouTube"": [""https://youtube.com/user/saikeee""]}",,"Personalized engraved wooden gifts and handmade wooden products customized in the Woodgeek workshop for you. Handmade wooden drinking glasses, dinner plates, wooden bowls, and personalized wooden notebooks, engraved wooden posters, and personalized signs and wooden nameplates and office and desk accessories.",https://www.woodgeekstore.com/cdn/shop/files/WHITE_LOGO_HORIZONTAL3_410x_256x256_fcdcdda8-f9a4-4788-a679-93c65ebf9efc_410x.png?v=1614356633,West Bengal,2026-09-29T23:35:33.825471+00:00
38ef72c42297f6ef,https://buy.budli.in/,"[""hello@budli.in"", ""shop@budli.in""]","[""+917760622066"", ""+919686370242""]","{""Facebook"": [""https://facebook.com/Budli.in""], ""Instagram"": [""https://instagram.com/budli.in""], ""LinkedIn"": [""https://linkedin.com/company/budliinternet"", ""https://linkedin.com/in/rohitbagaria""], ""X"": [""https://x.com/Budli_in""], ""YouTube"": [""https://youtube.com/c/BudliIn""]}",Electronics,"India&#39;s trusted refurbished electronics store since 2015. Phones from ₹1,999, laptops from ₹6,999, MacBooks from ₹29,999. 25-point QC, 6-month warran...",https://buy.budli.in/cdn/shop/files/budli-logo-v4_1.svg?v=1706898279&width=600,Karnataka,2026-09-29T23:35:56.723392+00:00
64650d40bcbc4a99,https://www.drsheths.com/,"[""nodal@honasa.in"", ""support@drsheths.com""]","[""+918901555444""]","{""Facebook"": [""https://facebook.com/drsheths""], ""Instagram"": [""https://instagram.com/drsheths""], ""YouTube"": [""https://youtube.com/@dr.sheths3011""]}",Skincare,Shop Dr Sheth's skincare and get any 2 products at ₹699 with code BUY2. Explore dermatologist-formulated skincare for Indian skin and find your everyday essentials.,https://www.drsheths.com/cdn/shop/files/width-1000px.png?v=1690449385&width=272,Haryana,2026-09-29T23:41:48.715497+00:00
8cdbba29d30da9e4,https://fansarmy.in/,"[""support@fansarmy.in"", ""suppport@fansarmy.in""]","[""+917357995253""]","{""Facebook"": [""https://facebook.com/fansarmy.in""], ""Instagram"": [""https://instagram.com/fansarmy.in__officials""]}",Apparel,Fans Army is An Indian Clothing Brand That Creates The Most Loved and Unique T-shirts and Merchandises. All Clothing's Revolves Around the Pop Culture and Merchandise. Proudly Made In India.,https://fansarmy.in/cdn/shop/files/FANSARMY_3_250x.png?v=1758218995,Rajasthan,2026-09-29T23:46:32.215991+00:00
a0a0e1dbd458d021,https://www.dhampurgreen.com/,"[""care@dhampurgreen.com"", ""info@dhampurgreen.com""]","[""+919650894449"", ""+919818362962""]","{""Facebook"": [""https://facebook.com/dhampurgreen""], ""Instagram"": [""https://instagram.com/dhampurgreen""], ""LinkedIn"": [""https://linkedin.com/company/dhampure-speciality-sugars-ltd""], ""YouTube"": [""https://youtube.com/channel/UCPjDCUTasvHLkYguoP1ZTcw""]}",Food & nutrition,"Discover Dhampur Green’s range of organic jaggery, natural syrups, healthy snacks, and sweeteners. 100% pure, chemical-free products sourced directly from farmer families. Shop for wellness, taste, and tradition delivered to your doorstep.",https://www.dhampurgreen.com/cdn/shop/files/DG_logo_1_ded64305-ccce-454b-aadc-315240f82778.webp?v=1748675023&width=1445,Delhi,2026-09-29T23:48:08.639099+00:00
a4db2dd9d69a6ab7,https://mookuthi.com/,"[""care@mookuthi.com""]","[""+918454006679"", ""+919751166669""]","{""Instagram"": [""https://instagram.com/mookuthiofficial""]}",,"Celebrating South Indian culture and storytelling, one nose pin at a time. Every Mookuthi nose pin tells a unique story and becomes a part of yours.",https://mookuthi.com/cdn/shop/files/mookuthi_logo_red_95x.png?v=1742282134,Tamil Nadu,2026-09-29T23:48:41.541086+00:00
c00c1d32e8af6091,https://www.meadbery.com/,"[""care@meadbery.com"", ""info@meadbery.com""]","[""+9118001024985"", ""+919876247547""]","{""Facebook"": [""https://facebook.com/meadbery""], ""Instagram"": [""https://instagram.com/meadbery""], ""LinkedIn"": [""https://linkedin.com/company/meadbery""], ""X"": [""https://x.com/meadbery""]}",,Best advanced nutraceutical supplements for men & women with clinically researched ingredients designed to help you get the proven benefits of nutrition.,https://cdn.shopify.com/s/files/1/0250/2315/2200/files/MEADBERY_FINAL_LOGO_R_-02_4bedf957-cc82-4572-a309-7ff9b731a375_120x.jpg?v=1585565340,,2026-09-29T23:51:18.573410+00:00
eadaca99a991aa4d,https://naturali.co.in/,"[""feedback@naturali.co.in"", ""gil_legal@rpsg.in""]","[""+9118004205525"", ""+919038303092""]","{""Facebook"": [""https://facebook.com/Naturali.IN""], ""Instagram"": [""https://instagram.com/naturali.in""], ""LinkedIn"": [""https://linkedin.com/company/rpsggroup""], ""YouTube"": [""https://youtube.com/@naturaliselfcare""]}",,"8,50,000+ happy customers. Clinically proven shampoos. Rosemary, Onion, Climbazole Shampoos. No sulphates. No parabens. Free shipping above ₹299.",https://naturali.co.in/cdn/shop/files/naturali_logo_purple_1_1.svg?v=1747380319,West Bengal,2026-09-29T23:53:30.585603+00:00
f70b495dc4001628,https://www.maplepress.co.in/,"[""info@maplepress.co.in"", ""rajitha@maplepress.co.in""]","[""+911204553581"", ""+911204553583"", ""+918800113077"", ""+919717835777"", ""+919971690984""]","{""Facebook"": [""https://facebook.com/maplepress""], ""Instagram"": [""https://instagram.com/maplepressofficial""]}",Books & education,Maple books are loved by people of every age group. Maple Press is the leading book publisher in India. ✅Buy books online today from anywhere.,https://www.maplepress.co.in/cdn/shop/files/Maple_Logo_525x165.png?v=1625492705,Uttar Pradesh,2026-09-30T00:07:51.918064+00:00
fbc4a1cc91a406e7,https://www.duskattire.com/,"[""hello@duskattire.com""]","[""+919354750045""]",{},Apparel,"Dusk is a loungewear label, started in New Delhi in the year we needed it most, 2020. Bringing sophistication and style to your bedrooms, nap-time, and downtime - we offer thoughtfully designed pyjama sets, Indian-inspired sleepwear, lounge sets, and accessories for both men and women.",https://www.duskattire.com/cdn/shop/files/dusk_branding-01_95x.png?v=1614353645,Uttar Pradesh,2026-09-30T03:59:16.933847+00:00
3b6575f9b4f05c23,https://www.smartivity.in/,"[""info@smartivity.in""]","[""+918130949966""]","{""Facebook"": [""https://facebook.com/SmartivityToys""], ""Instagram"": [""https://instagram.com/smartivitytoys""], ""X"": [""https://x.com/smartivitylabs""]}",Toys & games,"Buy DIY STEAM Fun Toys for 1 to 14-Year-Old Kids Online. STEM DIY Educational & Learning Toys, Science Chemistry Experiments Kits, Mechanical Toys, Engineering Projects, and Construction-Based Activities & Games for Kids. Perfect Art & Craft And Hobby Kits, Great Birthday Gifts For Ki...",https://www.smartivity.in/cdn/shop/files/Website_logo_170x52_718812ec-6219-4cbb-875c-000fd6105da5.png?v=1672645372&width=300,Delhi,2026-09-29T23:35:51.337954+00:00
40ea756342f17795,https://habbana.com/,"[""habbanaco@gmail.com""]",[],"{""Facebook"": [""https://facebook.com/HabbanaCo""], ""Instagram"": [""https://instagram.com/habbanaco""], ""X"": [""https://x.com/habbanaco""]}",Beauty & fragrance,"Buy Cosmetics Online, Beauty Products Online In India",https://habbana.com/cdn/shop/files/Logo_Habbana_07f44020-a0ed-4ab5-9b7a-498b7c5e188e.png?v=1613775209,Maharashtra,2026-09-29T23:36:39.322573+00:00
629ed44df0115e31,https://www.jaibros.com/,"[""hello@jaibros.com""]","[""+917042021993"", ""+918595671993""]","{""Facebook"": [""https://facebook.com/Jaibros1""], ""Instagram"": [""https://instagram.com/jaibros2""], ""LinkedIn"": [""https://linkedin.com/company/jaibros""], ""X"": [""https://x.com/Jaibros3""], ""YouTube"": [""https://youtube.com/@Jaibros""]}",,"Jaibros have cnc machine tools and accessories such as er collets, pull studs, spanners, collet chuck holders , apmt 1135 inserts, apmt 1604 insert, duracarb.",https://www.jaibros.com/cdn/shop/files/jaibros_055d52cf-993a-4288-b3bf-567ff5a46812.gif?v=1786943549&width=426,Delhi,2026-09-29T23:41:18.302217+00:00
6718db341b4364e5,https://dentalexpress.in/,"[""info@agkem.in"", ""support@dentalexpress.in""]",[],"{""Facebook"": [""https://facebook.com/dentalexpress.in""], ""Instagram"": [""https://instagram.com/dentalexpress.in""], ""YouTube"": [""https://youtube.com/channel/UC8acaPT_3TlTQ9EldHNYYRQ""]}",,"DentalExpress offers quality dental supplies with transparent pricing and reliable delivery for clinics and labs across India, with simple online ordering.",https://dentalexpress.in/cdn/shop/files/Dental_Express_Logo_200x80_b73f31c0-60b7-48e0-b950-11bd3b8acc50_1118x446_1_-_Edited_1116x171.png?v=1773641106,Delhi,2026-09-29T23:41:35.821028+00:00
6ec972a3d7789b8d,https://vmtc.in/,"[""vmtc.india@gmail.com""]","[""+919999232200""]",{},Home appliances,,https://vmtc.in/cdn/shop/files/VMTC_LOGO_white_440x.png?v=1710994287,Haryana,2026-09-29T23:43:09.913233+00:00
7feba226f47395d5,https://iyurved.com/,"[""contact@iyurved.com""]","[""+918068452919"", ""+919740818202""]","{""Facebook"": [""https://facebook.com/Iyurved""], ""Instagram"": [""https://instagram.com/iyurved""]}",Food & nutrition,Scientifically Researched Brain Nutrition. Trusted by 6 Lakh+ Parents & Adults,https://iyurved.com/cdn/shop/files/iyurved-logo_95x.webp?v=1766401224,Karnataka,2026-09-29T23:45:07.181096+00:00
89ed01b6d7c282ae,https://mymoonstruck.com/,"[""crm@maadees.com"", ""tech@maadees.com""]","[""+918233133223""]","{""Facebook"": [""https://facebook.com/moonstruckbyss""], ""Instagram"": [""https://instagram.com/moonstruckbyss""], ""X"": [""https://x.com/moonstruckbyss""]}",Apparel,"Mymoonstruck- Online Shopping of Party wear and Designer dresses for Women - Buy wide range of Tops, Shirts, Maxi, Dress, Gown, Jumpsuits, Kurtis, Palazzo.",https://mymoonstruck.com/cdn/shop/files/6433AD9B-13FE-47C0-B04B-5F3B56DFB5FD_1ab946d2-addb-43f6-bee0-992f19e03be8.webp?v=1717759885&width=600,Rajasthan,2026-09-29T23:45:38.866398+00:00
a96b70b19b73dfff,https://attrangi.in/,"[""support@attrangi.in""]","[""+918369737851"", ""+918850934728""]","{""Facebook"": [""https://facebook.com/attrangidesigns""], ""Instagram"": [""https://instagram.com/attrangi_designs""]}",Jewellery,"Attrangi — where every look finds its jewellery. Shop India's finest artificial jewellery online. Handcrafted earrings, necklace sets, bangles, rings & bridal sets. Perfect for weddings, festivals & everyday elegance. Free shipping on prepaid orders. Mumbai, Chennai & Surat boutiques.",https://attrangi.in/cdn/shop/files/att_logo_new_90x.png?v=1621072841,Maharashtra,2026-09-29T23:49:34.446870+00:00
b919abb8258cc35f,https://saroj.in/,"[""contact.sarojfashions@gmail.com"", ""contact@saroj.in""]","[""+918108599881"", ""+918850598841"", ""+919082304197"", ""+919274587247"", ""+919274787247"", ""+919372183377""]","{""Facebook"": [""https://facebook.com/saroj.fashions""], ""Instagram"": [""https://instagram.com/saroj.fashions""]}",Fabrics & craft supplies,"Shop premium Indian fabrics online — pure silk, linen, Banarasi brocade, embroidered cotton & dyeables. 10,000+ designs. COD India. Worldwide shipping.",https://saroj.in/cdn/shop/files/Circle-modified_2_300x_2x_1_f497f843-45ab-4214-9514-2fa4de3b2cd4_260x.png?v=1725539248,,2026-09-29T23:50:45.340776+00:00
bc794be4b4a71a7b,https://mridulmadhok.in/,"[""care.damngood@gmail.com"", ""caredamngood@gmail.com"", ""teamdamngood@gmail.com""]","[""+919781000744""]","{""Instagram"": [""https://instagram.com/damngoodbymridulmadhok""], ""YouTube"": [""https://youtube.com/c/MridulMadhok""]}",Skincare,Damn good products are safe and free from harsh chemicals. Shop now the best skincare & haircare products under one store. Our Products are safe & tested.,https://mridulmadhok.in/cdn/shop/files/Damn_Good_Logo_white_1.png?v=1747750913&width=1200,Punjab,2026-09-29T23:50:58.689373+00:00
d0d870e78615f12d,https://uniformcraft.com/,"[""enquiry@uniformcraft.com""]","[""+918065820918"", ""+919994413725""]","{""Facebook"": [""https://facebook.com/uniformcraft""], ""Instagram"": [""https://instagram.com/uniformcraft_official""], ""YouTube"": [""https://youtube.com/channel/UC_P7WFy7DDaDhGcmD6JuLew""]}",,We create world-class uniforms for every modern healthcare professional with carefully designed fits and styles that evoke pride and purpose. They are made from the highest quality of fabrics with an accurate blend of colours - to provide your hospital with its distinct identity.,https://uniformcraft.com/cdn/shop/files/UC_logo_d3229d0f-e0f3-404f-9fce-37f9845ed71b.png?v=1689614123&width=1445,Tamil Nadu,2026-09-29T23:52:24.050877+00:00
d1e8f5dbe225458c,https://suemue.in/,"[""info@suemue.com""]","[""+911126513756"", ""+911126854350"", ""+919810024304""]","{""Facebook"": [""https://facebook.com/suemue.design""], ""Instagram"": [""https://instagram.com/sue.mue""], ""YouTube"": [""https://youtube.com/channel/UClqgVI_XwT5ktfH_8Ou62cg""]}",Apparel,"SueMue is an iconic bespoke women's wear label offering a blend of luxury Indian dresses, traditional Indian designer wear, bridal wear & modern western sensibilities in bridal, couture, prêt & fabrics",https://suemue.in/cdn/shop/files/SueMue-Logo1200x630.jpg?v=1714803242,Delhi,2026-09-29T23:52:21.334805+00:00
dafc4d8ff428f754,https://giftsoflove.in/,"[""mail@giftsoflove.in"", ""online@giftsoflove.in""]","[""+919810965535""]","{""Facebook"": [""https://facebook.com/giftsoflove.stores""], ""Instagram"": [""https://instagram.com/giftsoflove.stores""]}",Stationery & art,"Range of Stationery, Gifts, Coffee Mugs, Greeting Cards, Notebooks and Home Accessories with options to Personalise. Great Design and Awesome Products at Gifts of Love.",https://giftsoflove.in/cdn/shop/files/GOL_Logo_Celebrate_PNG.png?v=1738643745&width=200,Haryana,2026-09-29T23:52:41.808791+00:00
09cc1b59d69e3e72,https://www.brandless.co.in/,"[""hello@brandless.co.in"", ""hellobrandless@gmail.com""]","[""+919319117692""]","{""Facebook"": [""https://facebook.com/BrandlessIndia""], ""Instagram"": [""https://instagram.com/brandlessindia""], ""YouTube"": [""https://youtube.com/@brandlessindia""]}",Gifts & personalization,Handcrafted genuine leather accessories by Brandless for both men & women. Each product is handcrafted by craftsmen with detailing and premium quality at its core. Personalised Gifting Solutions. Cash on Delivery. Free Shipping Pan India. Complimentary Personalisation with Initials.,https://www.brandless.co.in/cdn/shop/files/LOGO_2_57e2cf71-5ceb-4f71-a9c1-5d70f1130199.png?v=1630613551&width=600,Delhi,2026-09-29T23:30:46.573681+00:00
17863baf896e8a08,https://www.thebeachcompany.in/,"[""info@thebeachcompany.in""]","[""+919930399631""]","{""Facebook"": [""https://facebook.com/thebeachcompanyindia""], ""Instagram"": [""https://instagram.com/thebeachcompanyindia""], ""X"": [""https://x.com/Beach_Company""]}",,"The Beach Company - Shop for premium swimwear, beachwear, resortwear, swimming goggles, flip flops, pool floats, sunglasses, sun care products, and kids' toys. Find great deals on the beach compnay products, beach bags, and hats online. Your ultimate destination for beach essentials in India.",https://www.thebeachcompany.in/cdn/shop/files/logo-sm_400x.png?v=1725281270,Maharashtra,2026-09-29T23:32:23.164880+00:00
218fdc2077f63d89,https://loveforwhite.com/,"[""orders@loveforwhite.com"", ""returns@loveforwhite.com""]","[""+919810146244"", ""+919818128660"", ""+919891218415""]","{""Facebook"": [""https://facebook.com/loveforwhite""], ""Instagram"": [""https://instagram.com/loveforwhite1""]}",Home & living,"Premium luxury bed, bath & table linen inspired by Japanese minimalism. Hotel-quality sheets, towels & duvets. Shop Love for White.",https://loveforwhite.com/cdn/shop/files/1000036843_811911ae-36c1-406c-955c-dfe9ee33c854.png?height=100&v=1781412180,Delhi,2026-09-29T23:32:43.166756+00:00
223df70091ec9d18,https://www.polagoclothing.com/,"[""info@polagoclothing.com"", ""reachpolagoclothing@gmail.com""]",[],"{""Facebook"": [""https://facebook.com/polagoclothing""], ""Instagram"": [""https://instagram.com/polagoclothing""], ""X"": [""https://x.com/polagoclothing""], ""YouTube"": [""https://youtube.com/@polagoclothing""]}",Apparel,"Online Shopping for Womens: Buy Maxi dresses, Tops & midi dress online from a wide range of collections.",https://www.polagoclothing.com/cdn/shop/files/F2C8047C-7C25-48F4-BA84-C3F621FBE952_4_5005_c-removebg-preview_71c28d7c-e08e-47a4-b7a6-d0ea02606cb3_450x.png?v=1756830795,Karnataka,2026-09-30T00:13:05.552328+00:00
28def29d86a504fe,https://furr.in/,"[""b2b@peesafe.com"", ""care@peesafe.com"", ""nodal@peesafe.com""]","[""+918448585006"", ""+919870279353""]","{""Facebook"": [""https://facebook.com/PeeSafeIndia"", ""https://facebook.com/furrtastically""], ""Instagram"": [""https://instagram.com/furrbypeesafe"", ""https://instagram.com/peesafe""], ""LinkedIn"": [""https://linkedin.com/company/peesafe""], ""X"": [""https://x.com/peesafe""], ""YouTube"": [""https://youtube.com/channel/UCuJXacHnH_o6xzSqse6VZ7A""]}",Skincare,"Discover FURR's beauty and grooming essentials for women, from trimmers and razors to foot care, skincare and more. Shop smart, effortless grooming online.",https://furr.in/cdn/shop/files/Furr_Transparent.png?height=80&v=1782912935,Haryana,2026-09-29T23:33:47.627745+00:00
43b5c8be5b17e334,https://adahbyleesha.com/,"[""adah.clothing@gmail.com"", ""queries@adahbyleesha.com""]",[],"{""Facebook"": [""https://facebook.com/AdahbyLeesha""], ""Instagram"": [""https://instagram.com/adahbyleesha""], ""X"": [""https://x.com/Theleeshesh""]}",,"Adah by Leesha is your go to destination for all our handloom needs. We're a sustainable, zero waste, handloom brand offering handloom men's wear and women's wear at affordable prices working directly with artisans all over India.",https://adahbyleesha.com/cdn/shop/files/Asset_1_3x_d18dfc97-7bed-4c65-9bc3-7055248abc36_1828x.png?v=1630944845,Maharashtra,2026-09-29T23:36:18.104940+00:00
7530f6840038fa28,https://www.kanzandmuhul.com/,"[""contactus@kanzandmuhul.com"", ""wansaenterprises@gmail.com""]","[""+919599966378"", ""+919971005558""]","{""Facebook"": [""https://facebook.com/Kanz.Muhul""], ""Instagram"": [""https://instagram.com/kanz.muhul""]}",Food & nutrition,"Kanz & Muhul is India's Favourite Kashmiri Spice market with handcrafted products ranging from Kashmiri Walnuts, Almonds, Saffron, Honey, Artefacts & much more. Shop now on K&M, delivering across the world.",https://www.kanzandmuhul.com/cdn/shop/files/logo_webiste.webp?v=1776409870&width=300,Haryana,2026-09-29T23:43:44.134797+00:00
76fef3dc2b82ba8b,https://urbantribe.in/,"[""support@backpackinternational.com"", ""support@urbantribe.in""]","[""+912229650014"", ""+919769487901""]","{""Facebook"": [""https://facebook.com/urbantribeofficial""], ""Instagram"": [""https://instagram.com/urbantribeindia""], ""LinkedIn"": [""https://linkedin.com/company/urbantribeofficial""], ""X"": [""https://x.com/urbantribeindia""], ""YouTube"": [""https://youtube.com/channel/UCt4aveR9YlnH07gCgNXZwdA""]}",,,https://urbantribe.in/cdn/shop/files/URBAN_TRIBE_-_BRAND_LOGO1_cf9ab760-c607-463b-a2f6-b16e3e0a3a3d.png?v=1738309832&width=180,Maharashtra,2026-09-29T23:43:45.822218+00:00
a8d2aebca571b5ab,https://ramawaterfilter.com/,"[""grievance@ramawaterfilter.com"", ""service@ramawaterfilter.com""]","[""+914447469360"", ""+917397253297"", ""+917397455214"", ""+918065917410"", ""+919344907015""]","{""Facebook"": [""https://facebook.com/ramawaterfilter""], ""Instagram"": [""https://instagram.com/ramawaterfilters""], ""YouTube"": [""https://youtube.com/@ramawaterfilters""]}",,"Rama Water Filter brings 60 years of trust, providing India’s best gravity water filters for fresh, healthy drinking water.",https://ramawaterfilter.com/cdn/shop/files/svg-to.svg?v=1761553820&width=600,Tamil Nadu,2026-09-29T23:49:27.436764+00:00
bf5f96a17e398aff,https://cittaworld.com/,"[""customercare@cittabeauty.com""]","[""+919156377002""]","{""Facebook"": [""https://facebook.com/CittaWorld""], ""Instagram"": [""https://instagram.com/cittaworldofficial""], ""YouTube"": [""https://youtube.com/channel/UCCsSs59OTx2cGCCKeIqi22Q""]}",Baby & maternity,"Shop skin, body, hair, and baby care products online in India at CITTA. Trusted by parents & dermatologists for gentle, effective daily care.",https://cittaworld.com/cdn/shop/files/logo-_2__jpg_a83a0296-97ef-4fba-bfac-b6b605353763.png?v=1780161044&width=600,Maharashtra,2026-09-29T23:51:17.232034+00:00
eab3aa8229b13c57,https://www.fabbag.com/,"[""crew@fabbag.com""]","[""+912268056010""]","{""Facebook"": [""https://facebook.com/fabbag""], ""Instagram"": [""https://instagram.com/thefabbag""], ""X"": [""https://x.com/thefabbag""]}",,India’s largest beauty subscription service. Receive amazing sample/full-size products at least twice the price you pay in a delightful bag every month. Never make the expensive mistake of buying products that do not work for you! Beauty discovery has never been this fun.,https://www.fabbag.com/cdn/shop/files/FABBAG-LOGO_ea6e4404-93c0-4f54-9efc-23e6960bf4d4_2048x.png?v=1662004919,Maharashtra,2026-09-29T23:53:22.254445+00:00
11983fe97843e5f4,https://lorenzindia.com/,"[""care@lorenzindia.com"", ""ecommerce@lorenzindia.com""]","[""+919654004851""]","{""Facebook"": [""https://facebook.com/lorenzfashion""], ""Instagram"": [""https://instagram.com/lorenz.fashion""]}",Watches & eyewear,"Lorenz India offers a wide range of high-quality watches, wallets, sunglasses, and belts at affordable prices. Shop now and add some style to your wardrobe!",https://lorenzindia.com/cdn/shop/files/logo_._copy_90x.png?v=1615320510,Haryana,2026-09-30T00:11:44.294748+00:00
1c3d68c6622deb02,https://thebimba.com/,"[""enquiry@thebimba.com"", ""thebimba@outlook.com""]","[""+919310214292"", ""+919310734194""]","{""Facebook"": [""https://facebook.com/theBimbarts""], ""Instagram"": [""https://instagram.com/thebimbastore""]}",,"Buy Painting Online For Home & Offices, Canvas Paintings Prints, Portraits and Frames Online from India. Modern Styles at Affordable Cost. Painting Artwork Customization Requests Accepted.",https://thebimba.com/cdn/shop/files/Logo_160x.png?v=1654171817,Delhi,2026-09-29T23:32:25.489872+00:00
49a158d35d275f56,https://www.pinklay.com/,"[""care@pinklay.com"", ""hello@pinklay.com""]","[""+918104136291""]","{""Facebook"": [""https://facebook.com/pinklayIndia""], ""Instagram"": [""https://instagram.com/pinklayindia""], ""YouTube"": [""https://youtube.com/channel/UCP1gIxDFMQZkAhuRWpj0S0A""]}",,"Discover handcrafted clothing and home décor made by 1,000+ Indian artisans. Shop block-printed dresses, kurta sets, quilts, cushions & more — in natural fabrics, XS to 4XL. Proudly made in India. Ships worldwide. Free shipping on orders above ₹2,999.",https://www.pinklay.com/cdn/shop/files/pinklay_logo_buy_76d29792-e34f-4523-a9ec-0e6a78828bb8_170x.png?v=1689667588,Maharashtra,2026-09-29T23:37:58.098153+00:00
5839eab995d061b2,https://blfabric.com/,"[""contact@blfabric.com""]","[""+917433999837""]","{""Facebook"": [""https://facebook.com/blfabricin""], ""Instagram"": [""https://instagram.com/blfabric""], ""X"": [""https://x.com/blfabric""], ""YouTube"": [""https://youtube.com/channel/UCXOLjdmNZOYx0vjppxapjIg""]}",Apparel,"As seen on Shark Tank India, we bring high fashion to every budget with fresh designs monthly. Shop the Women Designer Collection at BL Fabric. From semi-stitched lehengas to unstitched cholis and designer sarees, find the perfect outfit for any wedding or party. Quality craftsmanship meeting unmatched affordability",https://cdn.shopify.com/s/files/1/0510/4114/0925/files/blfabric.svg?v=1676479407,Gujarat,2026-09-29T23:39:50.840863+00:00
9999ab4a2fc8bf32,https://www.awwalboutique.com/,"[""awwalboutique@gmail.com"", ""support@awwalboutique.com""]",[],"{""Facebook"": [""https://facebook.com/awwalboutiqueretail""], ""Instagram"": [""https://instagram.com/awwal_boutique""], ""YouTube"": [""https://youtube.com/channel/UCpGUW2-nffVKxTaCklvJIPw""]}",Apparel,Buy Latest Original Pakistani Suits at best prices only online at awwalboutique.com,https://www.awwalboutique.com/cdn/shop/files/Logo-New02.png?v=1631525489&width=300,Maharashtra,2026-09-30T03:57:18.810854+00:00
dd3ac7012b23ca6d,https://nuttyyogi.com/,"[""pallavi@nuttyyogi.com""]",[],"{""Facebook"": [""https://facebook.com/nuttyyogi""], ""Instagram"": [""https://instagram.com/nuttyyogi""], ""YouTube"": [""https://youtube.com/@nuttyyogi1976""]}",Food & nutrition,"Nutrition is our only tradition. Order a delicious range of daily essentials, gluten-free flours, healthy snacks, immunity builders and much more.",https://nuttyyogi.com/cdn/shop/files/Nutty_Yogi_Logo_259x.png?v=1674624276,Karnataka,2026-09-29T23:52:42.551514+00:00
f6d1a924fc2a63f5,https://www.jeeaayanu.in/,"[""info@jeeaayanu.in""]","[""+919023005439""]","{""Facebook"": [""https://facebook.com/jeeaayanuofficial""], ""Instagram"": [""https://instagram.com/jeeaayanuofficial""], ""YouTube"": [""https://youtube.com/@jeeaayanuoffical8641""]}",Apparel,"Jeeaayanu: Your destination for stylish & comfortable Indian Ethnic Wear for Women in all Sizes (S-4XL). Explore Our - tunic tops, kurtas, dresses, & Co-ord Sets.",https://www.jeeaayanu.in/cdn/shop/files/IMG_5670_400x_469ec200-3379-4c2b-aa38-58fb1b50ee93.png?v=1707543478&width=140,Gujarat,2026-09-30T03:59:07.509973+00:00
05eb202a09a114f6,https://thecaseflick.in/,"[""hello@kenzio.in""]","[""+919825796258""]",{},,,https://thecaseflick.in/cdn/shop/files/the-case-flick-header-mark.jpg?height=48&v=1788341918,Gujarat,2026-09-29T23:29:47.643003+00:00
3192437848c7fb82,https://www.rico.in/,"[""service@rico.in""]","[""+918879444877""]","{""Facebook"": [""https://facebook.com/Ricoindiaofficial""], ""Instagram"": [""https://instagram.com/ricoappliances""], ""LinkedIn"": [""https://linkedin.com/company/rico-home-appliances""], ""YouTube"": [""https://youtube.com/c/RicoHomeKitchenAppliances""]}",Home appliances,Rico is a world-class & most trusted Home & Kitchen Appliances brand. Rico was the first company to introduce mixer grinders in India,https://www.rico.in/cdn/shop/files/Logo_160x.jpg?v=1641453625,Maharashtra,2026-09-29T23:34:59.214233+00:00
58dc0e6b7b7eb26e,https://kanakavalli.com/,"[""customercare@kanakavalli.com""]","[""+914442120266"", ""+918754448349""]","{""Facebook"": [""https://facebook.com/TheKanakavalliEdit""], ""Instagram"": [""https://instagram.com/thekanakavalliedit""], ""YouTube"": [""https://youtube.com/channel/UCbdsR-lkHqO-_WszIWUPJ9w""]}",,"Kanakavalli curates a selection of India's most beautiful sari crafts, handloomed by master weavers, alongwith a selection of accessories.",https://kanakavalli.com/cdn/shop/files/April_2021_logos_Stacked_f7f7f5_256x256_9a7d5856-7505-40e2-8e77-90afca1d7428.png?v=1631076378&width=256,Tamil Nadu,2026-09-29T23:39:59.554375+00:00
7a63576928efcb53,https://www.solara.in/,"[""support@solara.in""]","[""+917989934526"", ""+919676332222""]","{""Facebook"": [""https://facebook.com/solaraindia""], ""Instagram"": [""https://instagram.com/solaraindia""], ""X"": [""https://x.com/solaraindia""], ""YouTube"": [""https://youtube.com/c/solarahome""]}",Home & living,"Shop SOLARA air fryer ovens, pre-seasoned cast iron, triply cookware & cold press juicers. Free delivery across India, COD, EMI & 1-year warranty.",https://www.solara.in/cdn/shop/files/logo-black.png?v=1708487564&width=354,Telangana,2026-09-29T23:44:34.317823+00:00
7e78de07da978ba2,https://www.adilqadri.com/,"[""info@adilqadri.com""]","[""+918885978692""]","{""Facebook"": [""https://facebook.com/adilqadriofficial""], ""Instagram"": [""https://instagram.com/adilqadriofficial""], ""YouTube"": [""https://youtube.com/channel/UCdlK1zCwpHJuNjWVnGsbzrw""]}",Beauty & fragrance,"Adilqadri Is a Premium Fragrance Brand In india, With a Range of Attars, Bakhoor Sticks, Deodrants, Car Freshners, Room Frenshners, Essential Oils Etc",https://www.adilqadri.com/cdn/shop/files/Logo.png?v=1694244694&width=280,Gujarat,2026-09-29T23:44:54.406758+00:00
94db6b9c8634ea52,https://www.shopcapsul.com/,"[""info@shopcapsul.com"", ""meenakshisingh@capsul.co.in"", ""shopcapsul@gmail.com""]","[""+916344669595"", ""+916366449595""]","{""Facebook"": [""https://facebook.com/capsulshop""], ""Instagram"": [""https://instagram.com/capsulindia""], ""X"": [""https://x.com/capsul__""]}",Apparel,"We bring you streetwear products that are conversation starters. If you know you know ;-) We currently stock Stussy, The Hundreds, Chinatown Market, HUF, Carhartt WIP - all OGs in the streetwear space.",https://www.shopcapsul.com/cdn/shop/files/capsul_2_85x.jpg?v=1684238807,Karnataka,2026-09-29T23:46:57.295810+00:00
a01f699f1b1a6e0d,https://www.mcleodrussel.co/,"[""hello@mcleodrussel.co""]","[""+919903096991""]","{""Facebook"": [""https://facebook.com/McleodRusselLtd""], ""Instagram"": [""https://instagram.com/mcleodrussel""], ""X"": [""https://x.com/mcleod_russel""]}",Coffee & tea,"Planters of the finest teas since 1869, McLeod Russel is India's largest producer. Spread over 46 lush estates across India, Africa and Vietnam, the freshest handpicked leaf is blended and vacuum packed straight from our farms. We sell 3 billions cups every year across the world.",https://www.mcleodrussel.co/cdn/shop/files/mcleod_logo_1000x1000.png?v=1626251598,West Bengal,2026-09-29T23:47:43.447311+00:00
d06342b21c6ceb46,https://greenways.co/,"[""4greenways.com@gmail.com"", ""info@greenways.co""]","[""+911123415740"", ""+917303653721"", ""+918448553721"", ""+918448837721"", ""+918800223721"", ""+918800516066"", ""+919599157721"", ""+919910553721""]","{""Facebook"": [""https://facebook.com/greenwaysdelhi""], ""Instagram"": [""https://instagram.com/greenwaysdelhi""], ""YouTube"": [""https://youtube.com/@greenways2865""]}",Apparel,"Shop Women clothing Saree, Dress Material, Suit, Kurti and Dupatta Online in India. Buy latest collection of Women clothes Online Shop at Greenways",https://greenways.co/cdn/shop/files/logo_2.png?v=1736227106&width=600,,2026-09-29T23:52:03.398870+00:00
dcdcf2fb78106b42,https://bluetyga.com/,"[""contact@bluetyga.com""]","[""+916381749310"", ""+918015559753""]","{""Facebook"": [""https://facebook.com/BLUETYGA""], ""Instagram"": [""https://instagram.com/blue_tyga""], ""LinkedIn"": [""https://linkedin.com/company/blue-tyga""], ""X"": [""https://x.com/BlueTygaIndia""], ""YouTube"": [""https://youtube.com/channel/UCYluvjEzU0qR3Pj5YZr7dFQ""]}",Apparel,"Discover Bluetyga’s engineered techwear and UV protection clothing designed to solve everyday discomfort. From long workdays and daily travel to sun exposure and outdoor routines, our performance apparel delivers breathable comfort, functional design, and effortless versatility for all-weather, all-day wear.",https://bluetyga.com/cdn/shop/files/BLUE_TYGA_LOGO.svg?v=1756735773&width=214,Tamil Nadu,2026-09-29T23:52:39.753784+00:00
e984c01b4d0fe189,https://kitchenmart.co.in/,"[""chetan@kitchenmart.co.in"", ""sales@kitchenmart.co.in""]","[""+917090050090"", ""+918861929966"", ""+919986937662""]","{""Facebook"": [""https://facebook.com/kitchenmartBANGALORE""], ""Instagram"": [""https://instagram.com/kitchenmart2""], ""YouTube"": [""https://youtube.com/channel/UC6i9tXFRSZK0IjzEwhXlJFA""]}",,"Buy premium kitchen appliances, cookware, stainless steel utensils & more at unbeatable wholesale prices. Trusted by thousands across India. Shop Kitchen Mart today!",https://kitchenmart.co.in/cdn/shop/files/Kitchen_Mart_b15820aa-7665-49f1-8be9-10450f8bc74f_410x.jpg?v=1613519282,Karnataka,2026-09-29T23:53:20.629840+00:00
f2146bf1e01a170c,https://www.bigcup.in/,"[""bigcupcoorg@gmail.com""]","[""+66638342650"", ""+917077721619"", ""+917760444777"", ""+918272298400"", ""+918762327000"", ""+919019401792"", ""+919448106100"", ""+919980246600""]","{""Facebook"": [""https://facebook.com/CoorgBigCupCafe""], ""Instagram"": [""https://instagram.com/bigcupcafecoorg""]}",,,https://www.bigcup.in/cdn/shop/files/BC_logo_copy_2_731e90f8-2e8c-4b50-9514-d455a091d950_80x.png?v=1710891584,Karnataka,2026-09-30T00:07:17.560346+00:00
0a1390dc13aaf4ed,https://www.sundayrest.com/,"[""hello@sundayrest.com""]","[""+918047494649""]","{""Facebook"": [""https://facebook.com/MySundayRest""], ""Instagram"": [""https://instagram.com/mysundayrest""], ""Pinterest"": [""https://pinterest.com/MySundayRest""], ""X"": [""https://x.com/sundaybeds""], ""YouTube"": [""https://youtube.com/c/SundayRest""]}",,"At Sunday®, we spent 12 months researching the perfect bed mattress. We believe we have cracked it. Made in India, using the latest technology and exceptional materials. Try our bed today!",https://www.sundayrest.com/cdn/shop/t/223/assets/Logo_White-01.svg?v=127586549169308848931742447686,Karnataka,2026-09-29T23:30:38.554922+00:00
14eadb21e216c403,https://nativemilk.co.in/,"[""abinash@nativemilk.co.in"", ""contact@nativemilk.co.in"", ""rohny@nativemilk.co.in""]","[""+918042300690"", ""+919769503594"", ""+919820466912""]","{""Facebook"": [""https://facebook.com/nativemilkindia""], ""Instagram"": [""https://instagram.com/nativemilk""]}",Food & nutrition,"Native Milk brings online the best Farm Fresh Desi Cows A2 Ghee, A2 Paneer, A2 Curd, Mishti Doi, Chenna Poda and A2 Milk Near me in Mumbai and Pune with home delivery facility. Order today!",https://nativemilk.co.in/cdn/shop/files/NA2TIVE_LOGO-01_9d904932-2979-4cef-95c1-3ad9b07f045c_135x.png?v=1660053778,Maharashtra,2026-09-29T23:31:59.969323+00:00
33e19e36690987ab,https://kaffacerrado.com/,"[""coffee@dalmiainfra.com"", ""krittivas@kaffacerrado.com"", ""support@kaffacerrado.com""]","[""+911141326705""]","{""Facebook"": [""https://facebook.com/kaffacerrado""], ""Instagram"": [""https://instagram.com/kaffacerrado""], ""X"": [""https://x.com/KaffaCerrado""], ""YouTube"": [""https://youtube.com/channel/UC2OWCLRcmmLSH_ocwJvctFA""]}",Coffee & tea,Coffee Roasters - Exploring coffees from across the world. We stock the widest selection of coffees roasted fresh!,https://kaffacerrado.com/cdn/shop/files/LOGO_9ab958a2-5f42-4fde-a16d-b4dd7ff3b1ee.png?v=1695109832&width=600,Delhi,2026-09-29T23:35:13.262388+00:00
3a07bd46d11f4058,https://theexoteas.com/,"[""dropship@theexoteas.com"", ""help@theexoteas.com"", ""info@theexoteas.com"", ""orders@theexoteas.com"", ""support@theexoteas.com"", ""theexoteas@gmail.com""]",[],"{""Facebook"": [""https://facebook.com/exoteas""], ""Instagram"": [""https://instagram.com/exoteas_official""], ""YouTube"": [""https://youtube.com/channel/UCC2159lVPG0JgZlx_lzdrIA""]}",Coffee & tea,"Shop premium loose leaf teas, herbal infusions, and wellness blends. Discover authentic flavors, tea samplers, and curated collections crafted for quality and everyday enjoyment.",https://theexoteas.com/cdn/shop/files/ExoTeas.svg?v=1679762020&width=500,West Bengal,2026-09-29T23:35:43.682530+00:00
3a2abc2b27fac5a3,https://beforebritishraj.com/,"[""beforebritishraj@gmail.com""]",[],"{""Instagram"": [""https://instagram.com/beforebritishraj""]}",Coffee & tea,"We are a group of Coffee and Tea enthusiasts whose love for beverages has led us to delve deep into the world of production and a myriad of different factors such as moisture content, roasting time, brewing temperature etc. affect the taste and texture of the drink in the subtlest but most meaningful of ways.",https://beforebritishraj.com/cdn/shop/files/bbr_black_x60.png?v=1614320832,Delhi,2026-09-29T23:35:44.532116+00:00
414ce3c6fbdc26a2,https://prokicksports.com/,"[""info@prokicksports.com"", ""support@prokicksports.com""]","[""+919620569433"", ""+919632722009""]","{""Facebook"": [""https://facebook.com/prokicksports""], ""Instagram"": [""https://instagram.com/prokicksportsstudio""]}",Apparel,"Prokicksports is India's Leading Online Sports Store with the widest collection of Sports Gears ranging from Cricket, Badminton, Tennis, Swimming, Basketball and Football at most affordable prices",https://prokicksports.com/cdn/shop/files/NEW_PROKICK_SPORTS_BLACK_RED.png?v=1664046854,Karnataka,2026-09-29T23:36:15.590503+00:00
4afec46e83239633,https://sofapotato.in/,"[""enquiry@sofapotato.in""]","[""+911204135222"", ""+917702151434"", ""+918929296396"", ""+918929486289""]",{},Home & living,"Explore a curated selection of stylish sofas, furniture, and home decor at SofaPotato. Find the perfect pieces to elevate your living space with comfort and personality. Shop now for quality and design that complements your lifestyle.",https://sofapotato.in/cdn/shop/files/SOFAPOTATO-LOGO-RGB-1_large.png?v=1710995941,,2026-09-29T23:37:58.850927+00:00
7d88c41c00f6412d,https://buildpro.store/,"[""online@shankarabuildpro.com""]","[""+917411773709"", ""+919900851111""]","{""Facebook"": [""https://facebook.com/buildpro.store""], ""Instagram"": [""https://instagram.com/shankara_buildpro""], ""LinkedIn"": [""https://linkedin.com/company/shankara-building-products-ltd""], ""X"": [""https://x.com/BuildproStore""], ""YouTube"": [""https://youtube.com/channel/UCR8qUsGgigV_eobfd3pTfcA""]}",,"One Stop Shop for all your Faucets, tap, bath accessories, sanitaryware & kitchen fittings at the best price online. 125+ retail stores across India. Brand: Jaquar, Parryware, Kohler, Aquant & more",,Karnataka,2026-09-29T23:44:40.371569+00:00
817306d0add2574c,https://www.whatsupwellness.in/,"[""care@whatsupwellness.in"", ""grievance.officer@whatsupwellness.in""]","[""+917003492827"", ""+917827974038""]","{""Facebook"": [""https://facebook.com/people/Whats-Up-Wellness/100063781614427""], ""Instagram"": [""https://instagram.com/mrmakhija"", ""https://instagram.com/sayantani93"", ""https://instagram.com/whatsupwellness.in""], ""LinkedIn"": [""https://linkedin.com/in/sayantanimandal"", ""https://linkedin.com/in/vaibhavmakhija""], ""X"": [""https://x.com/wuw_in""], ""YouTube"": [""https://youtube.com/@whats_up_wellness""]}",Health & wellness,"Clinically formulated supplements for people who want peak wellness, without strict routines! Our products solve numerous wellness issues affecting the busy daily lives of Indians - from sleep,weight loss, gut health to liver support, recovery & hydtration.",https://www.whatsupwellness.in/cdn/shop/files/rectangle_WUW_logo1x_120x.svg?v=1708696270,Haryana,2026-09-29T23:46:01.750122+00:00
d001bc04a60da8a2,https://www.bruchiclub.com/,"[""info@bruchiclub.com""]","[""+918010256452""]","{""Facebook"": [""https://facebook.com/bruchiclub16""], ""Instagram"": [""https://instagram.com/bruchiclub""], ""LinkedIn"": [""https://linkedin.com/company/bruchiclub""], ""X"": [""https://x.com/BruchiClub""], ""YouTube"": [""https://youtube.com/@bruchiclub1479""]}",Apparel,Shop Bruchi Club — eco-friendly underwear & bra that celebrates body positivity and everyday comfort. Designed for men and women who embrace their shape and care for the planet. | Summer Sale 2026 Live !,https://www.bruchiclub.com/cdn/shop/files/bruchi_club_logo.png?v=1700359683&width=600,Uttar Pradesh,2026-09-29T23:52:11.602291+00:00
e2d973d6b8cfa6bc,https://pastelsandpop.com/,"[""design@pastelsandpop.com"", ""info@pastelsandpop.com""]","[""+919632028194"", ""+919663391638""]","{""Facebook"": [""https://facebook.com/pastelsandpop""], ""Instagram"": [""https://instagram.com/pastelsandpop""], ""X"": [""https://x.com/pastelsandpop""]}",,"Shop handcrafted jutti for women & men online at Pastels & Pop. Buy silk, zardozi & embroidered Punjabi juttis for weddings, festive & daily wear. Free worldwide shipping. Shop Now!",,Karnataka,2026-09-29T23:52:56.646962+00:00
ecd5e8627beb7371,https://www.urbanspacestore.in/,"[""helpdesk@urbanspacestore.in"", ""sale.urbanespace@gmail.com"", ""urbanspacestorecare@urbanspacestore.in""]","[""+917228870844"", ""+919243033033"", ""+919724851179""]","{""Instagram"": [""https://instagram.com/urbanspacestore.in""], ""LinkedIn"": [""https://linkedin.com/company/urban-space-store""], ""Pinterest"": [""https://pinterest.com/urbanspacestore1""], ""YouTube"": [""https://youtube.com/@urbanspacestore""]}",Home & living,"Urban Space offers a notable home décor products from curtains, bed linen, dohar blankets, bed cover, mats & rugs, table linen online at your door steps.",https://www.urbanspacestore.in/cdn/shop/files/high_logo_2.png?v=1755941582&width=3527,Gujarat,2026-09-29T23:53:39.602391+00:00
f82c67578332f294,https://www.truefittandhill.in/,"[""ecom@truefittandhill.in"", ""feedback@truefittandhill.in"", ""info@truefittandhill.in"", ""marketing@truefittandhill.in""]","[""+912262918111"", ""+918657989228""]","{""Facebook"": [""https://facebook.com/TruefittAndHillIndia""], ""Instagram"": [""https://instagram.com/truefittandhill_in""], ""YouTube"": [""https://youtube.com/channel/UC_li2vTtNppM7AyM64B-8uQ""]}",,"Discover Truefitt & Hill, the world's oldest barbershop and luxury grooming brand. Shop premium shaving, haircare, skincare, and fragrance products for men, crafted with excellence and tradition. Elevate your grooming routine with our refined selection of high-quality essentials",https://www.truefittandhill.in/cdn/shop/files/Logo-WB.png?v=1757571245&width=496,Maharashtra,2026-09-30T00:08:22.351235+00:00
84e9d822b092006e,https://leaclothingco.com/,"[""partnerships@leaclothingco.com"", ""support@leaclothingco.com""]","[""+919599949133"", ""+919667029015""]","{""Instagram"": [""https://instagram.com/leaclothingco""], ""YouTube"": [""https://youtube.com/@LeaClothingCo""]}",Apparel,"Lea is made for real women, with real curves, to celebrate and accentuate the skin that they're in. Go ahead, build an ethical closet with Lea!",https://leaclothingco.com/cdn/shop/files/Lea_Clothing_Logo.png?height=100&v=1747652133,Uttar Pradesh,2026-09-30T03:57:23.415122+00:00
aba6c9090bc52933,https://www.klotthe.com/,"[""channel@famhome.in"", ""info@klotthe.com""]","[""+918077671166""]","{""Facebook"": [""https://facebook.com/Klotthe-102290251181597""], ""Instagram"": [""https://instagram.com/klotthe""], ""X"": [""https://x.com/klotthe""], ""YouTube"": [""https://youtube.com/channel/UCp-LEfeWQ9241ry5uYxv0qw""]}",Home & living,"Online Shopping Store for Bedding & Lifestyle products. Best Online store to buy good quality King size bedsheets, menswear, women wear and bath towels.",,Uttar Pradesh,2026-09-29T23:49:32.127610+00:00
d070734494a1a343,https://alba-watches.co.in/,"[""team@alba-watches.co.in""]","[""+916366864492"", ""+917510242424"", ""+918662480916"", ""+918912528916"", ""+919059737544"", ""+919885877188"", ""+919892881780"", ""+919999753533""]","{""Facebook"": [""https://facebook.com/AlbaWatchesIN""], ""Instagram"": [""https://instagram.com/albawatchesin""], ""YouTube"": [""https://youtube.com/channel/UCSyfYTGFF5mcJ-ULP6Nto0g""]}",Watches & eyewear,,https://alba-watches.co.in/cdn/shop/files/logo20_200x.png?v=1614340115,Karnataka,2026-09-29T23:52:11.961344+00:00
9f6b6d6956c68572,https://www.indianartvilla.com/,"[""care1@indianartvilla.in""]",[],"{""Facebook"": [""https://facebook.com/indianartvilla""], ""Instagram"": [""https://instagram.com/indianartvilla""], ""X"": [""https://x.com/indianartvilla""], ""YouTube"": [""https://youtube.com/c/IndianArtVilla""]}",Home & living,"Shop pure copper water bottles, jugs & tumblers, handcrafted brass home decor, and Moscow Mule mugs. Ayurvedic, artisan-made. Ships to US, UK, Canada & Australia.",https://www.indianartvilla.com/cdn/shop/files/bold_logo_png_1_150x_4442e162-4e7e-4c75-baae-471344993aba_small.avif?v=1773059449,Rajasthan,2026-09-29T23:47:49.351731+00:00
5c90715de9f1d22e,https://spicedrop.co.in/,"[""spicedrop@universaloleoresins.com""]","[""+917907284103""]","{""Facebook"": [""https://facebook.com/SpicedropIndia""], ""Instagram"": [""https://instagram.com/spicedropindia""], ""YouTube"": [""https://youtube.com/@spicedrop7471""]}",Coffee & tea,"Buy Indian Spice Extract online at Spice E-Shop. 100% natural Spice Extract for Cooking. Garlic, Cinnamon, Ginger, Masala Chai Extract + more spice extract.",https://spicedrop.co.in/cdn/shop/files/Frame_2147227185_75x.png?v=1778484537,Kerala,2026-09-29T23:40:35.832576+00:00
7f14eacf8ca7132b,https://bespokehomejewels.com/,"[""design@bespokehomejewels.com"", ""info@bespokehomejewels.com"", ""mumbai@bespokehomejewels.com""]","[""+911140073351"", ""+919619220522"", ""+919811228856""]","{""Facebook"": [""https://facebook.com/bespokehomejewels""], ""Instagram"": [""https://instagram.com/bespokehomejewels""]}",Toys & games,,https://bespokehomejewels.com/cdn/shop/files/logo_120x.jpg?v=1619429096,Delhi,2026-09-29T23:45:07.456897+00:00
01bcf0cdf206d157,https://shop.blown.co.in/,"[""customer.care@blown.co.in""]","[""+916360328014""]","{""Facebook"": [""https://facebook.com/Blowntheblowdrybar""], ""Instagram"": [""https://instagram.com/blown.in""]}",,Self-care is about feeling beautiful - We’ve put together all the must-have personal care essentials for you beautiful people! Shop for your favorite products safely and from the comfort of your home. Stay safe and stay beautiful!,https://shop.blown.co.in/cdn/shop/files/Blown_Logo_300x.png?v=1613703374,Karnataka,2026-09-29T23:29:32.282535+00:00
2cbc4a69ccdffe7a,https://thenaturesway.in/,"[""info@thenaturesway.in""]","[""+919687981183""]","{""Facebook"": [""https://facebook.com/thenaturesway.in""], ""Instagram"": [""https://instagram.com/thenaturesway.in""], ""X"": [""https://x.com/thenatureswayin""]}",Food & nutrition,"Discover premium healthy food and herbal personal care by The Natures Way. 100% natural, traditionally crafted, and rooted in ancient Indian wisdom.",https://thenaturesway.in/cdn/shop/files/New_Logo_Design_2024_PNG.png?v=1725370558&width=600,Gujarat,2026-09-29T23:34:14.865706+00:00
2d962fce5192ee29,https://statusquo.in/,"[""info@statusquo.in"", ""online@statusquo.in""]",[],"{""Facebook"": [""https://facebook.com/StatusQuoIndia""], ""Instagram"": [""https://instagram.com/statusquoindia""]}",Apparel,"STATUS QUO: Shop latest fashion clothing and trends for men, women and boys online. Explore find T shirts, Sweatshirts, Sweater, Jacket, Joggers, Shorts, Tracks & more",https://statusquo.in/cdn/shop/files/SqLogo2.png?format=webp&height=605&v=1773309147,Maharashtra,2026-09-29T23:34:14.876406+00:00
2ff51adda712d740,https://silverstore.in/,"[""hello@silverstore.in"", ""silverstore.in@gmail.com""]","[""+916353574770"", ""+917925353850"", ""+917925355271"", ""+919924960202""]","{""Facebook"": [""https://facebook.com/silverstore.in""], ""Instagram"": [""https://instagram.com/silverstore.in""], ""X"": [""https://x.com/silverstore_in""]}",Jewellery,"We are manufacturer and wholesaler of Pure Silver Utensils, Silver Coins-Bars and 92.5 Sterling Silver Designer Jewelry with semi-precious stones.",https://silverstore.in/cdn/shop/files/logo.png?v=1748235753&width=600,Gujarat,2026-09-29T23:34:27.775512+00:00
55bafc460d993c0f,https://zoey.in/,"[""connect@zoey.in""]","[""+916396919590"", ""+919068586693""]","{""Facebook"": [""https://facebook.com/connectzoey""], ""Instagram"": [""https://instagram.com/connectzoey""], ""X"": [""https://x.com/connectzoey""]}",Apparel,"Zoey is India’s best homegrown baby brand, offering premium Made in India nursery essentials, personalized school bags & organic muslin apparel. Thoughtfully designed for your little one. Shop now!",,Uttar Pradesh,2026-09-29T23:39:25.487237+00:00
5924da4bb0953ab1,https://www.worldwide-mint.com/,"[""ramesh_ethiraj@hotmail.com""]","[""+919791065522""]","{""Facebook"": [""https://facebook.com/WorldWideMint""]}",Stationery & art,"Buy India Postage stamps online - India mint Stamp’s, Miniature sheet, Setenant, Sheetlet, Year pack 150th Birth Anniversary of Mahatma Gandhi, Foreign Thematic stamps Taiwan Philatelic accessories– Currency, Coin & Stamp Album Postal History, Postal Stationery, Currency Notes & Coins. No.1 online philately shop",https://www.worldwide-mint.com/cdn/shop/files/Worldwide-Mint_Logo_-_Copy_305x.PNG?v=1615924737,Tamil Nadu,2026-09-29T23:40:04.997820+00:00
793624efff8f227b,https://www.monishajaising.com/,"[""eboutique@monishajaising.com"", ""security@monishajaising.com""]","[""+919892214887"", ""+919920265655""]","{""Facebook"": [""https://facebook.com/MonishaJaising""], ""Instagram"": [""https://instagram.com/monishajaising""], ""Pinterest"": [""https://pinterest.com/Monishajaising7""], ""X"": [""https://x.com/Monisha_Jaising""], ""YouTube"": [""https://youtube.com/channel/UCc8ifGrcKL35w_OcUkhC4IQ""]}",Apparel,"Considered one of the pioneers of Indian fashion, Monisha Jaising’s designs express luxury in a contemporary, fresh and edgy way.",https://www.monishajaising.com/cdn/shop/files/2_2_210x.jpg?v=1646118385,Delhi,2026-09-29T23:44:05.902099+00:00
8fb17896463687f0,https://captainzack.in/,"[""info@captainzack.com"", ""info@captainzack.in""]","[""+917506115596"", ""+918431620000""]","{""Facebook"": [""https://facebook.com/captzackIndia""], ""Instagram"": [""https://instagram.com/capt.zack_India""]}",Hair care,"Pet Care Products, Pet Supply Store Captain Zack is India’s leading pet supply store with high-quality and safest pet care products. We offer the best dog shampoo, treats, and accessories for your dogs and cats. Talk to our vet for FREE. Cash on delivery and FREE shipping across India.",https://captainzack.in/cdn/shop/files/CZ_logo.png?v=1712834493,Maharashtra,2026-09-29T23:46:31.146365+00:00
96af2417025f9c61,https://www.shasakclothing.com/,"[""info@shasakclothing.com""]","[""+917737752625""]",{},Apparel,"Premium, comfortable ethnic wear for men in sizes S–10XL. Long kurtas, short kurtas & shirts with fast delivery across India.",https://www.shasakclothing.com/cdn/shop/files/shasak_logo_crown_coloured_high_resoVector_Smart_Object.png?height=30&v=1754662727,Rajasthan,2026-09-29T23:47:26.864033+00:00
a1e44bf928d34609,https://www.sakhifashions.com/,"[""contact@sakhifashions.com"", ""support@sakhifashions.com""]","[""+913233345355"", ""+918025252007"", ""+918041155551"", ""+919900033636"", ""+919902088725""]","{""Facebook"": [""https://facebook.com/SakhiFashions""], ""Instagram"": [""https://instagram.com/sakhifashions""], ""Pinterest"": [""https://pinterest.com/sakhifashions""], ""X"": [""https://x.com/sakhifashions""], ""YouTube"": [""https://youtube.com/user/SakhiFashions""]}",Apparel,"New Collection added daily ! Select from latest collection Indian designer sarees available online at sakhifashions Shop online now for designer Sari in kanjeevaram, tussar, organza, cotton, chiffon, silk ,lace sarees & more online worldwide doorstep delivery. Shop at home Free delivery in India. Sakhi by Chandras",,Karnataka,2026-09-29T23:48:33.836912+00:00
b077f506dad41109,https://uniherbs.in/,"[""info@uniherbs.in""]","[""+919898384106""]",{},Health & wellness,Uniherbs is a trusted ayurvedic supplements store with a wide range of ayurvedic medicines for your health and wellness. We offer the best quality ayurvedic medicines at affordable prices.,https://uniherbs.in/cdn/shop/files/31476_Uniherbs_India_logo_BJ-01_150x.png?v=1645536665,Gujarat,2026-09-29T23:50:17.154735+00:00
b3669eff55200ec1,https://namhyafoods.com/,"[""ridhima2812@gmail.com"", ""wecare@namhyafoods.com""]","[""+919622655894""]","{""Facebook"": [""https://facebook.com/namhyafoods""], ""Instagram"": [""https://instagram.com/namhyafoods""], ""X"": [""https://x.com/namhyafoods""]}",Health & wellness,"Namhya Foods offers the best quality natural ayurvedic and organic products for your health and wellness. Our products are 100% authentic, pure, and have no side effects. Shop our range of health food products Now.",https://namhyafoods.com/cdn/shop/files/logo.png?v=1703046240,Jammu and Kashmir,2026-09-29T23:50:06.343941+00:00
b5fecc305a498582,https://fleck.co.in/,"[""support@fleck.co.in""]",[],"{""Facebook"": [""https://facebook.com/FleckIndia""], ""Instagram"": [""https://instagram.com/fleckindia""], ""YouTube"": [""https://youtube.com/@fleck9212""]}",Home & living,Modern home goods for intentional living.,https://fleck.co.in/cdn/shop/files/inverse_logo.png?height=28&v=1768023792,Uttar Pradesh,2026-09-29T23:50:23.032647+00:00
bed9c724807ce289,https://brickbrown.com/,"[""care@brickbrown.com"", ""partners@brickbrown.com""]","[""+917817001515"", ""+917817001521""]","{""Facebook"": [""https://facebook.com/brickbrownofficial""], ""Instagram"": [""https://instagram.com/brickbrownofficial""], ""YouTube"": [""https://youtube.com/channel/UCF0Vxh8vmBVO0jZOSwqw9ag""]}",Home & living,"Discover premium handcrafted home décor and furniture at Brick Brown. Explore elegant wooden organizers, trays, roti boxes, cutlery holders, lamps, and more. Designed for style and functionality, our collection adds charm to any space. Shop now for timeless craftsmanship and quality!",https://brickbrown.com/cdn/shop/files/Brick-Brown-Logo.png?v=1614383979&width=600,Haryana,2026-09-29T23:51:16.518355+00:00
c15b165c86220471,https://ktusu.in/,"[""returns@ktusu.in"", ""support@ktusu.in""]","[""+919827797777""]","{""Facebook"": [""https://facebook.com/ktusuindia""], ""Instagram"": [""https://instagram.com/ktusuindia""], ""Pinterest"": [""https://pinterest.com/ktusuindia""], ""X"": [""https://x.com/ktusuindia""], ""YouTube"": [""https://youtube.com/@Ktusuindia""]}",Phone accessories,"Shop premium iPhone cases, silicone covers, Whoop straps, and mobile accessories in India. Fast delivery, best prices India’s trusted accessory store.",https://ktusu.in/cdn/shop/files/icons-light.webp?v=1772231591&width=500,Madhya Pradesh,2026-09-29T23:51:34.486227+00:00
d2e13f419760b678,https://www.worthing.in/,"[""support@worthing.in""]","[""+919654453029""]","{""Facebook"": [""https://facebook.com/worthing.in""], ""Instagram"": [""https://instagram.com/worthing.in""], ""X"": [""https://x.com/in_worthing""]}",Books & education,"Worthing is an Online Bookstore for Buying High Quality Used Books, Second Hand Books, Old Books, DC Comics, Marvel Comics, Hindi Books and New Books at the Lowest Prices with Free Delivery",,Delhi,2026-09-29T23:52:18.335637+00:00
f05ce8f3caf56ce1,https://oracura.in/,"[""info@oracura.in"", ""support@oracura.in""]","[""+9118001207201"", ""+912260227201"", ""+917738733700"", ""+919152880236""]","{""Facebook"": [""https://facebook.com/ORACURAsolutions""], ""Instagram"": [""https://instagram.com/oracura.in""], ""X"": [""https://x.com/ORACURA""], ""YouTube"": [""https://youtube.com/c/ORACURASolutions""]}",Health & wellness,Oracura is a leading developer and marketer of innovative dental healthcare products such as electric toothbrushes and cordless water jet flosser in India.,,Maharashtra,2026-09-30T00:07:19.580120+00:00
f552984d0b7dd86b,https://www.sweetdreams.in/,"[""care@sweetdreamsindia.com""]","[""+919327957803""]","{""Facebook"": [""https://facebook.com/Sweetdreamsindia""], ""Instagram"": [""https://instagram.com/sweetdreams.zzz""], ""X"": [""https://x.com/SD_Retails""], ""YouTube"": [""https://youtube.com/@sweetdreamsindia""]}",,"Shop the largest variety of pyjama sets, nighties, and coord-sets for Women and Men. Find thoughtfully designed sleepwear and loungewear from Sweet Dreams with fabrics engineered for deep rest. Experience the difference in your sleep today.",https://www.sweetdreams.in/cdn/shop/files/WHITE-LOGO_5188b332-e1f3-45dd-8b1c-257a7288df19.png?height=160&v=1771420646,Gujarat,2026-09-30T00:07:31.569788+00:00
0d2275add2d088f0,https://milletamma.com/,"[""eatright@milletamma.com"", ""orders@milletamma.com""]","[""+917624818628"", ""+917624979333""]","{""Facebook"": [""https://facebook.com/MilletAmma""], ""Instagram"": [""https://instagram.com/milletamma""], ""LinkedIn"": [""https://linkedin.com/company/72666562""], ""X"": [""https://x.com/Millet_Amma""], ""YouTube"": [""https://youtube.com/@milletamma4725"", ""https://youtube.com/channel/UCsUo2v0CcPDSPklFye2rYUA""]}",Food & nutrition,"From the heart of a home maker Millet Amma brings you the best organic millets and millet based products to manage your lifestyle and health better. We are not just a health foods company but we ensure our products are tasty, have the highest amount of millets and cater to everyone in the family",https://milletamma.com/cdn/shop/files/Millet_Amma_logo_2_140x.png?v=1632918109,Karnataka,2026-09-29T23:31:03.937664+00:00
2c63a6dc149c4206,https://hempworks.in/,"[""info@hempworks.in""]","[""+918851293570"", ""+919354403258""]",{},Health & wellness,"Explore Ayurvedic sleep and wellness rituals with Ananta Hempworks. Discover natural relaxation practices, better sleep support, and holistic daily wellness.",https://hempworks.in/cdn/shop/files/Ananta_Logo_High_1080x.png?v=1654060131,Delhi,2026-09-29T23:34:04.500007+00:00
4e52e83bdf3cbe1f,https://www.maximcreation.com/,"[""info@maximcreation.com"", ""sales@maximcreation.com""]","[""+917718836636"", ""+919930811690""]","{""Facebook"": [""https://facebook.com/MaximCreation""], ""Instagram"": [""https://instagram.com/maxim_creation""], ""YouTube"": [""https://youtube.com/@MaximCreation""]}",Apparel,"Maxim Creation is your mecca for women's Customized Ethnic Wear. Get Traditional Hand Embroidery Jalabiya & custom stitched Takchita with free global shipping options. Islamic & Cultural Occasional Wear in various personalized style, design, cut and more. We specialize in Haute Couture Embroidered Maxi Robes For Women.",https://www.maximcreation.com/cdn/shop/files/Maxim-Creation_png_3c357fba-c1a9-4581-ac68-6aab7c1c10cc.png?v=1667478934&width=1445,Maharashtra,2026-09-29T23:38:46.637152+00:00
7d1ddd70688cebe1,https://zola.in/,"[""info@pragatifashions.com"", ""orders@zola.in""]","[""+918850316394"", ""+919820117585""]","{""Facebook"": [""https://facebook.com/ZolaFashions""], ""Instagram"": [""https://instagram.com/zolafashions""], ""X"": [""https://x.com/zolafashions""], ""YouTube"": [""https://youtube.com/channel/UCcZpBsNJsiW9ZLIGTg6ALYQ""]}",Apparel,"Explore ethnic wear for women online with Zola. Shopping with wide range of kurtis, Kurta sets, Ethnic wear, Chikankari, Salvar suit, Tunics etc.",https://zola.in/cdn/shop/files/zola_logo_20bec6e2-db64-484c-9e36-911559c567f5_180x.png?v=1686308651,Maharashtra,2026-09-29T23:44:21.988594+00:00
f7310a28de5fbe86,https://lachi.in/,"[""contact@lachi.in""]","[""+919015022222""]","{""Facebook"": [""https://facebook.com/LachiIndia01""], ""Instagram"": [""https://instagram.com/lachiindia""]}",Gifts & personalization,"Shop premium cash boxes & gaddi boxes for shagun, wedding money gifts, and personalized stationery at Lachi. Handcrafted designer money boxes online in India.",https://lachi.in/cdn/shop/files/new-logo-removebg-preview_23e1918e-6572-4044-a785-0da7a004e80b_1.png?v=1775819874&width=500,Delhi,2026-09-30T00:08:08.090322+00:00
2c2ffe96e0585659,https://www.mumkins.in/,"[""ataljit@mumkins.in"", ""cs@mumkins.in"", ""customersupport@mumkins.in"", ""investor@bigshareonline.com"", ""support@mumkins.in""]","[""+912262638200"", ""+912262638299"", ""+917230004281"", ""+918655881729"", ""+919001089989""]","{""Facebook"": [""https://facebook.com/themumkins""], ""Instagram"": [""https://instagram.com/mumkins.in""], ""Pinterest"": [""https://pinterest.com/mumkinsofficial""], ""X"": [""https://x.com/mumkins_seeds""], ""YouTube"": [""https://youtube.com/@mumkinskidswear""]}",Apparel,"Discover trendy party wear dresses for kids at Mumkins. Shop stylish outfits for boys and girls including gowns, suits, frocks & festive wear online.",https://www.mumkins.in/cdn/shop/files/mumkins-logo.webp?v=1669969052&width=130,Rajasthan,2026-09-29T23:34:03.477258+00:00
2e654c855172c49f,https://wowstores.in/,"[""help.wowstores@gmail.com""]",[],{},,"Buy Smart Watch, Gaming Controllers & Mobile Accessories at the best prices in India.",https://wowstores.in/cdn/shop/files/Untitled-18.jpg?v=1614349172,Delhi,2026-09-29T23:34:14.873110+00:00
6b4ef56b9d10823b,https://tomberamoureux.in/,"[""hi@tomberamoureux.in""]","[""+918800558956""]","{""Instagram"": [""https://instagram.com/tomberamoureuxin""]}",Apparel,"Shop best women western dresses, jumpsuits, party wear tops and bottoms, jewellery, perfumes and the latest trendy girl’s fashion online at Tomber Amoureux. Order now!",https://tomberamoureux.in/cdn/shop/files/ta_logo-01_485122eb-b964-48a7-b706-81395d8f4d5c.png?height=47&v=1779643110,Uttar Pradesh,2026-09-29T23:42:15.631909+00:00
9fb6957fb981d38a,https://pronk.in/,"[""support@pronk.in""]","[""+917743083890"", ""+918360405145""]","{""Facebook"": [""https://facebook.com/pronk.official""], ""Instagram"": [""https://instagram.com/pronk.official""]}",Apparel,"Online Store for Men & Women Casual Wear. Premium collection of T-Shirts, Shirts, Joggers, Parachute Pants, Lowers, Sweatshirt & Hoodies, Shackets, Oversized Printed T-Shirts at affordable prices.",https://pronk.in/cdn/shop/files/pronk_logo_white.png?v=1751700529&width=240,West Bengal,2026-09-29T23:48:04.576254+00:00
a88c44da023859c7,https://originate.in/,"[""care@originate.in""]","[""+918800825496"", ""+919625319356""]","{""Facebook"": [""https://facebook.com/Originate.in""], ""Instagram"": [""https://instagram.com/originate.in""]}",,"Upgrade your wardrobe with our stylish western dress for women wear. From casual to chic, we have the perfect dress for every occasion in women's wear. Shop now and enjoy fast, free shipping.",https://originate.in/cdn/shop/files/Originate-sticker-2-inch.png?v=1625035997&width=280,Haryana,2026-09-30T03:57:54.522027+00:00
ca9b309e38b58897,https://medansh.in/,"[""complaints@meddey.com"", ""cs@meddey.com"", ""operations@meddey.com""]","[""+918586012345""]",{},Home & living,,https://medansh.in/cdn/shop/files/medansh_logo_2000.png?v=1696596507&width=90,Delhi,2026-09-29T23:51:52.095522+00:00
d45fc8a04d8b6fdc,https://www.aina.in/,"[""care@aina.in""]","[""+918157005700""]","{""Facebook"": [""https://facebook.com/tnsaina""], ""Instagram"": [""https://instagram.com/aina.india""]}",Apparel,"Aina is a story created over decades by crafting premium and versatile indigenous Indian wear, fit for women across all spheres. Aina lauds our culture, magnifies our roots, and celebrates the quintessential Indian experience of womanhood.",https://www.aina.in/cdn/shop/files/AINA_slim_vector_12f928f0-cd33-4f40-81aa-b6b0ed42a411.png?v=1687625068&width=376,Kerala,2026-09-29T23:52:38.816032+00:00
